auth_failures,unique_ports,connection_rate,packet_rate,bytes_out,label
0,2,4.42,20.57,1803,NORMAL
1,4,4.45,6.64,1352,NORMAL
25,4,21.91,115.31,1531,BRUTE_FORCE
13,2,9.99,85.78,4269,BRUTE_FORCE
1,43,45.37,97.51,6719,PORT_SCAN
26,3,20.06,73.89,2142,BRUTE_FORCE
0,3,5.82,7.96,2317,NORMAL
0,17,21.92,131.73,4660,PORT_SCAN
1,1,3.06,15.78,1953,NORMAL
1,33,51.53,152.27,4209,PORT_SCAN
3,47,54.48,161.93,4612,PORT_SCAN
20,1,22.67,85.6,2021,BRUTE_FORCE
2,30,33.85,155.55,6284,PORT_SCAN
2,37,55.72,132.4,3031,PORT_SCAN
1,2,1.54,10.06,2260,NORMAL
2,59,29.39,177.81,5743,PORT_SCAN
10,4,12.71,70.14,2810,BRUTE_FORCE
3,37,30.75,92.55,9913,PORT_SCAN
16,1,13.38,101.75,4847,BRUTE_FORCE
0,4,2.51,19.97,708,NORMAL
3,26,49.41,168.1,7872,PORT_SCAN
26,4,18.61,44.55,2160,BRUTE_FORCE
1,33,33.04,157.78,4649,PORT_SCAN
12,1,19.65,71.89,2118,BRUTE_FORCE
1,1,3.33,17.38,1142,NORMAL
2,4,2.05,22.44,1878,NORMAL
0,39,54.94,219.75,4888,PORT_SCAN
1,1,3.43,29.96,649,NORMAL
2,36,31.9,83.52,9704,PORT_SCAN
14,3,16.8,72.92,2580,BRUTE_FORCE
12,2,8.05,50.7,1762,BRUTE_FORCE
25,2,22.95,46.81,4198,BRUTE_FORCE
20,1,14.36,77.5,4662,BRUTE_FORCE
0,2,1.53,5.23,2245,NORMAL
0,4,1.94,12.67,1917,NORMAL
10,3,11.22,70.7,1880,BRUTE_FORCE
2,3,1.5,8.94,2481,NORMAL
1,3,5.29,26.61,1582,NORMAL
22,2,12.31,58.6,4818,BRUTE_FORCE
0,36,53.45,94.98,7615,PORT_SCAN
9,1,21.06,65.83,3052,BRUTE_FORCE
2,13,35.93,112.27,3500,PORT_SCAN
1,19,49.04,221.11,4676,PORT_SCAN
21,4,24.16,104.91,2596,BRUTE_FORCE
1,46,37.34,164.96,2848,PORT_SCAN
2,24,55.34,192.77,5212,PORT_SCAN
3,56,28.93,99.29,7050,PORT_SCAN
3,10,53.25,177.81,9471,PORT_SCAN
1,21,48.3,217.31,3367,PORT_SCAN
1,4,3.06,18.13,2263,NORMAL
1,4,2.4,10.09,780,NORMAL
24,3,9.38,48.81,4699,BRUTE_FORCE
22,4,19.34,53.63,2264,BRUTE_FORCE
1,2,3.87,10.74,1925,NORMAL
25,2,9.61,48.15,4751,BRUTE_FORCE
21,1,22.38,76.77,3801,BRUTE_FORCE
14,3,12.97,103.42,4721,BRUTE_FORCE
27,3,15.47,77.5,2745,BRUTE_FORCE
1,4,3.2,14.36,583,NORMAL
28,3,9.59,116.16,2462,BRUTE_FORCE
26,1,13.88,45.66,3204,BRUTE_FORCE
10,1,8.59,106.29,1502,BRUTE_FORCE
30,3,13.54,41.86,4716,BRUTE_FORCE
1,29,23.38,160.43,6427,PORT_SCAN
1,1,2.29,16.35,1051,NORMAL
10,2,8.19,113.04,4030,BRUTE_FORCE
0,4,4.99,13.38,1141,NORMAL
2,1,2.67,27.23,711,NORMAL
2,38,49.33,83.63,5594,PORT_SCAN
3,49,33.72,111.27,5972,PORT_SCAN
25,2,13.47,117.18,2373,BRUTE_FORCE
1,54,52.18,153.36,5247,PORT_SCAN
8,2,19.23,76.24,2693,BRUTE_FORCE
1,22,27.99,191.21,9016,PORT_SCAN
0,54,40.73,133.66,2568,PORT_SCAN
1,60,20.42,188.45,6271,PORT_SCAN
3,45,58.25,192.81,4167,PORT_SCAN
28,2,17.05,81.93,3775,BRUTE_FORCE
18,4,16.46,81.89,2087,BRUTE_FORCE
0,3,3.21,23.27,1549,NORMAL
27,1,17.77,96.25,4105,BRUTE_FORCE
14,3,24.44,115.49,2096,BRUTE_FORCE
19,2,12.74,65.68,1719,BRUTE_FORCE
1,24,59.11,214.86,9470,PORT_SCAN
2,18,37.92,113.67,7630,PORT_SCAN
1,1,2.52,28.18,1666,NORMAL
1,2,1.69,9.83,1711,NORMAL
2,36,34.12,246.22,4913,PORT_SCAN
0,2,5.61,19.47,2376,NORMAL
22,1,20.43,83.0,4063,BRUTE_FORCE
15,2,13.28,41.09,3171,BRUTE_FORCE
3,48,47.5,209.96,3523,PORT_SCAN
0,2,1.21,7.46,1062,NORMAL
0,21,46.24,139.82,8391,PORT_SCAN
27,3,9.11,61.89,2153,BRUTE_FORCE
12,1,10.54,45.86,2326,BRUTE_FORCE
2,10,27.4,87.66,3280,PORT_SCAN
2,16,20.13,194.1,6065,PORT_SCAN
0,3,2.39,14.09,594,NORMAL
29,3,12.25,99.62,4647,BRUTE_FORCE
2,2,3.38,7.56,1336,NORMAL
10,1,24.4,68.02,2056,BRUTE_FORCE
2,38,38.85,136.42,8562,PORT_SCAN
15,3,9.14,70.97,2164,BRUTE_FORCE
1,46,57.95,192.1,3697,PORT_SCAN
1,3,5.96,15.3,615,NORMAL
25,2,11.24,40.62,3447,BRUTE_FORCE
15,4,18.36,111.35,2402,BRUTE_FORCE
1,4,5.17,8.64,1056,NORMAL
12,3,19.25,114.04,4612,BRUTE_FORCE
2,1,5.76,17.69,1055,NORMAL
14,4,20.61,73.25,3312,BRUTE_FORCE
19,1,24.23,62.09,2532,BRUTE_FORCE
0,2,5.59,12.34,1268,NORMAL
2,43,41.03,234.67,5989,PORT_SCAN
0,59,44.62,245.91,3766,PORT_SCAN
1,16,48.83,216.69,7049,PORT_SCAN
14,4,11.56,71.73,2499,BRUTE_FORCE
2,3,5.8,23.92,2049,NORMAL
29,3,17.42,53.68,3893,BRUTE_FORCE
10,4,18.54,85.17,2206,BRUTE_FORCE
16,1,24.44,58.44,2914,BRUTE_FORCE
27,2,20.8,59.4,4390,BRUTE_FORCE
0,43,23.9,203.55,5500,PORT_SCAN
1,2,1.21,19.79,1146,NORMAL
8,1,24.87,103.95,2292,BRUTE_FORCE
2,3,3.77,11.7,1827,NORMAL
0,15,21.82,189.05,7224,PORT_SCAN
0,4,2.9,29.74,1810,NORMAL
2,4,1.67,13.81,1248,NORMAL
1,31,54.38,122.64,3937,PORT_SCAN
17,1,13.51,57.99,4883,BRUTE_FORCE
26,4,13.68,72.02,3780,BRUTE_FORCE
17,3,18.64,43.24,1620,BRUTE_FORCE
0,3,2.03,7.51,2379,NORMAL
23,3,20.88,71.29,3662,BRUTE_FORCE
3,24,49.82,193.76,3536,PORT_SCAN
18,2,19.55,52.02,4233,BRUTE_FORCE
0,51,45.33,125.22,2565,PORT_SCAN
21,2,21.5,107.77,4228,BRUTE_FORCE
1,2,4.05,26.98,1555,NORMAL
30,3,16.21,75.29,2042,BRUTE_FORCE
2,3,5.57,15.21,2116,NORMAL
0,3,3.4,17.96,541,NORMAL
0,2,1.57,10.55,1915,NORMAL
1,3,3.53,29.55,1724,NORMAL
19,4,14.22,96.51,2156,BRUTE_FORCE
3,10,26.67,151.17,8771,PORT_SCAN
2,3,3.83,15.84,2082,NORMAL
1,38,34.44,113.13,7302,PORT_SCAN
1,3,4.37,7.54,1554,NORMAL
8,4,22.63,77.63,3272,BRUTE_FORCE
3,25,59.06,149.65,2631,PORT_SCAN
1,57,43.13,221.33,3847,PORT_SCAN
16,2,11.48,100.22,3232,BRUTE_FORCE
2,19,52.57,207.78,6551,PORT_SCAN
1,39,51.61,191.7,5816,PORT_SCAN
2,1,5.23,28.47,2149,NORMAL
2,2,2.91,29.95,660,NORMAL
19,3,13.83,102.74,3634,BRUTE_FORCE
2,50,47.54,193.27,3381,PORT_SCAN
8,2,20.73,92.84,3840,BRUTE_FORCE
18,2,15.81,82.65,3737,BRUTE_FORCE
2,2,2.25,27.4,918,NORMAL
24,4,22.05,88.44,2226,BRUTE_FORCE
0,14,30.32,202.96,3450,PORT_SCAN
1,2,2.84,23.13,1582,NORMAL
0,1,5.75,21.09,1446,NORMAL
3,21,48.41,201.28,3827,PORT_SCAN
0,39,38.55,103.57,8260,PORT_SCAN
30,4,9.56,113.89,2463,BRUTE_FORCE
1,2,3.85,25.67,756,NORMAL
1,2,2.54,23.62,2175,NORMAL
26,4,18.73,66.47,4223,BRUTE_FORCE
3,56,26.45,113.09,7427,PORT_SCAN
1,34,35.14,96.36,6900,PORT_SCAN
3,31,46.54,90.88,8220,PORT_SCAN
0,4,4.48,12.65,2306,NORMAL
15,1,14.74,118.72,2450,BRUTE_FORCE
1,13,50.0,217.56,4071,PORT_SCAN
15,1,19.65,42.9,1609,BRUTE_FORCE
10,2,19.86,60.43,4131,BRUTE_FORCE
12,2,18.65,41.85,3837,BRUTE_FORCE
2,1,4.46,15.27,1199,NORMAL
2,3,2.33,7.65,2109,NORMAL
0,4,4.38,16.98,1709,NORMAL
1,1,4.05,19.38,2118,NORMAL
0,3,4.72,18.46,542,NORMAL
3,12,51.25,146.31,9945,PORT_SCAN
23,4,8.08,77.5,3795,BRUTE_FORCE
2,18,45.0,184.45,3265,PORT_SCAN
0,4,3.33,7.96,1895,NORMAL
0,4,1.68,14.44,1302,NORMAL
2,14,46.21,108.97,9626,PORT_SCAN
1,2,1.46,25.06,1930,NORMAL
8,2,24.06,96.08,3159,BRUTE_FORCE
27,4,16.45,74.89,2201,BRUTE_FORCE
2,27,20.67,164.2,6126,PORT_SCAN
10,4,16.1,69.18,4807,BRUTE_FORCE
25,1,22.45,57.4,2020,BRUTE_FORCE
30,1,8.02,73.67,3798,BRUTE_FORCE
19,4,21.68,47.01,2053,BRUTE_FORCE
9,1,13.34,63.84,1760,BRUTE_FORCE
2,28,54.23,212.79,8421,PORT_SCAN
21,1,15.25,84.2,3597,BRUTE_FORCE
21,4,20.06,73.42,1971,BRUTE_FORCE
2,1,3.92,14.54,896,NORMAL
1,3,4.3,12.44,696,NORMAL
2,3,1.76,9.7,769,NORMAL
2,1,4.25,26.43,1323,NORMAL
0,16,30.79,197.47,3874,PORT_SCAN
1,37,25.1,132.4,9864,PORT_SCAN
1,46,58.94,216.11,3625,PORT_SCAN
3,48,34.32,110.12,8791,PORT_SCAN
0,44,47.68,186.67,3508,PORT_SCAN
0,49,42.25,124.49,2661,PORT_SCAN
2,32,47.3,139.2,5257,PORT_SCAN
25,4,16.14,107.27,2799,BRUTE_FORCE
1,1,3.41,18.09,2450,NORMAL
1,2,2.11,15.65,625,NORMAL
1,11,25.63,161.91,2940,PORT_SCAN
1,2,2.25,5.99,1947,NORMAL
30,1,22.63,45.66,4329,BRUTE_FORCE
1,35,34.18,97.23,6530,PORT_SCAN
25,3,24.47,73.41,3110,BRUTE_FORCE
1,3,3.74,28.05,695,NORMAL
18,1,11.4,75.9,1689,BRUTE_FORCE
0,54,57.95,146.57,8814,PORT_SCAN
1,30,22.91,157.02,7184,PORT_SCAN
25,4,8.06,55.11,2543,BRUTE_FORCE
2,49,31.99,135.87,3358,PORT_SCAN
1,1,3.18,22.91,1503,NORMAL
1,3,2.59,27.72,2412,NORMAL
1,3,1.58,27.6,1283,NORMAL
13,1,20.89,103.67,2668,BRUTE_FORCE
15,3,23.21,115.13,4083,BRUTE_FORCE
3,60,29.13,216.3,5886,PORT_SCAN
0,4,4.93,11.89,626,NORMAL
0,10,51.97,229.58,9365,PORT_SCAN
3,23,57.51,184.24,6430,PORT_SCAN
12,3,18.43,71.21,1924,BRUTE_FORCE
0,3,2.39,12.02,1831,NORMAL
2,1,3.32,19.52,995,NORMAL
2,3,2.4,13.45,1660,NORMAL
24,1,8.43,51.63,4245,BRUTE_FORCE
3,41,39.25,226.99,9892,PORT_SCAN
13,1,10.77,56.77,3503,BRUTE_FORCE
2,12,41.13,104.51,8431,PORT_SCAN
2,26,35.71,190.58,6199,PORT_SCAN
3,20,44.65,213.42,9164,PORT_SCAN
0,1,3.95,9.22,1250,NORMAL
2,3,3.55,17.22,1910,NORMAL
1,4,3.78,24.78,2360,NORMAL
1,44,32.95,199.97,6518,PORT_SCAN
24,3,8.44,110.41,3808,BRUTE_FORCE
1,33,25.77,190.15,2626,PORT_SCAN
0,34,55.41,139.51,5151,PORT_SCAN
10,2,16.26,108.77,2269,BRUTE_FORCE
2,46,38.36,138.04,4586,PORT_SCAN
2,3,3.38,16.0,1103,NORMAL
27,1,12.71,118.72,2032,BRUTE_FORCE
0,32,48.33,180.28,5499,PORT_SCAN
20,3,21.62,91.43,1860,BRUTE_FORCE
0,43,28.68,112.56,4808,PORT_SCAN
1,2,2.73,23.53,2482,NORMAL
0,12,38.03,168.24,5123,PORT_SCAN
2,4,4.8,27.77,1972,NORMAL
2,33,57.6,118.9,3392,PORT_SCAN
1,4,1.98,25.0,2012,NORMAL
3,60,50.17,171.62,4789,PORT_SCAN
0,3,1.65,14.95,1846,NORMAL
2,15,27.04,201.81,9239,PORT_SCAN
2,57,35.04,148.05,9267,PORT_SCAN
0,2,3.7,29.25,1112,NORMAL
0,42,51.73,161.45,2792,PORT_SCAN
12,1,21.06,52.06,4667,BRUTE_FORCE
0,2,4.56,20.59,644,NORMAL
22,3,18.31,107.25,2212,BRUTE_FORCE
2,2,4.62,13.04,578,NORMAL
30,2,9.56,68.83,2962,BRUTE_FORCE
1,18,23.67,180.75,9309,PORT_SCAN
2,4,3.27,16.05,1731,NORMAL
0,22,36.23,143.84,6886,PORT_SCAN
1,1,1.57,13.33,1311,NORMAL
2,4,5.7,6.01,2059,NORMAL
3,58,46.81,186.05,4671,PORT_SCAN
12,1,10.61,65.81,1708,BRUTE_FORCE
1,3,2.49,7.7,630,NORMAL
19,2,20.97,116.36,4655,BRUTE_FORCE
2,2,3.48,6.2,1181,NORMAL
3,57,55.06,92.94,5920,PORT_SCAN
2,53,51.02,192.64,7838,PORT_SCAN
14,1,10.86,76.88,3001,BRUTE_FORCE
2,2,4.59,6.25,1224,NORMAL
27,3,20.38,69.53,1853,BRUTE_FORCE
0,2,3.99,20.84,1190,NORMAL
3,51,54.88,93.28,4908,PORT_SCAN
0,24,57.28,219.03,7068,PORT_SCAN
0,1,5.13,23.9,927,NORMAL
2,10,27.44,213.86,4897,PORT_SCAN
1,1,2.59,18.83,634,NORMAL
0,1,5.69,13.06,1205,NORMAL
3,31,46.67,87.81,5769,PORT_SCAN
1,2,3.01,13.89,1739,NORMAL
1,44,33.34,118.69,7107,PORT_SCAN
3,19,32.66,201.66,8881,PORT_SCAN
10,3,22.68,40.99,3194,BRUTE_FORCE
22,3,20.46,90.3,3755,BRUTE_FORCE
2,17,45.48,185.01,4729,PORT_SCAN
0,2,3.5,16.45,2397,NORMAL
0,34,25.45,84.16,8213,PORT_SCAN
20,1,23.55,75.41,3287,BRUTE_FORCE
12,2,10.29,78.83,2597,BRUTE_FORCE
3,37,47.23,91.96,8001,PORT_SCAN
24,1,19.84,62.14,4698,BRUTE_FORCE
1,2,3.23,14.55,821,NORMAL
1,3,1.44,26.11,998,NORMAL
11,1,22.44,91.84,4273,BRUTE_FORCE
0,24,28.46,227.58,9770,PORT_SCAN
22,1,8.77,93.71,4084,BRUTE_FORCE
0,39,21.02,183.44,5680,PORT_SCAN
0,34,45.17,161.23,6002,PORT_SCAN
0,4,4.23,10.58,1109,NORMAL
0,28,23.68,102.53,6871,PORT_SCAN
1,1,5.24,7.27,1841,NORMAL
3,42,38.49,205.96,9134,PORT_SCAN
29,1,20.99,72.99,4951,BRUTE_FORCE
3,56,49.44,144.56,4194,PORT_SCAN
2,3,5.45,23.85,1893,NORMAL
1,2,5.41,17.29,2117,NORMAL
3,20,33.37,87.73,5183,PORT_SCAN
17,4,9.2,50.47,3279,BRUTE_FORCE
1,4,5.07,28.97,2351,NORMAL
10,1,15.12,40.17,3926,BRUTE_FORCE
2,27,57.72,200.97,4523,PORT_SCAN
1,20,29.73,181.61,5248,PORT_SCAN
2,41,31.2,86.31,2990,PORT_SCAN
2,3,1.46,27.45,884,NORMAL
22,2,17.08,64.76,4812,BRUTE_FORCE
2,31,49.87,84.84,2687,PORT_SCAN
1,2,2.51,28.52,2360,NORMAL
8,1,9.65,81.79,1529,BRUTE_FORCE
3,57,45.97,148.81,7997,PORT_SCAN
0,4,5.34,29.89,2265,NORMAL
3,29,56.46,123.97,9596,PORT_SCAN
0,33,27.42,166.93,3423,PORT_SCAN
0,39,32.03,92.61,3528,PORT_SCAN
2,1,3.49,29.36,1846,NORMAL
3,27,43.25,188.48,8976,PORT_SCAN
22,2,23.81,51.0,2267,BRUTE_FORCE
2,59,24.88,175.49,3716,PORT_SCAN
0,45,22.94,232.32,2595,PORT_SCAN
1,4,1.75,5.16,1250,NORMAL
1,4,3.22,20.66,1898,NORMAL
2,19,34.88,224.58,7566,PORT_SCAN
14,4,18.06,108.37,3346,BRUTE_FORCE
2,3,4.83,12.11,625,NORMAL
13,4,8.11,111.47,3587,BRUTE_FORCE
2,3,3.43,21.65,1585,NORMAL
29,3,21.41,110.59,3356,BRUTE_FORCE
2,34,56.1,92.36,9522,PORT_SCAN
19,4,21.39,42.29,2445,BRUTE_FORCE
30,2,19.66,98.69,4398,BRUTE_FORCE
1,4,4.13,11.86,658,NORMAL
0,2,3.08,18.31,1766,NORMAL
1,1,1.11,14.44,1373,NORMAL
8,4,24.96,60.75,3214,BRUTE_FORCE
1,36,35.08,158.15,7413,PORT_SCAN
16,4,10.49,78.96,3081,BRUTE_FORCE
0,2,1.43,21.25,2078,NORMAL
0,43,42.91,163.1,2535,PORT_SCAN
20,1,15.98,63.48,4417,BRUTE_FORCE
3,39,25.0,88.66,2891,PORT_SCAN
2,2,3.78,11.29,1216,NORMAL
2,1,4.04,6.62,1489,NORMAL
0,1,5.8,18.5,2136,NORMAL
2,58,23.59,176.96,3172,PORT_SCAN
2,3,4.53,21.94,2493,NORMAL
0,30,39.39,181.51,3221,PORT_SCAN
0,2,5.69,8.68,826,NORMAL
2,56,54.89,236.79,3806,PORT_SCAN
0,1,1.5,6.32,639,NORMAL
3,12,55.06,199.25,8167,PORT_SCAN
0,51,38.69,88.33,4108,PORT_SCAN
2,49,35.2,226.57,6106,PORT_SCAN
2,2,2.17,17.35,1243,NORMAL
2,49,54.47,136.33,5787,PORT_SCAN
0,3,3.97,12.02,2371,NORMAL
0,4,2.04,11.46,1671,NORMAL
16,4,23.88,106.76,3018,BRUTE_FORCE
2,28,24.02,80.51,8603,PORT_SCAN
0,2,5.12,14.31,1790,NORMAL
23,4,17.71,70.85,1567,BRUTE_FORCE
1,3,5.89,14.47,1562,NORMAL
1,2,3.76,20.96,566,NORMAL
2,12,51.37,142.83,2869,PORT_SCAN
3,45,40.45,112.82,9980,PORT_SCAN
1,2,3.39,14.61,1713,NORMAL
1,21,49.37,140.14,2968,PORT_SCAN
22,3,17.87,101.33,2982,BRUTE_FORCE
27,4,19.21,41.26,3679,BRUTE_FORCE
2,15,31.89,237.61,6277,PORT_SCAN
2,25,58.42,84.41,4024,PORT_SCAN
3,32,26.2,112.04,9669,PORT_SCAN
1,46,23.25,227.67,3470,PORT_SCAN
2,58,50.95,83.27,4753,PORT_SCAN
23,2,12.05,96.17,3020,BRUTE_FORCE
1,3,1.3,20.94,2412,NORMAL
29,2,21.74,113.09,4430,BRUTE_FORCE
0,31,31.87,149.84,4144,PORT_SCAN
1,34,39.15,169.08,2598,PORT_SCAN
2,20,45.17,87.17,7002,PORT_SCAN
2,1,3.64,6.04,2439,NORMAL
0,3,3.45,14.34,1770,NORMAL
1,1,4.23,28.54,568,NORMAL
3,17,43.69,158.69,7047,PORT_SCAN
1,1,5.12,22.46,1536,NORMAL
12,1,17.56,69.64,3217,BRUTE_FORCE
2,1,1.45,26.57,1414,NORMAL
2,38,56.94,98.88,3600,PORT_SCAN
2,33,27.73,201.25,3005,PORT_SCAN
2,43,21.63,91.97,4989,PORT_SCAN
29,2,19.16,56.95,3668,BRUTE_FORCE
1,51,31.79,127.08,6715,PORT_SCAN
2,2,5.83,23.73,1237,NORMAL
18,1,8.73,76.88,2188,BRUTE_FORCE
2,4,3.39,18.52,1529,NORMAL
0,18,59.72,204.38,3454,PORT_SCAN
2,4,4.28,28.32,1151,NORMAL
1,1,2.93,11.08,1571,NORMAL
0,25,31.57,216.58,7724,PORT_SCAN
16,3,10.07,94.13,3055,BRUTE_FORCE
1,1,4.79,20.7,2043,NORMAL
18,1,18.26,90.95,2982,BRUTE_FORCE
0,2,1.58,24.74,694,NORMAL
3,41,25.7,100.39,9088,PORT_SCAN
2,2,2.07,12.1,1472,NORMAL
8,2,8.97,80.57,4920,BRUTE_FORCE
3,58,25.47,175.1,2839,PORT_SCAN
2,1,3.98,12.51,1996,NORMAL
0,2,3.94,20.88,2218,NORMAL
23,4,15.67,54.52,3368,BRUTE_FORCE
16,1,15.12,65.62,4230,BRUTE_FORCE
0,11,54.08,107.06,3290,PORT_SCAN
2,22,36.57,122.72,6721,PORT_SCAN
28,3,18.17,43.67,4437,BRUTE_FORCE
2,29,29.58,120.95,7147,PORT_SCAN
22,1,11.96,79.73,2526,BRUTE_FORCE
1,3,1.0,13.47,1611,NORMAL
1,1,4.13,15.65,844,NORMAL
1,4,3.95,10.96,999,NORMAL
3,37,43.76,117.47,7564,PORT_SCAN
29,3,22.9,97.66,3913,BRUTE_FORCE
26,4,17.0,87.46,3553,BRUTE_FORCE
2,2,1.56,28.45,1353,NORMAL
1,2,2.16,8.42,1339,NORMAL
1,4,4.3,5.08,1806,NORMAL
16,3,8.34,49.7,4283,BRUTE_FORCE
30,2,21.6,72.99,2946,BRUTE_FORCE
12,2,12.09,43.06,4554,BRUTE_FORCE
3,38,55.95,214.1,8393,PORT_SCAN
28,1,14.16,108.49,1917,BRUTE_FORCE
3,29,53.09,94.36,4786,PORT_SCAN
2,3,3.09,17.3,1908,NORMAL
20,4,18.27,77.99,4916,BRUTE_FORCE
24,4,10.52,63.08,3903,BRUTE_FORCE
3,28,41.47,224.02,6030,PORT_SCAN
2,3,1.56,24.74,1444,NORMAL
0,46,22.5,101.13,8669,PORT_SCAN
1,4,3.04,7.05,1356,NORMAL
2,1,4.12,15.11,1806,NORMAL
17,1,15.92,55.07,1653,BRUTE_FORCE
0,1,3.65,27.46,1341,NORMAL
2,3,1.52,11.38,2500,NORMAL
27,1,12.81,102.78,3538,BRUTE_FORCE
18,4,17.37,55.08,1786,BRUTE_FORCE
11,4,10.88,48.81,1916,BRUTE_FORCE
0,3,3.23,23.22,2468,NORMAL
19,1,8.69,111.43,2852,BRUTE_FORCE
0,1,1.43,28.6,596,NORMAL
9,1,15.09,103.69,2523,BRUTE_FORCE
13,2,18.66,73.08,4062,BRUTE_FORCE
9,1,10.56,83.45,2275,BRUTE_FORCE
9,3,14.32,101.0,2306,BRUTE_FORCE
2,17,41.26,196.28,5832,PORT_SCAN
28,3,13.51,100.52,1661,BRUTE_FORCE
11,4,8.12,101.56,2524,BRUTE_FORCE
2,4,4.94,25.48,632,NORMAL
0,34,50.75,100.34,4339,PORT_SCAN
0,2,3.22,21.81,2057,NORMAL
2,3,3.81,8.09,1645,NORMAL
2,3,4.7,22.72,1728,NORMAL
0,57,37.17,112.94,6988,PORT_SCAN
2,15,57.79,217.73,5237,PORT_SCAN
14,3,24.45,65.43,2433,BRUTE_FORCE
28,2,21.31,51.39,3713,BRUTE_FORCE
28,1,13.27,75.0,4967,BRUTE_FORCE
3,29,59.38,192.07,9451,PORT_SCAN
2,1,3.56,7.64,1324,NORMAL
13,4,10.04,52.31,4377,BRUTE_FORCE
2,2,1.26,20.64,1986,NORMAL
20,1,23.62,59.45,3812,BRUTE_FORCE
2,1,2.43,24.08,1058,NORMAL
16,2,13.66,68.69,3411,BRUTE_FORCE
1,47,54.1,133.43,5566,PORT_SCAN
1,1,2.6,20.06,1642,NORMAL
3,58,55.08,86.9,4415,PORT_SCAN
21,4,18.36,107.76,3479,BRUTE_FORCE
0,57,24.46,109.68,7347,PORT_SCAN
3,45,41.2,243.3,6959,PORT_SCAN
2,10,55.68,208.66,6850,PORT_SCAN
17,1,23.56,84.37,3687,BRUTE_FORCE
30,4,13.87,82.6,4641,BRUTE_FORCE
27,2,19.88,86.54,4352,BRUTE_FORCE
13,3,24.43,92.37,4311,BRUTE_FORCE
10,1,15.19,80.9,3139,BRUTE_FORCE
15,1,19.3,81.79,4892,BRUTE_FORCE
2,60,22.06,246.6,9245,PORT_SCAN
19,4,12.36,73.13,3414,BRUTE_FORCE
0,3,3.39,17.72,2435,NORMAL
1,2,2.25,8.79,1213,NORMAL
17,1,16.62,99.55,1649,BRUTE_FORCE
2,37,54.61,163.3,6129,PORT_SCAN
2,2,5.15,11.89,1985,NORMAL
26,4,19.81,69.06,3896,BRUTE_FORCE
15,3,18.81,46.96,2751,BRUTE_FORCE
15,4,19.04,56.31,4711,BRUTE_FORCE
14,3,11.25,52.39,2946,BRUTE_FORCE
2,2,4.75,29.46,2091,NORMAL
26,2,24.8,79.84,2026,BRUTE_FORCE
0,51,34.42,94.01,7943,PORT_SCAN
1,2,2.21,18.03,1518,NORMAL
1,4,5.77,6.47,1101,NORMAL
1,3,1.21,14.33,754,NORMAL
3,15,30.0,197.59,9931,PORT_SCAN
1,60,40.62,114.77,9880,PORT_SCAN
1,40,35.81,130.88,6008,PORT_SCAN
2,1,5.1,12.48,1606,NORMAL
1,3,3.13,21.87,2070,NORMAL
14,1,9.59,74.99,4075,BRUTE_FORCE
9,1,12.1,57.49,1646,BRUTE_FORCE
0,21,31.24,247.19,3256,PORT_SCAN
2,4,4.39,12.55,1238,NORMAL
0,31,46.04,194.88,2712,PORT_SCAN
1,4,4.62,9.5,2327,NORMAL
2,46,47.63,96.41,3817,PORT_SCAN
25,4,16.82,115.49,1757,BRUTE_FORCE
23,2,10.75,71.45,2512,BRUTE_FORCE
2,1,2.95,16.75,1801,NORMAL
2,34,24.06,97.14,8386,PORT_SCAN
1,4,4.56,26.1,2490,NORMAL
2,1,5.59,13.09,525,NORMAL
27,3,12.59,51.33,4744,BRUTE_FORCE
22,1,19.2,56.03,2204,BRUTE_FORCE
2,56,47.37,169.48,2902,PORT_SCAN
0,4,2.04,22.22,724,NORMAL
0,3,5.28,10.38,774,NORMAL
26,1,22.09,82.33,3673,BRUTE_FORCE
9,2,11.82,116.31,1659,BRUTE_FORCE
0,3,1.16,10.62,1091,NORMAL
0,2,3.16,28.94,702,NORMAL
1,29,33.35,140.17,8604,PORT_SCAN
14,3,15.72,100.22,3977,BRUTE_FORCE
2,47,59.6,131.91,7587,PORT_SCAN
0,14,41.51,166.0,3585,PORT_SCAN
1,3,2.24,7.17,1347,NORMAL
2,2,4.08,21.85,1236,NORMAL
0,2,4.45,8.69,1228,NORMAL
28,2,24.84,47.17,4296,BRUTE_FORCE
0,43,25.4,231.36,2553,PORT_SCAN
1,14,52.18,152.46,9147,PORT_SCAN
0,1,2.69,20.61,1067,NORMAL
0,2,3.91,5.18,1937,NORMAL
0,1,4.19,7.88,2347,NORMAL
0,44,41.64,234.28,2523,PORT_SCAN
0,3,1.71,27.33,1028,NORMAL
2,2,4.77,24.02,1156,NORMAL
1,35,59.4,133.7,6305,PORT_SCAN
0,2,5.93,13.82,1568,NORMAL
1,1,1.11,15.17,782,NORMAL
18,1,12.28,61.46,2611,BRUTE_FORCE
1,47,21.5,107.58,9600,PORT_SCAN
29,4,11.97,58.03,4273,BRUTE_FORCE
2,56,25.34,232.72,4915,PORT_SCAN
2,1,2.81,25.76,837,NORMAL
17,2,18.63,111.28,4972,BRUTE_FORCE
0,55,59.57,193.4,5003,PORT_SCAN
13,3,18.27,111.81,2503,BRUTE_FORCE
2,23,54.38,107.24,6095,PORT_SCAN
25,4,18.59,119.38,4347,BRUTE_FORCE
18,4,20.87,91.46,2657,BRUTE_FORCE
0,1,1.31,22.28,2261,NORMAL
3,20,30.11,166.03,6286,PORT_SCAN
0,46,40.87,207.59,6617,PORT_SCAN
2,16,50.6,129.09,6942,PORT_SCAN
26,1,22.45,96.77,3374,BRUTE_FORCE
3,34,27.04,152.12,8459,PORT_SCAN
28,4,13.07,50.02,2832,BRUTE_FORCE
0,12,30.31,87.72,5381,PORT_SCAN
2,2,2.21,11.66,1380,NORMAL
3,53,24.61,235.42,7788,PORT_SCAN
3,12,21.92,95.85,5028,PORT_SCAN
2,17,51.18,131.37,4801,PORT_SCAN
14,1,11.08,103.97,4990,BRUTE_FORCE
1,1,1.36,28.87,1894,NORMAL
2,2,1.11,15.11,1935,NORMAL
2,2,4.02,14.12,827,NORMAL
0,41,24.08,109.84,9916,PORT_SCAN
3,13,59.5,114.45,3011,PORT_SCAN
1,4,3.19,27.13,1090,NORMAL
1,39,42.05,145.21,7410,PORT_SCAN
26,4,10.31,62.21,4487,BRUTE_FORCE
13,1,20.96,104.51,2490,BRUTE_FORCE
10,1,8.46,55.97,3070,BRUTE_FORCE
1,3,5.4,9.25,1147,NORMAL
1,40,50.0,190.08,6969,PORT_SCAN
1,3,1.17,15.17,1222,NORMAL
1,18,33.45,160.9,8605,PORT_SCAN
0,4,2.84,23.73,1036,NORMAL
22,3,10.65,117.61,3737,BRUTE_FORCE
0,28,50.61,154.4,5736,PORT_SCAN
1,1,2.34,23.2,1195,NORMAL
0,2,2.54,26.4,642,NORMAL
1,4,1.55,6.25,1009,NORMAL
3,43,57.75,138.37,5765,PORT_SCAN
0,1,4.33,27.24,1612,NORMAL
2,60,32.79,169.7,6610,PORT_SCAN
1,1,2.47,6.1,908,NORMAL
0,2,5.09,6.36,1363,NORMAL
14,2,13.28,70.34,2675,BRUTE_FORCE
2,36,39.32,158.2,3324,PORT_SCAN
3,47,58.01,149.96,6146,PORT_SCAN
0,3,5.67,28.52,2105,NORMAL
3,44,49.32,224.09,6823,PORT_SCAN
0,13,39.53,80.87,5385,PORT_SCAN
1,24,48.84,227.47,7838,PORT_SCAN
1,18,32.98,180.55,7545,PORT_SCAN
2,3,2.75,17.44,2004,NORMAL
2,51,58.66,187.76,5031,PORT_SCAN
2,3,1.3,17.74,1791,NORMAL
23,3,22.15,99.12,2544,BRUTE_FORCE
2,2,1.84,14.66,1891,NORMAL
1,51,54.29,128.1,8019,PORT_SCAN
12,4,11.62,96.18,3557,BRUTE_FORCE
3,58,58.47,248.54,3280,PORT_SCAN
0,2,5.69,9.52,1747,NORMAL
1,18,53.51,178.51,8727,PORT_SCAN
2,17,25.59,100.9,8726,PORT_SCAN
1,1,1.91,5.01,1852,NORMAL
0,4,5.53,28.15,1928,NORMAL
30,2,12.82,88.18,2942,BRUTE_FORCE
19,1,15.69,40.05,3736,BRUTE_FORCE
25,4,16.89,101.21,1964,BRUTE_FORCE
27,4,12.48,56.08,2887,BRUTE_FORCE
22,4,14.15,68.16,3571,BRUTE_FORCE
1,2,2.22,15.3,1896,NORMAL
1,3,1.04,26.63,2093,NORMAL
24,1,13.14,102.42,4864,BRUTE_FORCE
0,3,4.77,19.47,820,NORMAL
21,4,19.61,117.07,4712,BRUTE_FORCE
0,11,49.52,184.92,9598,PORT_SCAN
2,38,45.35,185.0,2762,PORT_SCAN
26,2,19.91,69.34,2933,BRUTE_FORCE
13,4,9.29,98.44,2174,BRUTE_FORCE
0,31,40.71,102.08,8470,PORT_SCAN
0,40,40.47,89.13,8320,PORT_SCAN
2,23,40.71,166.62,8626,PORT_SCAN
0,48,52.29,234.4,6612,PORT_SCAN
9,4,11.67,53.2,3509,BRUTE_FORCE
1,1,3.7,6.54,552,NORMAL
1,3,1.48,7.25,916,NORMAL
26,2,9.39,51.63,4404,BRUTE_FORCE
12,1,18.25,104.85,4809,BRUTE_FORCE
1,53,49.2,234.87,7761,PORT_SCAN
3,44,22.09,131.88,6936,PORT_SCAN
15,4,21.14,101.1,3919,BRUTE_FORCE
0,2,1.76,18.07,2425,NORMAL
1,21,55.26,84.21,8533,PORT_SCAN
11,1,9.54,117.02,4371,BRUTE_FORCE
0,19,57.32,144.25,7911,PORT_SCAN
1,1,3.55,5.3,1574,NORMAL
1,41,29.96,111.9,7197,PORT_SCAN
23,1,15.33,92.29,3987,BRUTE_FORCE
15,4,11.29,103.0,4430,BRUTE_FORCE
2,3,3.86,6.02,1028,NORMAL
12,3,9.33,51.45,4034,BRUTE_FORCE
12,1,21.32,52.81,1854,BRUTE_FORCE
2,3,4.04,24.27,737,NORMAL
2,27,21.13,176.43,5793,PORT_SCAN
16,2,9.32,52.19,4492,BRUTE_FORCE
21,4,12.22,117.79,4587,BRUTE_FORCE
0,4,5.87,11.64,2411,NORMAL
2,2,5.21,25.25,2271,NORMAL
1,2,2.77,27.71,1063,NORMAL
2,3,5.21,23.33,2293,NORMAL
1,3,3.4,17.68,1831,NORMAL
0,3,4.52,12.38,580,NORMAL
3,31,34.53,89.23,4326,PORT_SCAN
21,3,23.88,80.62,4860,BRUTE_FORCE
30,2,10.98,91.48,3474,BRUTE_FORCE
3,53,40.35,204.24,6429,PORT_SCAN
3,23,36.65,82.2,5023,PORT_SCAN
0,1,2.91,29.56,1349,NORMAL
1,41,28.48,215.63,5288,PORT_SCAN
0,1,4.11,21.3,696,NORMAL
12,3,24.19,94.29,1741,BRUTE_FORCE
15,1,23.69,102.08,3496,BRUTE_FORCE
19,2,8.77,98.92,2944,BRUTE_FORCE
0,17,30.08,149.05,2521,PORT_SCAN
3,30,35.32,237.9,9534,PORT_SCAN
3,20,42.12,131.63,4182,PORT_SCAN
23,1,16.01,113.44,1687,BRUTE_FORCE
0,2,5.03,7.01,2392,NORMAL
16,3,10.77,50.78,3804,BRUTE_FORCE
1,1,4.71,9.21,1013,NORMAL
19,1,24.02,65.99,4281,BRUTE_FORCE
1,2,2.28,21.09,637,NORMAL
2,4,2.32,21.76,1442,NORMAL
1,50,37.37,82.56,9007,PORT_SCAN
1,1,4.23,9.39,1436,NORMAL
0,28,30.21,91.58,4808,PORT_SCAN
22,1,9.57,100.0,4556,BRUTE_FORCE
2,4,5.54,9.48,2236,NORMAL
0,23,30.76,178.33,7283,PORT_SCAN
2,54,31.72,217.82,3653,PORT_SCAN
15,4,8.08,103.05,2211,BRUTE_FORCE
3,46,38.04,205.64,5055,PORT_SCAN
1,57,28.1,192.92,5764,PORT_SCAN
1,45,46.3,216.84,3886,PORT_SCAN
2,2,1.26,25.75,1379,NORMAL
2,4,5.58,27.06,1892,NORMAL
0,3,5.15,10.56,1011,NORMAL
2,22,48.23,249.66,9504,PORT_SCAN
2,59,41.95,163.46,6432,PORT_SCAN
1,35,32.9,177.25,6463,PORT_SCAN
2,38,41.59,107.64,4970,PORT_SCAN
1,16,43.28,97.86,4447,PORT_SCAN
0,21,25.4,131.02,5724,PORT_SCAN
0,4,2.57,27.69,1719,NORMAL
10,3,21.93,75.14,1508,BRUTE_FORCE
14,3,24.69,112.34,1596,BRUTE_FORCE
3,36,49.46,180.36,3435,PORT_SCAN
17,2,24.21,97.06,2084,BRUTE_FORCE
2,19,56.65,167.16,5868,PORT_SCAN
1,60,37.7,228.36,6436,PORT_SCAN
17,2,12.47,114.41,4779,BRUTE_FORCE
0,4,3.48,19.02,922,NORMAL
15,2,8.19,116.51,4624,BRUTE_FORCE
3,38,32.85,164.31,7474,PORT_SCAN
21,3,18.7,59.64,4585,BRUTE_FORCE
2,2,5.91,24.89,2327,NORMAL
1,54,26.67,244.27,8606,PORT_SCAN
28,3,20.53,46.41,3898,BRUTE_FORCE
20,3,14.53,99.18,4737,BRUTE_FORCE
1,11,36.73,230.59,5361,PORT_SCAN
0,1,4.02,27.77,1134,NORMAL
2,1,4.0,13.74,658,NORMAL
21,3,10.24,60.57,3434,BRUTE_FORCE
14,1,21.6,48.41,4062,BRUTE_FORCE
1,50,40.36,140.42,6443,PORT_SCAN
0,40,39.71,221.29,7179,PORT_SCAN
1,58,47.62,90.36,5076,PORT_SCAN
2,12,39.84,244.16,6823,PORT_SCAN
2,33,56.85,186.88,3131,PORT_SCAN
1,2,3.95,8.6,1633,NORMAL
1,4,1.28,9.15,1011,NORMAL
30,4,24.7,70.44,4022,BRUTE_FORCE
24,1,17.07,79.44,3933,BRUTE_FORCE
21,1,12.04,85.23,4234,BRUTE_FORCE
25,1,19.31,113.79,3814,BRUTE_FORCE
1,50,59.19,107.47,6119,PORT_SCAN
2,31,41.74,111.78,4070,PORT_SCAN
2,2,1.59,19.35,1580,NORMAL
14,2,17.0,112.97,3244,BRUTE_FORCE
22,2,15.49,113.94,2456,BRUTE_FORCE
2,4,1.21,6.48,1587,NORMAL
3,33,25.93,161.43,6562,PORT_SCAN
2,33,43.44,138.4,2744,PORT_SCAN
0,51,23.36,138.95,7628,PORT_SCAN
3,29,57.21,144.8,5058,PORT_SCAN
1,4,5.83,26.42,1804,NORMAL
1,2,4.54,22.83,1224,NORMAL
28,4,22.89,41.27,2625,BRUTE_FORCE
30,4,20.89,57.97,1922,BRUTE_FORCE
30,1,12.26,82.02,2545,BRUTE_FORCE
24,3,24.55,94.12,4152,BRUTE_FORCE
0,21,41.08,133.08,8109,PORT_SCAN
1,2,1.48,17.24,1926,NORMAL
1,36,53.28,116.69,5708,PORT_SCAN
28,3,17.74,114.2,2118,BRUTE_FORCE
2,2,3.99,10.1,833,NORMAL
0,1,5.31,18.63,1989,NORMAL
2,26,45.61,135.9,7963,PORT_SCAN
24,2,13.18,84.24,2002,BRUTE_FORCE
2,42,53.5,112.83,6235,PORT_SCAN
2,2,3.56,10.58,2361,NORMAL
28,2,12.36,88.1,3162,BRUTE_FORCE
3,16,59.23,112.04,4419,PORT_SCAN
0,4,5.3,6.21,1090,NORMAL
14,3,12.4,87.1,3488,BRUTE_FORCE
3,42,21.61,86.62,8345,PORT_SCAN
2,4,1.58,10.14,1694,NORMAL
22,2,23.12,116.65,2536,BRUTE_FORCE
0,1,2.74,28.14,1312,NORMAL
1,2,2.06,6.96,1737,NORMAL
0,11,47.43,128.86,8961,PORT_SCAN
18,4,14.11,55.07,4825,BRUTE_FORCE
27,2,22.94,91.61,4067,BRUTE_FORCE
25,1,10.63,85.37,4732,BRUTE_FORCE
2,44,48.61,81.96,8524,PORT_SCAN
8,1,23.12,68.5,4565,BRUTE_FORCE
1,3,5.01,11.38,1696,NORMAL
2,20,27.49,235.85,7433,PORT_SCAN
0,3,2.15,21.23,2338,NORMAL
16,4,21.22,111.57,4311,BRUTE_FORCE
1,34,52.54,98.71,5643,PORT_SCAN
9,3,22.63,66.02,3450,BRUTE_FORCE
21,2,9.77,116.86,2531,BRUTE_FORCE
23,2,17.96,57.71,3276,BRUTE_FORCE
0,1,3.69,5.93,1847,NORMAL
3,25,46.28,114.57,9389,PORT_SCAN
2,3,3.86,8.47,741,NORMAL
2,47,21.13,199.1,7150,PORT_SCAN
2,2,3.46,10.95,1380,NORMAL
1,4,3.0,19.31,1714,NORMAL
26,2,13.5,55.35,3122,BRUTE_FORCE
9,1,20.93,118.35,1561,BRUTE_FORCE
1,1,1.9,16.17,2189,NORMAL
0,4,4.35,29.94,1742,NORMAL
1,2,5.87,28.52,519,NORMAL
0,3,5.52,13.73,2021,NORMAL
2,44,54.89,187.92,4954,PORT_SCAN
0,3,4.76,28.97,1524,NORMAL
20,3,12.42,52.5,2932,BRUTE_FORCE
0,46,30.5,222.75,6192,PORT_SCAN
1,1,2.31,29.54,1833,NORMAL
0,1,2.8,25.72,1592,NORMAL
29,2,20.4,45.26,2263,BRUTE_FORCE
0,47,26.94,90.75,4743,PORT_SCAN
0,32,46.37,243.92,3987,PORT_SCAN
1,3,2.2,5.73,1857,NORMAL
13,4,21.19,119.29,4247,BRUTE_FORCE
2,55,23.71,86.36,2864,PORT_SCAN
2,4,1.07,6.67,599,NORMAL
0,47,33.47,91.44,9063,PORT_SCAN
24,2,9.07,53.46,2435,BRUTE_FORCE
1,4,5.57,7.94,2087,NORMAL
3,11,58.65,109.22,7563,PORT_SCAN
3,18,20.03,103.78,9892,PORT_SCAN
1,37,52.99,164.1,5144,PORT_SCAN
29,4,9.73,108.79,4779,BRUTE_FORCE
0,13,38.04,170.78,6040,PORT_SCAN
21,1,21.49,85.67,2741,BRUTE_FORCE
0,40,46.16,248.18,3722,PORT_SCAN
2,1,3.48,17.77,613,NORMAL
2,10,54.67,181.53,9057,PORT_SCAN
25,3,11.22,95.66,3124,BRUTE_FORCE
20,1,21.23,89.29,2493,BRUTE_FORCE
2,4,1.54,19.19,1171,NORMAL
3,35,47.28,149.15,4097,PORT_SCAN
16,3,22.68,102.27,3099,BRUTE_FORCE
2,3,2.18,29.86,1267,NORMAL
1,1,5.55,23.86,1188,NORMAL
8,1,10.18,69.31,4815,BRUTE_FORCE
0,55,32.46,116.41,5606,PORT_SCAN
3,35,38.65,159.08,9728,PORT_SCAN
14,4,23.54,80.57,1863,BRUTE_FORCE
30,3,22.45,103.65,3129,BRUTE_FORCE
0,13,30.55,124.61,3522,PORT_SCAN
18,4,21.93,102.12,3964,BRUTE_FORCE
0,29,26.52,110.21,5729,PORT_SCAN
0,1,4.99,12.74,657,NORMAL
10,2,17.64,119.55,1898,BRUTE_FORCE
1,56,22.96,190.34,8118,PORT_SCAN
2,1,1.06,19.22,784,NORMAL
2,4,2.69,20.67,790,NORMAL
1,43,31.89,241.94,6184,PORT_SCAN
9,1,17.64,119.23,4921,BRUTE_FORCE
1,49,41.62,227.4,6270,PORT_SCAN
0,1,4.4,24.63,1713,NORMAL
0,1,3.47,13.55,1138,NORMAL
1,56,57.81,164.8,9603,PORT_SCAN
2,50,59.96,206.88,4932,PORT_SCAN
3,32,36.33,134.58,3356,PORT_SCAN
1,24,22.56,83.58,7037,PORT_SCAN
1,3,3.85,27.83,1123,NORMAL
0,4,3.48,18.31,1551,NORMAL
15,4,12.29,115.98,1888,BRUTE_FORCE
2,60,31.78,182.69,5956,PORT_SCAN
2,53,26.34,220.75,9827,PORT_SCAN
0,31,54.11,234.54,6660,PORT_SCAN
2,1,3.54,25.62,1289,NORMAL
9,3,8.05,77.09,1751,BRUTE_FORCE
3,19,47.79,123.7,9189,PORT_SCAN
0,4,1.88,18.04,1832,NORMAL
2,1,5.38,13.34,1505,NORMAL
1,4,5.26,6.14,2465,NORMAL
2,1,2.49,27.86,1450,NORMAL
1,4,2.48,13.31,1262,NORMAL
23,2,24.8,106.34,4573,BRUTE_FORCE
3,36,54.25,171.24,3601,PORT_SCAN
1,4,3.14,17.12,2279,NORMAL
3,30,59.74,94.75,3333,PORT_SCAN
0,1,3.22,20.63,1366,NORMAL
0,49,56.64,150.8,3362,PORT_SCAN
19,4,17.78,66.21,2639,BRUTE_FORCE
8,1,20.89,75.07,1644,BRUTE_FORCE
1,34,46.15,142.1,7852,PORT_SCAN
2,2,4.22,27.44,777,NORMAL
0,3,5.54,22.78,1847,NORMAL
1,3,4.78,18.46,1315,NORMAL
0,48,36.9,106.13,7341,PORT_SCAN
2,4,1.3,25.76,1971,NORMAL
2,2,1.95,6.57,909,NORMAL
1,43,58.08,83.86,5912,PORT_SCAN
15,1,15.73,99.92,2488,BRUTE_FORCE
0,4,4.57,23.57,597,NORMAL
0,1,2.7,10.92,743,NORMAL
12,2,9.16,85.06,3999,BRUTE_FORCE
1,3,4.94,12.15,1241,NORMAL
3,33,40.25,133.42,6656,PORT_SCAN
25,4,11.71,91.47,3308,BRUTE_FORCE
2,51,48.22,160.56,4874,PORT_SCAN
1,3,5.76,18.01,1971,NORMAL
2,2,1.34,8.88,1105,NORMAL
0,4,2.82,12.59,1998,NORMAL
27,3,19.93,74.87,3561,BRUTE_FORCE
2,15,40.86,246.25,3525,PORT_SCAN
3,19,54.65,135.29,9052,PORT_SCAN
16,2,9.54,119.58,2244,BRUTE_FORCE
0,17,56.56,181.83,3850,PORT_SCAN
1,41,55.32,233.95,3652,PORT_SCAN
0,34,33.45,195.45,5812,PORT_SCAN
0,1,2.34,9.81,1078,NORMAL
1,52,45.89,135.87,9827,PORT_SCAN
0,39,50.42,129.29,4163,PORT_SCAN
1,4,3.18,7.68,2417,NORMAL
19,2,9.3,104.69,4376,BRUTE_FORCE
1,34,20.35,137.05,8047,PORT_SCAN
21,4,8.21,117.56,3172,BRUTE_FORCE
25,3,15.86,105.13,4541,BRUTE_FORCE
2,48,35.62,90.63,3972,PORT_SCAN
1,1,4.77,18.33,1222,NORMAL
1,26,22.0,141.16,6936,PORT_SCAN
3,37,32.79,142.05,8064,PORT_SCAN
2,3,5.89,19.64,1942,NORMAL
9,1,22.71,60.23,3665,BRUTE_FORCE
2,1,3.86,18.19,1873,NORMAL
2,2,1.22,12.15,1640,NORMAL
1,3,5.45,26.92,1727,NORMAL
2,1,5.68,18.83,831,NORMAL
1,16,21.51,140.46,3633,PORT_SCAN
10,2,15.39,83.6,3694,BRUTE_FORCE
12,1,16.15,64.93,2985,BRUTE_FORCE
0,4,4.78,28.34,2256,NORMAL
0,56,49.36,165.53,6351,PORT_SCAN
9,2,17.76,57.35,4348,BRUTE_FORCE
1,2,2.44,28.92,723,NORMAL
1,49,21.64,154.1,4617,PORT_SCAN
1,3,4.15,29.23,682,NORMAL
3,16,20.51,164.35,6562,PORT_SCAN
1,18,39.71,159.46,4288,PORT_SCAN
0,3,4.06,14.89,2400,NORMAL
1,3,4.33,14.36,812,NORMAL
3,24,48.57,169.81,5957,PORT_SCAN
1,51,54.65,139.43,4493,PORT_SCAN
3,12,21.19,117.17,6639,PORT_SCAN
0,24,52.85,129.28,9284,PORT_SCAN
2,3,5.91,24.96,1219,NORMAL
1,58,40.14,130.67,8090,PORT_SCAN
2,14,58.58,150.79,7632,PORT_SCAN
24,1,24.54,47.56,2628,BRUTE_FORCE
1,2,2.6,6.58,2480,NORMAL
10,1,18.82,102.14,2910,BRUTE_FORCE
1,2,1.23,7.52,2366,NORMAL
0,18,28.17,218.85,5200,PORT_SCAN
8,2,11.38,112.91,3080,BRUTE_FORCE
21,1,20.85,89.22,2738,BRUTE_FORCE
0,52,56.53,226.45,9838,PORT_SCAN
2,2,2.66,29.22,2165,NORMAL
3,12,31.81,157.32,8101,PORT_SCAN
2,2,1.66,25.96,558,NORMAL
0,2,2.54,6.65,1776,NORMAL
2,2,5.76,7.95,997,NORMAL
2,2,3.88,27.3,1323,NORMAL
16,2,17.58,83.53,1886,BRUTE_FORCE
0,43,20.29,191.27,8134,PORT_SCAN
0,15,33.53,148.28,8827,PORT_SCAN
2,3,4.82,6.69,2469,NORMAL
11,1,12.36,113.46,3175,BRUTE_FORCE
13,1,23.61,81.95,2487,BRUTE_FORCE
9,3,8.34,60.89,1928,BRUTE_FORCE
17,3,20.07,61.72,1855,BRUTE_FORCE
1,1,4.59,5.58,2283,NORMAL
2,1,1.58,15.41,655,NORMAL
2,20,26.82,83.07,3323,PORT_SCAN
18,2,8.56,88.71,4747,BRUTE_FORCE
2,54,53.92,122.4,3428,PORT_SCAN
20,2,18.07,50.58,4825,BRUTE_FORCE
18,3,22.22,88.42,2762,BRUTE_FORCE
14,4,24.64,93.2,2705,BRUTE_FORCE
12,2,19.3,91.99,4144,BRUTE_FORCE
22,3,19.52,52.64,3309,BRUTE_FORCE
21,3,10.75,105.62,2772,BRUTE_FORCE
28,3,24.53,99.57,2928,BRUTE_FORCE
2,26,50.82,147.05,6826,PORT_SCAN
0,1,2.34,21.84,1734,NORMAL
1,48,46.82,175.15,6634,PORT_SCAN
0,2,1.92,20.42,1017,NORMAL
0,38,49.96,158.67,3043,PORT_SCAN
27,3,11.16,59.73,2045,BRUTE_FORCE
1,46,41.47,107.97,9499,PORT_SCAN
28,2,20.04,88.75,4831,BRUTE_FORCE
2,1,4.44,8.61,922,NORMAL
29,4,23.05,101.22,2936,BRUTE_FORCE
30,3,16.84,41.79,4381,BRUTE_FORCE
14,4,23.73,108.21,2724,BRUTE_FORCE
8,3,11.58,83.82,1912,BRUTE_FORCE
28,3,22.37,90.89,4864,BRUTE_FORCE
0,17,25.84,245.7,7491,PORT_SCAN
2,2,1.87,14.18,773,NORMAL
11,1,15.54,95.52,1618,BRUTE_FORCE
0,1,5.86,12.78,1131,NORMAL
16,3,17.22,113.11,3895,BRUTE_FORCE
11,3,8.78,85.07,4765,BRUTE_FORCE
2,33,57.88,91.36,4756,PORT_SCAN
2,29,41.23,200.5,4281,PORT_SCAN
3,36,42.43,241.02,2920,PORT_SCAN
0,1,1.12,12.5,1773,NORMAL
2,1,5.42,8.89,2045,NORMAL
2,25,37.2,183.52,4865,PORT_SCAN
0,2,5.5,17.0,1157,NORMAL
26,1,24.83,58.05,4324,BRUTE_FORCE
1,4,3.19,27.68,1478,NORMAL
29,3,11.17,100.92,4459,BRUTE_FORCE
0,44,44.76,131.25,6384,PORT_SCAN
1,13,27.23,119.1,5041,PORT_SCAN
0,28,48.73,241.17,4618,PORT_SCAN
16,4,22.08,49.76,4646,BRUTE_FORCE
3,18,56.61,176.63,9277,PORT_SCAN
2,3,5.72,15.73,1504,NORMAL
10,3,18.65,53.31,2151,BRUTE_FORCE
0,1,2.7,9.11,663,NORMAL
0,39,36.68,152.22,2729,PORT_SCAN
2,3,4.27,12.67,1599,NORMAL
2,3,2.76,26.38,2099,NORMAL
8,3,15.08,52.03,1774,BRUTE_FORCE
22,2,23.74,43.26,1909,BRUTE_FORCE
10,2,11.85,61.77,2613,BRUTE_FORCE
3,58,24.44,98.0,7501,PORT_SCAN
0,15,47.52,161.73,9097,PORT_SCAN
14,1,12.47,105.88,1644,BRUTE_FORCE
20,4,20.16,107.98,3941,BRUTE_FORCE
20,4,10.23,116.61,4746,BRUTE_FORCE
20,1,9.72,91.17,2630,BRUTE_FORCE
2,4,3.21,18.11,1000,NORMAL
19,4,19.85,86.51,2711,BRUTE_FORCE
0,46,26.95,165.96,8754,PORT_SCAN
0,59,23.58,177.6,6883,PORT_SCAN
1,2,4.97,23.59,1325,NORMAL
0,25,24.53,187.4,6884,PORT_SCAN
3,27,33.82,157.87,7556,PORT_SCAN
8,3,8.48,104.47,2794,BRUTE_FORCE
0,28,49.04,222.37,7250,PORT_SCAN
2,41,36.18,150.69,5732,PORT_SCAN
10,3,11.57,99.31,4473,BRUTE_FORCE
24,2,19.91,75.7,2340,BRUTE_FORCE
22,2,13.86,54.63,2918,BRUTE_FORCE
23,2,19.71,42.56,4990,BRUTE_FORCE
1,48,20.46,82.29,8252,PORT_SCAN
0,2,3.91,29.97,1393,NORMAL
17,4,16.99,79.2,4589,BRUTE_FORCE
15,3,14.16,80.12,1506,BRUTE_FORCE
1,2,5.91,21.25,2462,NORMAL
11,1,17.63,112.8,1729,BRUTE_FORCE
1,3,4.11,16.56,1514,NORMAL
0,11,59.59,230.65,8954,PORT_SCAN
27,2,16.78,96.87,2647,BRUTE_FORCE
25,2,13.5,96.32,2685,BRUTE_FORCE
3,49,34.2,249.79,8827,PORT_SCAN
3,27,40.95,124.7,7223,PORT_SCAN
2,54,32.09,244.51,7894,PORT_SCAN
0,4,4.76,14.49,636,NORMAL
0,4,3.28,28.62,1885,NORMAL
2,3,3.56,12.04,2014,NORMAL
29,3,12.61,95.84,2984,BRUTE_FORCE
2,2,2.52,15.17,671,NORMAL
1,3,1.13,14.57,516,NORMAL
1,2,2.95,22.78,741,NORMAL
1,4,2.79,25.96,1031,NORMAL
1,57,57.11,81.26,8821,PORT_SCAN
1,1,4.39,6.05,1978,NORMAL
1,58,35.45,222.44,4357,PORT_SCAN
1,2,3.46,7.21,579,NORMAL
3,48,35.62,239.33,6026,PORT_SCAN
1,48,28.75,169.5,2505,PORT_SCAN
0,28,27.72,120.2,9104,PORT_SCAN
25,3,22.77,59.54,2595,BRUTE_FORCE
0,49,48.54,105.9,9251,PORT_SCAN
0,60,24.55,215.99,8570,PORT_SCAN
0,2,5.2,7.69,1079,NORMAL
2,39,34.17,159.31,5860,PORT_SCAN
3,20,24.19,184.43,6459,PORT_SCAN
1,4,4.96,22.89,2020,NORMAL
2,2,5.24,24.6,2154,NORMAL
0,1,2.5,23.88,2459,NORMAL
2,24,29.08,121.32,4766,PORT_SCAN
0,1,4.45,15.42,1278,NORMAL
2,1,2.04,27.37,1425,NORMAL
2,2,3.2,7.66,968,NORMAL
8,4,13.68,114.91,2739,BRUTE_FORCE
2,51,40.62,231.88,6293,PORT_SCAN
14,1,15.82,99.84,3896,BRUTE_FORCE
1,2,5.54,16.04,921,NORMAL
3,20,43.37,169.09,3821,PORT_SCAN
1,30,48.77,165.52,3686,PORT_SCAN
0,4,1.6,20.62,2437,NORMAL
3,25,37.87,125.39,5200,PORT_SCAN
0,3,5.36,28.57,839,NORMAL
2,18,38.7,214.24,5436,PORT_SCAN
1,4,2.67,26.91,1652,NORMAL
11,2,16.95,95.53,3563,BRUTE_FORCE
19,2,17.82,50.27,4522,BRUTE_FORCE
0,1,3.03,27.97,1238,NORMAL
13,4,13.5,100.05,3406,BRUTE_FORCE
3,23,26.72,213.17,4273,PORT_SCAN
3,50,32.73,145.07,5625,PORT_SCAN
1,12,31.11,161.01,2818,PORT_SCAN
1,1,4.42,28.19,930,NORMAL
15,3,22.94,68.96,4581,BRUTE_FORCE
11,4,10.14,97.82,2657,BRUTE_FORCE
25,1,23.42,87.35,4215,BRUTE_FORCE
2,2,3.97,5.72,1143,NORMAL
27,4,20.57,66.3,2639,BRUTE_FORCE
20,3,21.02,87.13,3099,BRUTE_FORCE
2,48,58.07,235.23,5057,PORT_SCAN
16,2,16.24,103.95,1635,BRUTE_FORCE
9,2,13.92,63.12,3439,BRUTE_FORCE
0,23,31.91,239.25,9162,PORT_SCAN
0,33,57.89,135.13,9538,PORT_SCAN
1,4,1.33,24.75,879,NORMAL
1,3,3.23,20.51,2461,NORMAL
26,4,9.97,43.18,2329,BRUTE_FORCE
2,2,3.97,17.13,2228,NORMAL
1,33,39.01,142.52,5024,PORT_SCAN
27,2,24.32,68.73,4612,BRUTE_FORCE
2,2,5.95,12.09,2130,NORMAL
0,1,2.55,29.99,1972,NORMAL
0,58,50.56,169.58,3763,PORT_SCAN
2,20,48.47,237.65,7724,PORT_SCAN
20,3,20.68,108.46,3124,BRUTE_FORCE
1,2,5.4,20.7,1557,NORMAL
20,3,15.15,59.25,3352,BRUTE_FORCE
3,19,30.42,133.26,3547,PORT_SCAN
0,2,1.77,24.27,613,NORMAL
18,3,19.31,50.65,3670,BRUTE_FORCE
0,1,1.11,29.29,2379,NORMAL
1,25,46.58,189.66,8058,PORT_SCAN
2,4,2.82,22.79,1935,NORMAL
2,3,1.14,9.42,1262,NORMAL
1,3,4.74,7.89,993,NORMAL
12,4,18.86,86.27,1649,BRUTE_FORCE
23,3,15.88,103.31,2852,BRUTE_FORCE
0,1,3.74,13.44,1888,NORMAL
2,4,5.85,18.99,2217,NORMAL
1,15,51.59,95.23,8016,PORT_SCAN
2,53,40.7,182.77,4450,PORT_SCAN
15,1,12.85,91.49,3858,BRUTE_FORCE
2,2,5.19,18.1,526,NORMAL
0,2,2.59,27.44,2318,NORMAL
0,12,21.16,206.9,6215,PORT_SCAN
21,2,13.1,54.71,3703,BRUTE_FORCE
22,1,8.7,45.63,3875,BRUTE_FORCE
8,3,13.42,64.94,3710,BRUTE_FORCE
3,52,35.66,215.48,7253,PORT_SCAN
29,4,20.32,102.48,3804,BRUTE_FORCE
3,12,37.14,174.62,3565,PORT_SCAN
0,2,1.04,22.7,620,NORMAL
1,46,59.31,245.33,5562,PORT_SCAN
1,1,1.58,28.52,790,NORMAL
1,3,4.62,21.41,2356,NORMAL
1,4,1.98,5.53,1729,NORMAL
0,4,2.01,26.4,1494,NORMAL
1,4,1.83,12.36,2382,NORMAL
0,16,46.82,184.12,8841,PORT_SCAN
20,2,20.13,96.68,4515,BRUTE_FORCE
13,2,13.32,112.56,3197,BRUTE_FORCE
19,4,14.42,77.66,3231,BRUTE_FORCE
1,15,54.13,184.39,6796,PORT_SCAN
22,1,21.07,93.51,2299,BRUTE_FORCE
11,3,22.72,58.82,4376,BRUTE_FORCE
3,60,22.64,206.16,7867,PORT_SCAN
11,4,10.79,102.36,2145,BRUTE_FORCE
2,4,1.59,22.84,890,NORMAL
2,2,2.09,21.38,1969,NORMAL
20,1,20.35,118.64,3940,BRUTE_FORCE
1,18,48.81,163.01,9785,PORT_SCAN
26,4,18.84,60.87,3979,BRUTE_FORCE
3,42,32.04,96.95,8878,PORT_SCAN
20,3,14.63,81.74,3225,BRUTE_FORCE
0,3,1.03,16.66,2419,NORMAL
23,4,22.78,45.99,3513,BRUTE_FORCE
2,2,1.16,22.23,1500,NORMAL
0,2,1.67,22.47,950,NORMAL
0,3,3.15,14.42,877,NORMAL
2,1,1.79,23.54,2397,NORMAL
1,38,22.97,205.98,9837,PORT_SCAN
2,23,22.54,228.72,2566,PORT_SCAN
3,26,29.05,125.66,3004,PORT_SCAN
18,3,21.19,116.78,4112,BRUTE_FORCE
2,2,2.71,21.04,1975,NORMAL
2,4,4.2,25.53,1088,NORMAL
0,2,2.33,21.1,532,NORMAL
2,1,1.38,8.89,748,NORMAL
0,11,43.49,82.34,4267,PORT_SCAN
1,2,2.13,23.73,1471,NORMAL
0,57,22.14,165.58,4372,PORT_SCAN
23,3,19.13,98.49,4569,BRUTE_FORCE
2,2,3.96,19.52,850,NORMAL
2,59,36.1,114.05,6125,PORT_SCAN
1,3,5.09,22.95,1112,NORMAL
15,2,20.69,101.24,4957,BRUTE_FORCE
0,4,1.44,11.12,1518,NORMAL
2,18,40.33,249.17,3596,PORT_SCAN
2,1,5.18,11.34,1468,NORMAL
0,12,59.85,94.0,2823,PORT_SCAN
2,1,1.59,23.4,1372,NORMAL
26,4,20.25,104.53,4340,BRUTE_FORCE
1,13,34.55,215.73,7149,PORT_SCAN
2,39,47.81,209.54,7754,PORT_SCAN
2,3,5.99,23.67,1388,NORMAL
1,53,49.25,229.85,8005,PORT_SCAN
1,4,3.58,18.08,1749,NORMAL
0,24,35.53,158.59,3265,PORT_SCAN
1,1,4.44,21.89,1524,NORMAL
0,1,5.53,27.3,1949,NORMAL
0,1,5.9,17.65,1244,NORMAL
0,40,22.18,181.84,3778,PORT_SCAN
2,4,2.62,29.4,1679,NORMAL
19,2,17.13,82.46,4639,BRUTE_FORCE
27,3,8.29,91.35,1777,BRUTE_FORCE
18,2,9.81,116.95,4087,BRUTE_FORCE
0,17,42.09,205.36,5561,PORT_SCAN
2,3,3.49,20.98,956,NORMAL
1,30,28.02,128.72,6860,PORT_SCAN
11,2,21.89,105.96,4399,BRUTE_FORCE
2,1,2.74,21.48,1167,NORMAL
2,52,40.33,218.6,9474,PORT_SCAN
1,1,1.3,21.11,1936,NORMAL
27,3,8.9,92.38,1534,BRUTE_FORCE
0,3,1.19,10.01,902,NORMAL
8,3,21.37,59.62,4390,BRUTE_FORCE
1,50,50.9,122.04,4731,PORT_SCAN
0,30,24.13,216.37,9704,PORT_SCAN
0,1,5.74,14.95,1086,NORMAL
3,11,45.68,109.57,4268,PORT_SCAN
16,4,9.42,86.5,1919,BRUTE_FORCE
0,31,56.67,165.85,2595,PORT_SCAN
16,2,16.31,61.33,3342,BRUTE_FORCE
24,4,9.09,106.97,3707,BRUTE_FORCE
1,1,3.5,9.0,1981,NORMAL
0,2,3.61,22.62,1691,NORMAL
14,3,18.52,79.15,3495,BRUTE_FORCE
1,4,4.5,26.52,1349,NORMAL
26,3,24.46,85.64,1659,BRUTE_FORCE
2,34,59.59,187.47,5772,PORT_SCAN
1,1,1.57,15.69,1988,NORMAL
14,2,24.47,59.65,3474,BRUTE_FORCE
24,4,24.69,48.38,2246,BRUTE_FORCE
0,28,25.76,153.04,4253,PORT_SCAN
17,1,23.56,55.73,2231,BRUTE_FORCE
9,2,15.01,87.97,1717,BRUTE_FORCE
19,4,11.53,47.88,3730,BRUTE_FORCE
2,4,2.96,7.53,2003,NORMAL
2,60,59.7,163.4,5414,PORT_SCAN
1,1,1.93,10.98,2178,NORMAL
1,4,5.36,19.61,1803,NORMAL
8,1,19.44,73.05,4352,BRUTE_FORCE
2,2,1.48,27.94,1539,NORMAL
2,3,3.48,11.12,2401,NORMAL
0,4,2.6,5.78,1934,NORMAL
30,3,19.04,49.33,1685,BRUTE_FORCE
1,40,32.57,243.98,5114,PORT_SCAN
1,3,3.57,6.67,1370,NORMAL
2,3,3.88,7.42,1186,NORMAL
19,1,16.92,53.81,3711,BRUTE_FORCE
1,19,57.39,247.4,4838,PORT_SCAN
2,1,4.9,29.16,2370,NORMAL
1,2,3.19,26.32,561,NORMAL
0,3,4.35,12.33,2135,NORMAL
2,27,20.9,175.75,3018,PORT_SCAN
26,4,24.47,100.4,1661,BRUTE_FORCE
0,10,47.99,111.02,6189,PORT_SCAN
19,1,8.55,49.19,2743,BRUTE_FORCE
10,4,9.64,49.8,4986,BRUTE_FORCE
27,3,24.43,98.98,4022,BRUTE_FORCE
0,30,41.19,98.51,7104,PORT_SCAN
19,1,24.68,69.39,4141,BRUTE_FORCE
1,41,47.2,105.06,4821,PORT_SCAN
0,3,3.93,18.12,2201,NORMAL
3,38,28.51,233.54,8947,PORT_SCAN
11,3,24.97,59.14,4917,BRUTE_FORCE
27,3,23.96,77.19,1548,BRUTE_FORCE
3,27,50.59,210.22,7363,PORT_SCAN
1,1,5.95,27.03,1678,NORMAL
1,14,28.24,192.03,2929,PORT_SCAN
13,4,8.38,43.45,3849,BRUTE_FORCE
3,44,39.98,148.25,9820,PORT_SCAN
18,4,9.37,84.54,4328,BRUTE_FORCE
18,4,18.33,51.32,3624,BRUTE_FORCE
17,4,15.16,103.97,3618,BRUTE_FORCE
0,4,4.08,6.31,1932,NORMAL
0,2,5.2,19.41,2119,NORMAL
1,49,27.86,242.51,8102,PORT_SCAN
1,51,31.8,150.04,7011,PORT_SCAN
9,2,24.48,68.3,3672,BRUTE_FORCE
27,2,17.99,56.0,4246,BRUTE_FORCE
25,4,16.43,53.26,2795,BRUTE_FORCE
1,1,3.09,8.64,1429,NORMAL
1,4,3.81,25.78,1396,NORMAL
2,2,2.25,24.17,2269,NORMAL
1,4,2.54,11.85,1501,NORMAL
2,2,1.88,22.35,2097,NORMAL
3,40,46.34,146.02,5465,PORT_SCAN
30,2,16.42,85.69,4010,BRUTE_FORCE
2,4,1.35,24.63,612,NORMAL
2,31,35.73,92.11,7363,PORT_SCAN
2,3,5.13,16.51,1289,NORMAL
1,1,1.17,9.96,2083,NORMAL
0,30,57.26,140.64,8591,PORT_SCAN
19,4,24.28,77.04,3265,BRUTE_FORCE
3,28,34.78,200.02,5016,PORT_SCAN
2,4,5.66,5.12,2141,NORMAL
18,2,11.27,80.51,3992,BRUTE_FORCE
0,4,1.9,9.56,1304,NORMAL
0,57,39.01,125.66,5551,PORT_SCAN
22,4,8.83,62.54,1997,BRUTE_FORCE
1,1,2.31,13.99,983,NORMAL
0,1,1.18,17.69,1831,NORMAL
2,2,5.61,20.84,1507,NORMAL
21,4,22.99,68.1,3037,BRUTE_FORCE
2,2,2.46,6.44,646,NORMAL
25,3,9.27,76.8,2674,BRUTE_FORCE
0,3,5.78,6.98,2392,NORMAL
30,4,18.2,66.49,3869,BRUTE_FORCE
20,2,20.4,110.33,4351,BRUTE_FORCE
1,4,1.5,18.15,1671,NORMAL
1,1,2.69,26.57,2405,NORMAL
11,1,19.03,64.8,2599,BRUTE_FORCE
1,4,5.03,10.51,1644,NORMAL
2,1,4.91,13.54,1952,NORMAL
28,1,14.1,46.59,4951,BRUTE_FORCE
25,2,16.3,61.83,3489,BRUTE_FORCE
11,1,24.91,111.31,1538,BRUTE_FORCE
1,54,43.14,204.18,3551,PORT_SCAN
22,1,17.25,88.52,2313,BRUTE_FORCE
21,4,23.74,72.34,3729,BRUTE_FORCE
0,4,5.79,20.48,2294,NORMAL
0,2,5.06,8.19,1882,NORMAL
2,4,5.67,21.95,1693,NORMAL
28,3,17.23,46.42,2509,BRUTE_FORCE
2,2,5.76,8.57,1744,NORMAL
0,1,1.92,9.22,924,NORMAL
1,1,4.9,8.22,918,NORMAL
24,1,10.84,61.93,2028,BRUTE_FORCE
1,54,51.96,143.62,6374,PORT_SCAN
2,21,39.85,164.58,9031,PORT_SCAN
21,3,22.03,113.46,2912,BRUTE_FORCE
0,2,3.38,29.99,1837,NORMAL
2,2,4.47,6.88,1512,NORMAL
1,4,1.07,11.94,1255,NORMAL
16,4,14.94,44.3,2023,BRUTE_FORCE
2,53,39.16,160.67,2791,PORT_SCAN
0,15,30.72,144.6,8921,PORT_SCAN
0,4,2.65,21.65,2133,NORMAL
2,2,5.17,19.41,1590,NORMAL
9,2,8.52,88.7,2638,BRUTE_FORCE
20,3,14.15,64.26,2675,BRUTE_FORCE
13,2,12.59,55.31,4801,BRUTE_FORCE
8,3,22.23,107.86,2796,BRUTE_FORCE
2,35,46.85,102.48,9809,PORT_SCAN
3,29,30.99,85.1,6293,PORT_SCAN
15,2,22.43,81.54,2027,BRUTE_FORCE
9,4,22.16,112.23,4677,BRUTE_FORCE
8,4,19.94,99.97,2500,BRUTE_FORCE
3,17,30.97,84.57,3845,PORT_SCAN
1,36,39.02,137.23,9897,PORT_SCAN
14,2,24.02,47.77,2402,BRUTE_FORCE
14,1,21.74,63.75,3342,BRUTE_FORCE
1,24,45.9,195.21,4704,PORT_SCAN
2,4,4.82,20.29,1224,NORMAL
3,41,44.42,163.72,6939,PORT_SCAN
26,1,22.04,48.18,3615,BRUTE_FORCE
0,50,51.36,158.13,3517,PORT_SCAN
24,3,24.19,73.82,3052,BRUTE_FORCE
1,31,35.91,158.39,6628,PORT_SCAN
25,1,19.73,57.31,4930,BRUTE_FORCE
3,60,55.89,238.27,4738,PORT_SCAN
28,3,20.38,62.64,4959,BRUTE_FORCE
16,3,23.72,48.75,1899,BRUTE_FORCE
20,2,24.1,80.45,2422,BRUTE_FORCE
1,3,5.94,13.9,2010,NORMAL
0,44,43.2,219.96,2605,PORT_SCAN
16,2,16.15,81.13,4016,BRUTE_FORCE
1,3,2.61,21.45,1200,NORMAL
9,2,14.68,45.17,2554,BRUTE_FORCE
3,16,46.77,109.56,8051,PORT_SCAN
22,3,11.36,107.43,2950,BRUTE_FORCE
9,4,22.26,78.63,3582,BRUTE_FORCE
2,1,4.76,15.31,1427,NORMAL
1,3,1.2,20.23,1895,NORMAL
10,4,12.6,81.36,1928,BRUTE_FORCE
25,1,13.3,67.47,1765,BRUTE_FORCE
0,2,2.31,14.24,2275,NORMAL
28,2,9.63,76.99,4893,BRUTE_FORCE
25,2,14.46,96.45,3443,BRUTE_FORCE
0,32,42.57,205.87,7784,PORT_SCAN
2,3,1.24,26.6,1102,NORMAL
24,4,13.07,104.33,3996,BRUTE_FORCE
17,2,24.5,102.69,4483,BRUTE_FORCE
18,3,13.96,49.06,2442,BRUTE_FORCE
1,56,32.37,223.71,4625,PORT_SCAN
2,1,3.37,18.34,779,NORMAL
0,3,3.04,22.24,1891,NORMAL
17,4,20.8,44.48,3070,BRUTE_FORCE
2,4,2.88,15.74,955,NORMAL
0,35,40.65,134.02,4808,PORT_SCAN
0,4,5.85,9.66,761,NORMAL
2,4,5.65,7.1,1548,NORMAL
1,2,4.09,22.02,1322,NORMAL
19,1,17.62,119.65,3565,BRUTE_FORCE
3,40,42.92,176.18,9875,PORT_SCAN
8,1,15.5,94.35,4100,BRUTE_FORCE
26,4,13.02,55.7,2442,BRUTE_FORCE
14,4,14.99,87.89,3643,BRUTE_FORCE
0,4,4.93,19.72,1972,NORMAL
30,4,15.64,117.49,3308,BRUTE_FORCE
0,52,32.04,87.45,6356,PORT_SCAN
1,49,41.06,218.59,4689,PORT_SCAN
1,2,2.07,12.87,2080,NORMAL
17,3,24.49,116.31,3515,BRUTE_FORCE
2,4,3.94,20.87,1173,NORMAL
2,57,36.05,139.25,9180,PORT_SCAN
1,2,2.08,27.11,1657,NORMAL
2,2,4.28,21.22,1115,NORMAL
2,2,5.51,21.35,690,NORMAL
14,4,8.69,63.86,2253,BRUTE_FORCE
0,37,21.91,92.94,9080,PORT_SCAN
0,24,24.58,86.55,8106,PORT_SCAN
2,29,58.71,198.74,5710,PORT_SCAN
23,4,17.77,92.81,3960,BRUTE_FORCE
2,2,1.6,25.72,935,NORMAL
19,3,15.23,53.8,2508,BRUTE_FORCE
3,25,40.39,229.17,6365,PORT_SCAN
3,39,52.93,224.69,8929,PORT_SCAN
1,4,4.56,24.65,2042,NORMAL
10,3,15.84,94.51,4970,BRUTE_FORCE
1,4,2.12,9.81,1964,NORMAL
1,2,3.28,10.16,622,NORMAL
8,1,19.43,84.48,2073,BRUTE_FORCE
0,23,59.22,146.49,7185,PORT_SCAN
2,3,4.48,28.49,2431,NORMAL
1,3,3.56,27.79,730,NORMAL
1,25,24.11,123.51,3921,PORT_SCAN
13,1,15.99,53.08,3413,BRUTE_FORCE
0,45,39.15,102.01,8425,PORT_SCAN
2,3,3.78,25.43,1912,NORMAL
23,1,9.95,67.68,2484,BRUTE_FORCE
14,4,17.5,62.33,1725,BRUTE_FORCE
1,3,2.23,28.91,1756,NORMAL
1,2,1.06,21.85,1876,NORMAL
15,1,24.18,119.36,2554,BRUTE_FORCE
1,57,59.16,151.43,6973,PORT_SCAN
20,1,13.28,87.2,2277,BRUTE_FORCE
12,3,11.44,49.34,3408,BRUTE_FORCE
1,3,5.32,21.19,1968,NORMAL
25,1,8.92,68.2,1774,BRUTE_FORCE
0,4,2.69,9.73,1704,NORMAL
15,2,13.1,106.24,1830,BRUTE_FORCE
3,10,56.88,161.94,7326,PORT_SCAN
0,2,1.09,7.54,2296,NORMAL
2,41,59.69,211.03,8814,PORT_SCAN
15,1,12.0,40.23,4984,BRUTE_FORCE
2,4,2.96,5.35,1772,NORMAL
28,3,14.44,68.05,2557,BRUTE_FORCE
0,31,29.16,207.55,8552,PORT_SCAN
2,1,5.77,16.54,1950,NORMAL
3,56,51.64,166.98,3809,PORT_SCAN
28,2,9.15,112.55,3648,BRUTE_FORCE
18,2,8.41,119.67,4062,BRUTE_FORCE
16,4,11.2,45.48,2059,BRUTE_FORCE
19,3,21.33,88.11,4776,BRUTE_FORCE
23,4,19.28,93.44,2902,BRUTE_FORCE
1,3,1.25,18.33,1357,NORMAL
9,1,11.11,71.16,1525,BRUTE_FORCE
18,2,21.24,66.09,1901,BRUTE_FORCE
2,3,2.06,21.02,922,NORMAL
2,2,1.71,15.42,2286,NORMAL
11,1,20.58,76.44,2072,BRUTE_FORCE
0,2,1.75,25.31,2041,NORMAL
0,4,5.47,27.06,758,NORMAL
28,3,15.62,116.16,4521,BRUTE_FORCE
2,45,21.73,195.82,6918,PORT_SCAN
2,1,3.43,28.67,1921,NORMAL
3,46,28.71,197.35,5327,PORT_SCAN
3,20,31.12,188.38,7035,PORT_SCAN
1,3,1.56,21.72,1898,NORMAL
1,32,51.99,90.69,6628,PORT_SCAN
0,17,59.04,248.94,6464,PORT_SCAN
12,4,23.33,72.49,2036,BRUTE_FORCE
2,14,39.93,205.57,5833,PORT_SCAN
15,4,15.69,119.09,4805,BRUTE_FORCE
2,1,1.02,13.71,2420,NORMAL
1,39,30.99,176.06,9064,PORT_SCAN
27,1,10.4,115.1,3949,BRUTE_FORCE
2,49,49.12,143.26,6341,PORT_SCAN
13,3,9.9,51.84,2116,BRUTE_FORCE
17,3,15.34,42.79,4412,BRUTE_FORCE
9,4,16.71,66.91,3347,BRUTE_FORCE
30,1,15.55,74.58,2577,BRUTE_FORCE
10,4,20.11,75.4,4527,BRUTE_FORCE
22,1,11.82,70.35,4203,BRUTE_FORCE
22,2,10.78,68.86,2684,BRUTE_FORCE
2,1,3.65,9.85,2089,NORMAL
27,3,21.34,74.01,4545,BRUTE_FORCE
16,2,23.79,74.1,4025,BRUTE_FORCE
0,1,4.54,8.97,1760,NORMAL
2,1,2.62,24.38,1347,NORMAL
20,4,18.88,76.62,2705,BRUTE_FORCE
1,2,4.21,16.67,1064,NORMAL
1,1,4.08,14.04,1850,NORMAL
1,4,2.35,9.26,782,NORMAL
1,19,33.21,97.5,2674,PORT_SCAN
21,4,13.29,51.53,4019,BRUTE_FORCE
1,2,2.12,7.53,966,NORMAL
2,1,5.82,17.15,540,NORMAL
19,2,8.32,107.19,1589,BRUTE_FORCE
10,3,23.17,99.83,3839,BRUTE_FORCE
17,4,9.38,73.57,4224,BRUTE_FORCE
3,46,46.98,141.03,9192,PORT_SCAN
18,1,23.11,42.74,2091,BRUTE_FORCE
2,60,41.55,128.05,5234,PORT_SCAN
2,39,48.16,83.15,9375,PORT_SCAN
0,31,26.8,143.83,8496,PORT_SCAN
27,4,13.22,94.38,2544,BRUTE_FORCE
1,1,4.36,25.79,524,NORMAL
2,2,3.35,7.27,1502,NORMAL
14,1,20.06,103.15,3867,BRUTE_FORCE
2,55,20.5,172.29,9063,PORT_SCAN
12,2,10.68,88.16,4846,BRUTE_FORCE
1,4,5.7,13.27,1070,NORMAL
0,25,33.53,162.87,9761,PORT_SCAN
17,3,12.12,46.18,2863,BRUTE_FORCE
28,4,16.9,91.16,2768,BRUTE_FORCE
1,4,1.15,9.5,1160,NORMAL
28,3,14.46,48.69,2239,BRUTE_FORCE
2,3,5.35,12.74,725,NORMAL
13,3,22.27,51.64,1620,BRUTE_FORCE
1,54,39.04,201.01,6171,PORT_SCAN
26,4,11.71,115.32,4678,BRUTE_FORCE
2,60,51.9,85.64,7124,PORT_SCAN
26,2,20.2,93.2,4307,BRUTE_FORCE
12,2,11.38,119.49,3733,BRUTE_FORCE
9,2,8.15,101.74,3426,BRUTE_FORCE
0,1,5.59,9.56,676,NORMAL
1,2,4.23,7.27,2436,NORMAL
2,3,1.52,10.42,513,NORMAL
1,1,3.62,21.05,1310,NORMAL
0,3,3.03,12.46,1958,NORMAL
3,21,35.91,97.81,6055,PORT_SCAN
17,1,22.36,66.44,4295,BRUTE_FORCE
22,2,18.53,65.13,2473,BRUTE_FORCE
2,31,24.83,96.13,9159,PORT_SCAN
1,47,51.54,181.58,5005,PORT_SCAN
2,1,5.36,25.98,1526,NORMAL
2,4,1.38,27.33,1776,NORMAL
15,2,23.46,74.45,1729,BRUTE_FORCE
19,4,24.2,108.47,2630,BRUTE_FORCE
0,4,5.19,19.69,639,NORMAL
3,46,48.77,210.73,4630,PORT_SCAN
17,3,19.2,88.75,4745,BRUTE_FORCE
1,2,1.21,14.42,1186,NORMAL
27,3,23.35,109.77,3354,BRUTE_FORCE
2,34,41.55,176.11,7359,PORT_SCAN
11,1,12.33,84.04,2174,BRUTE_FORCE
2,1,1.46,19.36,2496,NORMAL
1,52,54.34,125.0,5335,PORT_SCAN
30,3,15.26,107.82,2563,BRUTE_FORCE
0,2,2.32,27.24,2020,NORMAL
0,1,3.5,7.01,1432,NORMAL
8,3,23.79,104.18,4231,BRUTE_FORCE
1,48,41.51,211.12,9115,PORT_SCAN
16,3,15.79,106.69,3176,BRUTE_FORCE
2,1,1.0,19.0,1235,NORMAL
14,1,24.14,90.18,2507,BRUTE_FORCE
0,1,4.39,8.71,995,NORMAL
22,2,16.62,105.15,3323,BRUTE_FORCE
0,3,5.09,12.58,1074,NORMAL
27,1,24.69,44.73,3028,BRUTE_FORCE
3,12,32.91,173.95,8267,PORT_SCAN
3,29,52.64,151.18,6556,PORT_SCAN
0,4,1.95,8.34,1031,NORMAL
2,60,34.21,87.93,9690,PORT_SCAN
22,1,12.07,101.03,2407,BRUTE_FORCE
3,36,25.1,229.43,5821,PORT_SCAN
3,25,53.97,131.13,8296,PORT_SCAN
2,13,55.34,136.7,6624,PORT_SCAN
0,1,3.88,23.2,2245,NORMAL
3,36,20.96,174.38,5146,PORT_SCAN
0,4,2.69,8.78,1960,NORMAL
2,26,57.02,217.85,8970,PORT_SCAN
9,2,15.15,99.7,3089,BRUTE_FORCE
1,1,4.36,12.83,988,NORMAL
2,1,5.42,23.96,1387,NORMAL
21,3,18.38,53.73,3905,BRUTE_FORCE
2,57,40.98,112.48,2715,PORT_SCAN
2,50,52.37,120.56,9493,PORT_SCAN
1,19,58.11,170.42,2766,PORT_SCAN
3,39,55.74,198.22,5987,PORT_SCAN
2,4,4.92,28.6,1869,NORMAL
0,51,39.22,143.11,3340,PORT_SCAN
2,46,55.01,85.07,5809,PORT_SCAN
24,3,8.12,66.35,2791,BRUTE_FORCE
1,3,1.31,7.18,2139,NORMAL
2,40,57.7,129.99,2755,PORT_SCAN
2,41,41.36,221.82,6180,PORT_SCAN
2,4,4.0,27.68,1297,NORMAL
0,39,48.99,98.98,6362,PORT_SCAN
3,29,59.51,245.53,2616,PORT_SCAN
2,1,5.96,9.06,1200,NORMAL
0,18,53.83,193.53,9303,PORT_SCAN
25,2,11.82,60.86,2328,BRUTE_FORCE
19,1,22.55,58.97,4905,BRUTE_FORCE
0,40,44.56,169.57,4693,PORT_SCAN
2,1,2.52,9.53,2455,NORMAL
2,1,5.02,11.88,2127,NORMAL
0,4,4.55,21.96,1591,NORMAL
22,3,19.98,71.48,3339,BRUTE_FORCE
2,2,3.79,26.52,1879,NORMAL
27,3,19.79,114.06,2422,BRUTE_FORCE
29,3,23.06,119.03,3015,BRUTE_FORCE
2,3,4.34,15.01,1015,NORMAL
2,2,3.23,11.67,1047,NORMAL
10,4,10.75,81.3,3729,BRUTE_FORCE
2,10,37.5,152.57,8856,PORT_SCAN
24,1,16.62,56.44,3424,BRUTE_FORCE
2,4,1.27,22.57,844,NORMAL
3,27,41.5,157.75,4764,PORT_SCAN
1,41,56.12,179.17,2868,PORT_SCAN
18,2,16.62,62.09,4083,BRUTE_FORCE
22,4,11.13,91.4,4933,BRUTE_FORCE
20,4,17.6,101.47,3349,BRUTE_FORCE
0,2,3.7,21.51,825,NORMAL
2,4,2.53,5.7,1505,NORMAL
19,1,19.07,114.12,4513,BRUTE_FORCE
1,4,2.38,29.54,1232,NORMAL
2,2,3.32,28.49,1728,NORMAL
0,1,2.94,10.61,1164,NORMAL
2,27,28.49,88.71,8461,PORT_SCAN
13,2,22.82,85.64,1883,BRUTE_FORCE
2,50,57.6,167.52,6462,PORT_SCAN
0,44,57.75,215.86,4426,PORT_SCAN
2,48,21.96,220.31,4826,PORT_SCAN
2,2,3.08,27.26,506,NORMAL
21,2,10.82,42.91,3183,BRUTE_FORCE
1,4,3.27,24.88,645,NORMAL
1,4,4.46,5.45,2183,NORMAL
1,1,5.98,29.17,891,NORMAL
0,53,57.45,182.84,5693,PORT_SCAN
0,58,21.26,153.17,9995,PORT_SCAN
20,1,12.49,96.16,3744,BRUTE_FORCE
2,3,5.13,22.42,582,NORMAL
10,1,12.46,52.42,4182,BRUTE_FORCE
17,3,13.16,78.87,4740,BRUTE_FORCE
0,2,4.58,14.73,1065,NORMAL
0,4,5.68,29.62,1837,NORMAL
0,4,4.96,10.05,1855,NORMAL
0,40,31.94,227.08,2834,PORT_SCAN
2,4,5.95,23.43,924,NORMAL
2,2,2.3,23.5,656,NORMAL
2,54,30.0,140.9,8554,PORT_SCAN
30,1,9.4,111.0,2978,BRUTE_FORCE
1,2,6.0,25.09,2091,NORMAL
10,3,9.84,98.33,3546,BRUTE_FORCE
0,4,1.65,28.99,1002,NORMAL
0,2,2.61,10.69,1241,NORMAL
28,4,12.27,79.23,1994,BRUTE_FORCE
0,1,1.84,28.91,1601,NORMAL
29,3,13.61,61.73,3832,BRUTE_FORCE
3,29,38.14,143.77,7464,PORT_SCAN
3,40,49.73,146.13,9902,PORT_SCAN
0,2,5.29,28.43,1043,NORMAL
2,1,4.82,22.16,2322,NORMAL
21,4,14.84,95.61,4200,BRUTE_FORCE
1,4,5.5,7.08,1188,NORMAL
28,2,21.05,50.32,3559,BRUTE_FORCE
0,30,54.74,91.77,2545,PORT_SCAN
8,4,9.53,96.38,2944,BRUTE_FORCE
15,3,15.69,109.92,3303,BRUTE_FORCE
18,3,20.83,55.92,3585,BRUTE_FORCE
18,2,17.17,68.87,1555,BRUTE_FORCE
22,2,18.81,116.94,2982,BRUTE_FORCE
2,57,31.83,167.7,5227,PORT_SCAN
1,4,4.28,22.08,701,NORMAL
1,2,2.54,8.2,990,NORMAL
3,25,20.81,223.49,7566,PORT_SCAN
23,3,10.75,76.74,3836,BRUTE_FORCE
3,57,42.97,172.09,4775,PORT_SCAN
2,4,4.31,8.36,1185,NORMAL
0,4,3.54,17.68,1173,NORMAL
2,39,58.01,135.64,2520,PORT_SCAN
1,2,1.82,22.88,1470,NORMAL
2,4,1.94,7.92,2102,NORMAL
2,3,4.61,14.42,1775,NORMAL
2,13,58.51,141.42,4090,PORT_SCAN
9,4,20.9,113.47,4400,BRUTE_FORCE
3,51,26.05,152.89,3250,PORT_SCAN
1,1,2.69,5.91,1945,NORMAL
0,1,4.02,12.56,1563,NORMAL
27,4,20.99,90.03,3871,BRUTE_FORCE
16,1,12.62,92.66,4774,BRUTE_FORCE
14,3,16.53,99.42,2848,BRUTE_FORCE
29,2,11.37,102.98,4483,BRUTE_FORCE
1,13,23.7,233.28,5301,PORT_SCAN
8,1,12.97,56.04,4220,BRUTE_FORCE
2,10,28.61,219.51,4648,PORT_SCAN
1,34,28.91,159.63,4005,PORT_SCAN
23,4,16.58,83.4,4815,BRUTE_FORCE
2,24,53.12,149.09,8663,PORT_SCAN
10,2,17.83,70.23,4157,BRUTE_FORCE
1,18,56.58,199.66,5930,PORT_SCAN
1,14,53.82,164.19,5979,PORT_SCAN
22,1,12.54,55.29,4619,BRUTE_FORCE
16,3,13.57,70.8,4777,BRUTE_FORCE
1,4,4.24,26.77,1487,NORMAL
3,44,22.08,160.84,7654,PORT_SCAN
0,54,32.92,165.68,7223,PORT_SCAN
15,4,13.68,90.95,3537,BRUTE_FORCE
1,55,50.34,217.58,3143,PORT_SCAN
22,4,16.92,93.57,2562,BRUTE_FORCE
27,4,24.8,82.22,4680,BRUTE_FORCE
1,2,1.35,14.09,1088,NORMAL
10,3,13.64,63.17,4506,BRUTE_FORCE
0,1,1.01,13.69,1739,NORMAL
2,41,35.74,106.69,5340,PORT_SCAN
0,19,51.96,215.29,6750,PORT_SCAN
0,57,44.56,113.55,7351,PORT_SCAN
1,3,5.04,8.35,1712,NORMAL
2,2,1.94,28.65,668,NORMAL
2,55,31.65,240.61,3796,PORT_SCAN
1,1,5.12,16.89,1492,NORMAL
19,4,21.82,112.58,1524,BRUTE_FORCE
1,18,45.18,86.66,7188,PORT_SCAN
25,2,22.18,117.03,4151,BRUTE_FORCE
17,3,20.96,71.85,3163,BRUTE_FORCE
1,3,3.87,9.3,2486,NORMAL
23,4,15.22,81.11,1712,BRUTE_FORCE
1,3,5.94,19.02,1437,NORMAL
1,1,1.41,5.27,2028,NORMAL
0,1,2.46,12.82,1759,NORMAL
18,3,18.89,108.92,2569,BRUTE_FORCE
21,1,17.97,109.01,2488,BRUTE_FORCE
0,40,53.66,201.02,3173,PORT_SCAN
17,3,22.38,88.78,3767,BRUTE_FORCE
0,36,53.61,132.63,5965,PORT_SCAN
28,2,11.17,92.58,3120,BRUTE_FORCE
16,1,14.06,47.36,2222,BRUTE_FORCE
2,16,45.48,99.3,9348,PORT_SCAN
3,36,32.75,221.14,3027,PORT_SCAN
22,3,14.82,48.31,2903,BRUTE_FORCE
1,4,1.76,13.57,1531,NORMAL
8,4,22.2,72.34,2247,BRUTE_FORCE
0,30,51.38,87.19,7501,PORT_SCAN
1,4,3.75,26.43,2414,NORMAL
27,4,21.03,85.82,3039,BRUTE_FORCE
29,3,15.7,70.06,1956,BRUTE_FORCE
0,24,34.21,206.52,5015,PORT_SCAN
1,1,3.75,21.47,2345,NORMAL
1,33,58.79,137.45,8062,PORT_SCAN
2,1,2.29,27.85,1536,NORMAL
2,3,2.8,5.12,2289,NORMAL
1,29,40.07,134.4,6845,PORT_SCAN
1,32,49.43,191.66,6278,PORT_SCAN
0,1,4.6,19.19,519,NORMAL
17,4,11.84,72.58,3252,BRUTE_FORCE
22,1,20.28,72.8,4181,BRUTE_FORCE
2,2,2.97,13.09,551,NORMAL
0,1,1.48,29.35,867,NORMAL
3,34,20.93,181.1,3536,PORT_SCAN
2,1,2.04,22.14,2137,NORMAL
1,57,35.93,244.86,5611,PORT_SCAN
0,3,1.69,7.09,1916,NORMAL
30,4,14.03,107.09,2798,BRUTE_FORCE
1,1,3.19,11.81,2207,NORMAL
3,27,45.77,205.42,5436,PORT_SCAN
3,37,43.61,249.49,3015,PORT_SCAN
1,4,3.3,18.96,899,NORMAL
1,2,4.42,20.12,886,NORMAL
2,32,38.44,230.64,3917,PORT_SCAN
9,4,16.06,42.37,4665,BRUTE_FORCE
1,23,33.08,81.21,6061,PORT_SCAN
15,2,18.76,66.18,4878,BRUTE_FORCE
2,46,48.61,88.84,9603,PORT_SCAN
28,1,20.37,111.37,4979,BRUTE_FORCE
2,3,3.25,5.9,815,NORMAL
15,3,18.95,103.54,1590,BRUTE_FORCE
1,1,1.48,26.13,952,NORMAL
12,1,8.15,52.78,2023,BRUTE_FORCE
0,2,2.87,9.04,2452,NORMAL
29,2,21.21,76.75,4166,BRUTE_FORCE
12,3,22.65,46.12,3566,BRUTE_FORCE
15,3,12.27,72.46,2851,BRUTE_FORCE
0,3,2.93,25.8,1745,NORMAL
2,20,52.23,244.96,5972,PORT_SCAN
2,4,3.23,10.8,2235,NORMAL
2,49,52.7,139.23,3351,PORT_SCAN
3,23,45.58,219.41,5214,PORT_SCAN
0,46,56.9,183.71,4063,PORT_SCAN
3,37,51.3,237.86,8663,PORT_SCAN
8,4,21.46,58.65,1704,BRUTE_FORCE
1,59,29.91,197.3,2985,PORT_SCAN
0,2,1.85,23.24,1083,NORMAL
1,17,26.0,84.71,9029,PORT_SCAN
10,2,15.44,80.74,3803,BRUTE_FORCE
2,2,4.68,11.74,1377,NORMAL
2,3,3.8,7.25,2386,NORMAL
1,4,1.8,20.17,2107,NORMAL
2,3,3.52,11.71,1294,NORMAL
1,1,5.16,6.51,1549,NORMAL
0,2,1.17,8.51,510,NORMAL
0,40,56.63,178.16,5037,PORT_SCAN
0,33,24.53,245.69,8791,PORT_SCAN
11,4,15.45,92.68,1848,BRUTE_FORCE
2,1,1.57,18.96,1325,NORMAL
0,1,2.29,17.77,1562,NORMAL
9,3,15.79,117.12,1749,BRUTE_FORCE
28,4,9.84,69.18,3998,BRUTE_FORCE
1,2,3.77,8.6,2336,NORMAL
20,2,23.73,111.88,3179,BRUTE_FORCE
0,38,24.59,167.37,9670,PORT_SCAN
1,2,1.44,14.56,2467,NORMAL
25,3,15.18,67.07,3336,BRUTE_FORCE
1,4,3.56,15.0,895,NORMAL
3,39,26.09,134.86,7441,PORT_SCAN
26,4,8.05,85.68,3302,BRUTE_FORCE
2,4,1.77,14.87,744,NORMAL
9,3,9.08,88.41,2879,BRUTE_FORCE
28,2,9.36,46.86,2010,BRUTE_FORCE
0,4,3.57,27.64,1191,NORMAL
0,3,5.36,28.35,672,NORMAL
0,3,4.61,14.82,1886,NORMAL
2,15,49.13,242.35,9585,PORT_SCAN
1,4,3.06,5.49,1608,NORMAL
2,3,1.95,26.31,2167,NORMAL
20,4,16.69,51.79,3362,BRUTE_FORCE
23,1,18.95,71.82,3255,BRUTE_FORCE
2,14,20.75,194.45,9085,PORT_SCAN
0,29,36.18,247.06,9219,PORT_SCAN
1,29,50.89,182.03,6428,PORT_SCAN
0,28,44.04,152.54,8126,PORT_SCAN
18,1,16.75,112.8,2990,BRUTE_FORCE
0,1,3.51,10.91,2176,NORMAL
0,3,2.98,24.82,1064,NORMAL
15,3,21.16,80.26,3037,BRUTE_FORCE
0,48,53.69,242.41,7691,PORT_SCAN
0,1,3.04,17.63,803,NORMAL
2,58,41.13,101.58,9405,PORT_SCAN
1,3,3.01,25.63,1584,NORMAL
1,1,3.51,22.45,1381,NORMAL
2,40,29.12,82.88,9921,PORT_SCAN
3,30,46.29,179.48,7745,PORT_SCAN
0,3,3.79,15.55,1505,NORMAL
1,3,1.17,22.11,2336,NORMAL
0,32,44.11,215.88,2630,PORT_SCAN
2,2,3.39,16.45,1221,NORMAL
3,13,33.19,172.93,9445,PORT_SCAN
29,4,19.3,44.0,1676,BRUTE_FORCE
0,2,5.26,19.72,1799,NORMAL
3,43,20.85,230.39,8542,PORT_SCAN
2,41,29.84,217.55,9547,PORT_SCAN
2,14,27.2,116.91,9955,PORT_SCAN
3,20,24.61,234.94,4636,PORT_SCAN
2,48,40.54,133.22,9920,PORT_SCAN
0,60,59.35,213.05,5344,PORT_SCAN
0,4,4.65,18.81,580,NORMAL
2,3,2.54,13.99,2307,NORMAL
18,2,9.94,72.02,3369,BRUTE_FORCE
0,32,34.19,198.73,5980,PORT_SCAN
0,3,5.36,8.78,1585,NORMAL
2,50,47.87,112.75,5548,PORT_SCAN
14,3,21.02,62.89,2671,BRUTE_FORCE
2,12,47.06,197.15,7710,PORT_SCAN
2,3,1.64,25.73,1629,NORMAL
28,2,19.92,50.62,2099,BRUTE_FORCE
1,50,24.21,196.21,6566,PORT_SCAN
0,1,5.96,24.77,1869,NORMAL
0,2,3.19,21.43,2499,NORMAL
2,2,4.37,21.27,1152,NORMAL
1,2,2.08,28.2,996,NORMAL
3,36,41.93,130.01,3653,PORT_SCAN
1,3,1.46,22.73,537,NORMAL
1,46,49.05,225.51,8923,PORT_SCAN
1,4,3.25,6.71,1649,NORMAL
1,27,26.96,241.52,2762,PORT_SCAN
1,3,5.37,23.38,2146,NORMAL
2,1,2.69,10.26,1434,NORMAL
1,40,43.85,184.67,2639,PORT_SCAN
2,4,5.94,26.9,858,NORMAL
0,1,1.82,14.44,1533,NORMAL
0,29,22.75,211.72,9921,PORT_SCAN
3,53,54.81,171.22,8570,PORT_SCAN
3,19,29.42,158.23,3683,PORT_SCAN
1,27,29.77,170.01,4424,PORT_SCAN
2,28,25.53,94.37,8577,PORT_SCAN
1,28,59.9,193.91,3600,PORT_SCAN
30,4,18.52,63.61,2199,BRUTE_FORCE
12,4,16.79,67.65,3080,BRUTE_FORCE
1,1,2.98,11.08,2484,NORMAL
21,2,13.7,119.42,1950,BRUTE_FORCE
16,2,22.21,63.45,2499,BRUTE_FORCE
0,3,2.05,15.92,1544,NORMAL
0,2,2.54,22.02,2430,NORMAL
1,31,22.06,181.46,6049,PORT_SCAN
1,56,53.48,182.73,7735,PORT_SCAN
18,1,20.87,43.72,4093,BRUTE_FORCE
28,4,18.12,78.11,3084,BRUTE_FORCE
1,1,4.88,19.45,1748,NORMAL
29,3,15.54,56.12,4101,BRUTE_FORCE
1,2,5.92,13.08,1975,NORMAL
20,3,21.89,67.6,4746,BRUTE_FORCE
0,1,1.65,23.56,746,NORMAL
0,51,45.76,151.64,5519,PORT_SCAN
9,3,21.86,105.09,3699,BRUTE_FORCE
12,4,21.97,92.52,2501,BRUTE_FORCE
23,1,16.26,115.14,3923,BRUTE_FORCE
10,2,16.6,59.4,4430,BRUTE_FORCE
12,1,13.47,98.86,4935,BRUTE_FORCE
15,4,14.56,59.29,4113,BRUTE_FORCE
26,4,11.66,73.14,1821,BRUTE_FORCE
0,2,3.0,29.76,733,NORMAL
2,4,2.58,23.5,2176,NORMAL
0,14,36.86,242.09,5448,PORT_SCAN
3,35,54.1,152.86,4300,PORT_SCAN
1,11,28.09,234.71,3099,PORT_SCAN
13,1,16.11,40.04,2061,BRUTE_FORCE
2,17,31.56,222.32,5810,PORT_SCAN
0,38,21.07,138.07,9591,PORT_SCAN
3,60,59.8,226.21,4358,PORT_SCAN
19,2,22.08,60.62,2790,BRUTE_FORCE
26,2,18.59,80.86,2186,BRUTE_FORCE
1,2,2.08,24.09,709,NORMAL
12,2,23.38,77.02,2040,BRUTE_FORCE
30,2,12.28,47.58,2828,BRUTE_FORCE
9,4,24.39,87.28,2688,BRUTE_FORCE
0,4,5.12,25.54,1653,NORMAL
15,2,15.93,57.05,3469,BRUTE_FORCE
1,3,2.9,12.98,2338,NORMAL
1,1,2.76,23.04,1291,NORMAL
0,21,53.39,246.82,5974,PORT_SCAN
2,54,51.33,186.04,8685,PORT_SCAN
1,3,4.7,28.08,1748,NORMAL
10,4,15.53,76.47,1908,BRUTE_FORCE
1,31,49.81,120.46,5117,PORT_SCAN
1,33,30.18,94.41,8657,PORT_SCAN
1,33,37.25,241.31,5204,PORT_SCAN
2,4,5.04,14.02,2114,NORMAL
1,3,2.19,21.01,662,NORMAL
1,52,36.31,142.03,8878,PORT_SCAN
0,25,25.89,212.86,7959,PORT_SCAN
3,53,53.1,89.62,8303,PORT_SCAN
2,50,31.52,181.37,8511,PORT_SCAN
3,12,26.24,181.79,7593,PORT_SCAN
24,1,13.91,99.42,1949,BRUTE_FORCE
13,2,12.32,67.24,1713,BRUTE_FORCE
15,3,18.39,60.31,4621,BRUTE_FORCE
2,3,5.16,21.86,2315,NORMAL
0,4,4.26,27.02,1474,NORMAL
12,3,12.65,55.94,1876,BRUTE_FORCE
25,2,19.3,81.13,4015,BRUTE_FORCE
3,59,25.81,238.62,3794,PORT_SCAN
1,52,31.8,126.95,5637,PORT_SCAN
14,1,15.52,52.13,4614,BRUTE_FORCE
1,51,39.66,231.26,3155,PORT_SCAN
0,25,40.55,235.61,6956,PORT_SCAN
2,48,33.17,172.18,4193,PORT_SCAN
1,22,33.6,162.19,9658,PORT_SCAN
3,26,24.14,81.14,3365,PORT_SCAN
25,1,11.16,48.18,2602,BRUTE_FORCE
0,55,33.25,180.38,8631,PORT_SCAN
0,2,3.42,17.2,2317,NORMAL
2,3,4.13,7.79,2049,NORMAL
11,3,24.95,96.52,3459,BRUTE_FORCE
2,21,41.47,231.4,8174,PORT_SCAN
0,14,56.74,240.0,4883,PORT_SCAN
22,3,15.07,83.94,3428,BRUTE_FORCE
3,33,59.71,145.02,9623,PORT_SCAN
17,2,9.9,51.27,3286,BRUTE_FORCE
1,3,1.82,26.62,2105,NORMAL
0,13,37.74,200.8,5074,PORT_SCAN
1,34,37.74,82.7,5054,PORT_SCAN
0,50,50.5,209.25,2865,PORT_SCAN
14,3,9.4,98.1,2512,BRUTE_FORCE
28,3,20.69,112.0,3043,BRUTE_FORCE
30,2,17.28,106.77,3885,BRUTE_FORCE
13,4,12.57,106.31,1748,BRUTE_FORCE
3,43,42.13,211.13,6480,PORT_SCAN
1,48,53.07,159.46,8065,PORT_SCAN
2,4,3.63,24.41,2161,NORMAL
1,4,3.6,8.72,2329,NORMAL
1,13,20.08,110.19,3593,PORT_SCAN
29,3,11.16,51.52,3395,BRUTE_FORCE
25,3,15.69,104.2,2434,BRUTE_FORCE
1,55,20.09,80.92,4111,PORT_SCAN
2,1,5.73,25.51,1811,NORMAL
1,2,5.69,8.23,2281,NORMAL
0,3,1.67,26.65,1497,NORMAL
0,1,3.07,14.53,708,NORMAL
28,3,12.18,82.97,3243,BRUTE_FORCE
1,39,50.81,192.09,4764,PORT_SCAN
18,4,9.7,114.32,1833,BRUTE_FORCE
2,27,38.19,212.08,7963,PORT_SCAN
12,1,21.47,40.75,4742,BRUTE_FORCE
1,2,4.47,17.02,1532,NORMAL
23,4,24.57,50.86,2062,BRUTE_FORCE
23,2,10.06,92.55,4394,BRUTE_FORCE
0,2,1.89,19.5,1360,NORMAL
3,45,25.84,126.37,5121,PORT_SCAN
0,21,53.68,144.64,3197,PORT_SCAN
1,4,4.09,19.84,882,NORMAL
2,25,33.24,127.29,6652,PORT_SCAN
0,4,4.89,24.07,2402,NORMAL
2,2,4.08,12.52,1622,NORMAL
0,4,2.08,16.87,805,NORMAL
2,35,44.75,172.81,9805,PORT_SCAN
2,2,2.75,12.11,2107,NORMAL
1,2,1.51,9.83,1563,NORMAL
0,2,1.66,16.52,1855,NORMAL
10,2,9.48,47.09,2691,BRUTE_FORCE
1,2,1.1,14.82,1438,NORMAL
9,4,16.29,80.45,3978,BRUTE_FORCE
2,3,1.52,18.25,987,NORMAL
20,3,13.75,105.82,3957,BRUTE_FORCE
29,3,20.04,85.08,4836,BRUTE_FORCE
11,4,10.82,92.65,3394,BRUTE_FORCE
1,1,5.33,13.3,754,NORMAL
16,4,19.13,43.95,1839,BRUTE_FORCE
23,3,18.2,90.12,3119,BRUTE_FORCE
29,4,10.86,75.7,1973,BRUTE_FORCE
19,4,17.66,109.16,2895,BRUTE_FORCE
2,1,1.93,22.96,687,NORMAL
2,1,1.41,28.62,576,NORMAL
0,1,1.4,26.81,1104,NORMAL
2,19,41.73,154.6,7517,PORT_SCAN
24,2,16.32,110.83,3451,BRUTE_FORCE
0,3,1.64,14.34,1760,NORMAL
3,54,46.49,247.53,3269,PORT_SCAN
2,15,58.69,181.24,9231,PORT_SCAN
3,37,34.17,148.39,7062,PORT_SCAN
2,42,34.96,125.48,5927,PORT_SCAN
20,2,18.62,116.64,4439,BRUTE_FORCE
3,54,31.63,201.2,4507,PORT_SCAN
11,4,20.3,61.97,4587,BRUTE_FORCE
21,1,8.71,114.29,4650,BRUTE_FORCE
2,46,37.26,249.29,2691,PORT_SCAN
2,4,2.24,26.63,827,NORMAL
0,3,2.87,17.12,1196,NORMAL
3,25,25.69,179.21,8432,PORT_SCAN
0,37,25.23,225.7,5527,PORT_SCAN
3,40,48.0,148.45,6567,PORT_SCAN
0,4,3.23,21.92,1222,NORMAL
28,1,19.44,115.49,2689,BRUTE_FORCE
3,32,58.53,133.47,3645,PORT_SCAN
12,3,13.87,63.47,3555,BRUTE_FORCE
12,2,21.35,118.37,2641,BRUTE_FORCE
0,2,1.09,29.03,1734,NORMAL
3,53,35.23,179.82,3497,PORT_SCAN
8,2,20.91,85.87,3052,BRUTE_FORCE
28,3,24.1,68.84,2482,BRUTE_FORCE
2,45,30.45,106.51,2990,PORT_SCAN
22,1,12.98,48.32,3452,BRUTE_FORCE
1,46,31.58,183.21,4088,PORT_SCAN
28,2,21.1,66.92,2684,BRUTE_FORCE
1,47,58.05,240.79,6751,PORT_SCAN
26,3,12.19,90.77,3582,BRUTE_FORCE
10,3,15.15,98.34,3743,BRUTE_FORCE
3,46,44.36,86.37,4756,PORT_SCAN
3,30,31.91,86.05,3414,PORT_SCAN
18,3,15.08,53.01,2228,BRUTE_FORCE
0,4,1.67,26.15,1460,NORMAL
2,21,33.56,122.67,6405,PORT_SCAN
1,1,5.66,24.85,1150,NORMAL
20,2,10.75,119.4,4991,BRUTE_FORCE
2,48,31.56,114.18,7111,PORT_SCAN
2,4,2.15,25.06,2117,NORMAL
20,3,19.0,116.35,2131,BRUTE_FORCE
0,1,2.1,14.63,1321,NORMAL
2,15,54.21,227.3,5613,PORT_SCAN
1,56,49.78,169.35,8889,PORT_SCAN
0,24,59.69,235.2,6280,PORT_SCAN
0,45,59.41,183.92,9596,PORT_SCAN
23,1,18.28,82.02,3990,BRUTE_FORCE
3,51,41.79,139.91,9386,PORT_SCAN
2,3,3.7,14.68,2061,NORMAL
20,1,10.04,105.23,3208,BRUTE_FORCE
2,1,5.71,19.99,989,NORMAL
0,57,33.1,91.44,4909,PORT_SCAN
2,15,41.1,196.46,5944,PORT_SCAN
1,2,1.27,19.58,609,NORMAL
2,4,3.63,24.83,1564,NORMAL
3,44,21.47,244.63,8247,PORT_SCAN
1,35,24.94,205.74,8007,PORT_SCAN
2,4,2.94,27.51,1194,NORMAL
1,13,40.74,119.7,9312,PORT_SCAN
1,31,25.58,239.48,9994,PORT_SCAN
9,2,15.88,91.69,1870,BRUTE_FORCE
1,32,33.87,229.13,3329,PORT_SCAN
9,2,12.73,69.62,1729,BRUTE_FORCE
2,1,5.31,23.08,671,NORMAL
3,60,41.92,97.34,7495,PORT_SCAN
2,60,58.84,231.07,8015,PORT_SCAN
30,1,16.54,112.04,4778,BRUTE_FORCE
0,1,2.69,5.41,1462,NORMAL
1,26,31.2,83.83,5786,PORT_SCAN
0,3,3.97,17.13,1377,NORMAL
22,2,9.2,118.32,4449,BRUTE_FORCE
1,46,54.78,221.86,6793,PORT_SCAN
26,4,16.94,77.32,4874,BRUTE_FORCE
2,2,1.98,17.28,1890,NORMAL
1,1,3.01,8.42,1744,NORMAL
1,39,37.14,110.07,7373,PORT_SCAN
3,25,28.43,118.18,8619,PORT_SCAN
22,1,22.1,47.54,4438,BRUTE_FORCE
2,41,54.71,232.67,9910,PORT_SCAN
12,1,21.07,40.09,1556,BRUTE_FORCE
14,2,14.99,77.49,4524,BRUTE_FORCE
0,1,5.07,23.37,1997,NORMAL
0,1,3.62,6.67,2210,NORMAL
3,36,58.86,155.17,4548,PORT_SCAN
1,3,5.62,16.18,2074,NORMAL
1,27,36.38,82.97,8921,PORT_SCAN
1,2,1.63,11.54,814,NORMAL
2,23,29.63,105.28,3771,PORT_SCAN
0,19,50.65,132.62,9606,PORT_SCAN
0,1,3.02,6.32,899,NORMAL
1,40,44.6,214.38,9780,PORT_SCAN
19,1,17.35,90.15,2541,BRUTE_FORCE
21,3,24.89,94.94,4455,BRUTE_FORCE
1,2,5.33,13.48,1253,NORMAL
3,14,41.48,188.08,3826,PORT_SCAN
2,2,2.62,24.11,2305,NORMAL
2,42,41.87,100.21,9662,PORT_SCAN
0,39,25.89,166.3,7246,PORT_SCAN
28,1,14.9,89.68,2457,BRUTE_FORCE
2,4,5.81,23.78,573,NORMAL
2,2,2.31,17.56,1251,NORMAL
0,43,54.43,243.29,5560,PORT_SCAN
13,1,15.57,64.46,2838,BRUTE_FORCE
3,60,49.25,183.1,4415,PORT_SCAN
0,4,2.08,16.3,1602,NORMAL
2,3,1.96,21.95,2486,NORMAL
0,4,3.13,23.82,2062,NORMAL
3,60,31.22,137.93,9002,PORT_SCAN
30,4,24.73,77.21,3240,BRUTE_FORCE
0,43,50.2,119.09,5096,PORT_SCAN
13,4,11.75,112.38,1570,BRUTE_FORCE
1,3,2.67,10.41,880,NORMAL
29,4,21.14,97.22,4318,BRUTE_FORCE
24,2,21.81,84.55,2944,BRUTE_FORCE
2,3,5.97,17.96,943,NORMAL
1,3,1.89,6.54,809,NORMAL
25,4,12.72,53.31,4037,BRUTE_FORCE
9,4,22.53,97.87,1843,BRUTE_FORCE
24,1,16.42,113.27,4346,BRUTE_FORCE
16,1,11.07,96.22,2765,BRUTE_FORCE
2,3,4.64,10.34,1646,NORMAL
2,1,2.57,16.72,1538,NORMAL
1,3,2.65,8.54,1674,NORMAL
25,2,11.26,99.09,2632,BRUTE_FORCE
13,2,20.06,80.06,3448,BRUTE_FORCE
3,48,22.19,114.75,4230,PORT_SCAN
3,26,54.1,95.37,9115,PORT_SCAN
9,2,16.05,70.86,4051,BRUTE_FORCE
16,1,24.23,108.07,2753,BRUTE_FORCE
0,50,40.62,121.13,3676,PORT_SCAN
1,2,3.92,11.49,1976,NORMAL
28,1,21.66,107.03,2152,BRUTE_FORCE
20,4,15.46,112.17,3893,BRUTE_FORCE
1,3,1.97,7.13,2242,NORMAL
0,58,40.23,106.93,9492,PORT_SCAN
1,51,32.55,88.15,2729,PORT_SCAN
0,1,3.35,26.16,995,NORMAL
1,1,3.37,18.59,669,NORMAL
16,1,9.23,119.09,4470,BRUTE_FORCE
23,3,8.43,109.77,1592,BRUTE_FORCE
20,3,14.35,65.16,2313,BRUTE_FORCE
2,26,43.42,210.67,2633,PORT_SCAN
1,4,1.01,13.82,1668,NORMAL
27,3,19.1,53.39,1746,BRUTE_FORCE
1,3,5.8,24.2,1853,NORMAL
1,34,44.02,159.85,2698,PORT_SCAN
2,4,3.07,13.79,2196,NORMAL
24,4,9.92,46.2,2335,BRUTE_FORCE
2,2,1.9,22.16,1149,NORMAL
21,2,22.39,59.24,2951,BRUTE_FORCE
24,4,10.41,59.03,3774,BRUTE_FORCE
1,1,1.93,20.75,2473,NORMAL
2,44,33.59,238.12,7882,PORT_SCAN
2,1,1.64,24.92,1117,NORMAL
2,3,1.02,27.99,582,NORMAL
0,1,4.51,6.89,883,NORMAL
0,2,2.1,8.25,2429,NORMAL
12,2,20.98,109.97,1741,BRUTE_FORCE
8,3,13.63,48.77,3206,BRUTE_FORCE
22,4,21.25,94.74,2213,BRUTE_FORCE
1,41,58.12,168.91,8914,PORT_SCAN
1,34,40.68,88.23,9156,PORT_SCAN
2,2,2.26,27.4,1556,NORMAL
0,2,4.94,7.0,1009,NORMAL
1,53,59.72,160.31,9315,PORT_SCAN
23,1,12.03,85.75,3854,BRUTE_FORCE
16,3,20.69,70.57,3266,BRUTE_FORCE
29,1,14.32,118.54,3669,BRUTE_FORCE
1,4,1.45,18.22,2043,NORMAL
2,3,2.92,12.7,1704,NORMAL
0,41,52.42,221.83,5283,PORT_SCAN
0,1,3.07,9.55,2294,NORMAL
12,4,13.5,59.84,2568,BRUTE_FORCE
3,15,50.23,226.39,3752,PORT_SCAN
28,4,16.71,48.39,4666,BRUTE_FORCE
2,4,4.71,8.16,569,NORMAL
30,3,13.62,85.59,3580,BRUTE_FORCE
19,3,20.32,45.62,2067,BRUTE_FORCE
3,35,32.25,172.61,8746,PORT_SCAN
1,28,45.32,162.89,5771,PORT_SCAN
0,1,2.39,19.72,774,NORMAL
23,4,12.0,119.56,2386,BRUTE_FORCE
1,4,4.05,19.75,2322,NORMAL
2,55,41.09,149.28,6506,PORT_SCAN
2,35,48.66,166.97,7821,PORT_SCAN
3,27,29.32,236.38,8827,PORT_SCAN
20,1,8.15,65.79,2116,BRUTE_FORCE
0,31,53.81,107.57,2921,PORT_SCAN
2,53,39.61,84.65,2816,PORT_SCAN
2,2,5.39,20.99,904,NORMAL
28,2,8.48,101.18,3519,BRUTE_FORCE
10,1,10.47,43.87,2118,BRUTE_FORCE
2,38,28.97,99.68,5597,PORT_SCAN
0,3,1.02,11.01,2166,NORMAL
0,4,5.81,25.67,1022,NORMAL
1,3,5.79,23.79,2277,NORMAL
3,37,20.87,108.24,3748,PORT_SCAN
20,1,19.7,69.36,3514,BRUTE_FORCE
2,4,5.83,8.62,2134,NORMAL
8,1,20.68,57.21,3219,BRUTE_FORCE
13,1,24.95,71.76,3529,BRUTE_FORCE
1,29,37.53,169.92,8589,PORT_SCAN
22,1,13.13,90.09,1769,BRUTE_FORCE
3,51,51.37,96.71,8783,PORT_SCAN
1,3,1.96,18.48,1947,NORMAL
2,3,3.51,23.72,1417,NORMAL
3,42,26.23,131.59,6030,PORT_SCAN
0,1,3.66,16.59,505,NORMAL
13,4,15.03,56.51,2727,BRUTE_FORCE
0,1,2.47,15.11,998,NORMAL
3,36,30.17,180.21,6517,PORT_SCAN
30,4,20.79,100.56,2902,BRUTE_FORCE
0,4,1.79,23.02,2377,NORMAL
27,1,12.16,83.79,4038,BRUTE_FORCE
2,2,4.96,15.55,630,NORMAL
11,3,12.02,74.28,2497,BRUTE_FORCE
3,21,26.45,128.34,7914,PORT_SCAN
2,2,1.63,23.25,1510,NORMAL
0,2,5.0,15.15,771,NORMAL
0,3,1.22,17.4,716,NORMAL
1,4,2.0,13.67,1275,NORMAL
2,20,43.27,104.84,6276,PORT_SCAN
0,1,3.04,15.39,872,NORMAL
1,1,3.71,11.11,512,NORMAL
20,1,21.6,70.76,4855,BRUTE_FORCE
1,59,26.72,138.99,4398,PORT_SCAN
12,2,19.25,115.23,4370,BRUTE_FORCE
2,20,51.57,118.55,5546,PORT_SCAN
0,3,1.66,14.05,1259,NORMAL
0,37,23.24,110.16,9155,PORT_SCAN
1,53,20.04,215.08,3955,PORT_SCAN
12,3,20.54,53.66,1850,BRUTE_FORCE
1,53,42.04,132.37,5790,PORT_SCAN
1,3,3.99,12.0,589,NORMAL
21,2,11.41,102.92,2998,BRUTE_FORCE
0,2,2.44,7.39,1092,NORMAL
30,3,15.06,78.6,3434,BRUTE_FORCE
2,2,1.89,25.11,549,NORMAL
2,4,4.36,12.7,544,NORMAL
12,1,22.9,47.33,3526,BRUTE_FORCE
0,2,2.35,25.84,1234,NORMAL
1,2,1.18,28.07,2034,NORMAL
0,2,4.24,13.37,782,NORMAL
26,1,10.35,75.86,2761,BRUTE_FORCE
0,14,27.17,211.23,4613,PORT_SCAN
1,29,47.09,163.1,8180,PORT_SCAN
0,24,57.71,90.38,8149,PORT_SCAN
0,4,5.47,15.35,777,NORMAL
2,14,55.77,212.79,9311,PORT_SCAN
14,3,18.66,85.43,1967,BRUTE_FORCE
0,32,20.02,117.16,4877,PORT_SCAN
0,2,4.32,16.17,2089,NORMAL
0,29,30.96,114.45,4664,PORT_SCAN
23,1,22.38,109.35,2006,BRUTE_FORCE
0,19,33.14,130.14,6146,PORT_SCAN
25,2,14.95,86.37,1825,BRUTE_FORCE
24,2,23.45,50.3,3344,BRUTE_FORCE
3,19,50.65,246.63,7307,PORT_SCAN
0,31,23.73,146.67,6930,PORT_SCAN
16,2,15.81,107.09,2698,BRUTE_FORCE
1,21,53.29,129.21,6518,PORT_SCAN
17,1,16.89,42.3,4074,BRUTE_FORCE
3,30,52.37,198.02,6999,PORT_SCAN
29,2,20.13,75.02,3428,BRUTE_FORCE
2,22,20.9,171.53,6149,PORT_SCAN
0,1,3.01,15.72,1032,NORMAL
8,2,9.12,101.63,4606,BRUTE_FORCE
9,2,11.28,75.66,1904,BRUTE_FORCE
21,3,18.95,57.08,2078,BRUTE_FORCE
1,3,1.27,11.81,700,NORMAL
2,12,59.01,113.85,4827,PORT_SCAN
0,4,2.73,21.19,1969,NORMAL
25,2,24.6,61.88,4839,BRUTE_FORCE
2,41,36.82,210.68,3773,PORT_SCAN
2,1,5.88,14.86,1504,NORMAL
0,3,1.27,6.68,2293,NORMAL
17,1,15.72,57.39,4881,BRUTE_FORCE
16,3,16.49,46.35,2368,BRUTE_FORCE
1,4,4.75,24.6,1786,NORMAL
3,21,32.92,228.99,2574,PORT_SCAN
0,54,25.66,142.91,6765,PORT_SCAN
13,1,8.91,57.22,2281,BRUTE_FORCE
1,40,39.77,249.34,8446,PORT_SCAN
12,4,18.32,107.97,1897,BRUTE_FORCE
0,23,40.0,159.0,3126,PORT_SCAN
0,50,51.27,248.83,3699,PORT_SCAN
3,16,26.99,230.97,4469,PORT_SCAN
2,2,2.5,6.42,2184,NORMAL
0,46,39.93,204.26,8333,PORT_SCAN
9,3,12.21,100.03,4107,BRUTE_FORCE
3,37,57.56,97.63,9137,PORT_SCAN
1,1,1.13,14.93,2066,NORMAL
1,25,48.7,92.52,7323,PORT_SCAN
19,4,21.34,98.8,4585,BRUTE_FORCE
30,4,17.98,98.13,3199,BRUTE_FORCE
2,60,40.11,187.81,3325,PORT_SCAN
1,4,4.58,26.79,2054,NORMAL
2,32,53.12,246.45,5236,PORT_SCAN
26,3,11.04,63.47,3041,BRUTE_FORCE
0,2,4.09,16.0,1061,NORMAL
2,1,3.13,14.86,2158,NORMAL
19,2,14.74,52.7,3372,BRUTE_FORCE
18,1,10.56,76.69,2104,BRUTE_FORCE
19,4,12.27,83.53,1985,BRUTE_FORCE
26,3,16.34,118.75,3593,BRUTE_FORCE
2,2,1.51,10.83,969,NORMAL
0,44,31.01,220.6,5077,PORT_SCAN
21,4,13.97,108.47,2218,BRUTE_FORCE
2,4,1.95,10.19,2194,NORMAL
1,46,22.23,120.18,9123,PORT_SCAN
16,3,17.46,47.55,2861,BRUTE_FORCE
3,15,28.68,139.28,8403,PORT_SCAN
15,3,18.81,95.48,1539,BRUTE_FORCE
3,44,52.8,182.98,3856,PORT_SCAN
1,4,1.09,17.15,2231,NORMAL
2,4,4.65,28.96,2203,NORMAL
1,1,5.77,9.84,1745,NORMAL
1,4,3.69,26.84,791,NORMAL
12,2,22.37,46.14,2073,BRUTE_FORCE
2,1,5.76,9.78,533,NORMAL
0,28,38.02,196.58,5057,PORT_SCAN
0,52,22.65,248.91,5966,PORT_SCAN
0,22,24.48,82.7,4041,PORT_SCAN
1,1,2.16,22.67,1939,NORMAL
1,4,1.6,14.74,1688,NORMAL
15,4,13.11,44.88,3923,BRUTE_FORCE
2,4,4.0,16.65,1545,NORMAL
19,4,17.72,86.64,1750,BRUTE_FORCE
30,3,11.61,79.94,4133,BRUTE_FORCE
2,1,3.7,28.95,566,NORMAL
2,2,2.56,29.47,889,NORMAL
0,36,32.32,204.13,6155,PORT_SCAN
19,1,24.48,62.44,1627,BRUTE_FORCE
0,49,52.11,128.45,5030,PORT_SCAN
8,3,21.0,70.09,2088,BRUTE_FORCE
1,2,2.93,25.97,1361,NORMAL
1,2,1.75,14.89,1509,NORMAL
23,1,16.09,116.16,2988,BRUTE_FORCE
1,13,33.9,164.09,2917,PORT_SCAN
3,18,40.53,157.66,2972,PORT_SCAN
2,12,21.68,228.19,5054,PORT_SCAN
24,4,24.79,41.93,4956,BRUTE_FORCE
10,1,23.8,102.33,2470,BRUTE_FORCE
0,58,52.23,198.68,5287,PORT_SCAN
1,1,3.83,14.94,701,NORMAL
0,4,1.96,15.72,558,NORMAL
0,24,33.67,122.61,5689,PORT_SCAN
2,1,3.87,21.16,1897,NORMAL
2,3,5.52,26.63,1837,NORMAL
0,37,27.39,241.22,5478,PORT_SCAN
2,22,23.6,184.29,4983,PORT_SCAN
1,4,1.04,29.02,2399,NORMAL
27,2,17.92,57.77,4642,BRUTE_FORCE
0,42,42.71,206.54,9306,PORT_SCAN
1,31,51.02,144.71,2556,PORT_SCAN
23,3,23.2,100.98,1688,BRUTE_FORCE
3,34,41.87,202.46,7511,PORT_SCAN
0,51,35.38,183.19,5021,PORT_SCAN
1,56,22.82,227.61,4422,PORT_SCAN
3,33,55.54,100.89,4391,PORT_SCAN
1,2,2.98,10.77,2226,NORMAL
16,2,19.33,74.33,3441,BRUTE_FORCE
1,14,33.83,238.74,3304,PORT_SCAN
3,17,51.05,120.4,3498,PORT_SCAN
22,4,15.93,88.51,1761,BRUTE_FORCE
15,1,18.7,69.65,3669,BRUTE_FORCE
26,3,22.35,40.28,3776,BRUTE_FORCE
1,53,24.95,186.55,9768,PORT_SCAN
10,2,14.36,105.99,1503,BRUTE_FORCE
1,2,4.24,20.89,1450,NORMAL
0,2,1.02,6.93,1933,NORMAL
1,3,1.82,27.36,2033,NORMAL
0,42,34.42,138.09,4779,PORT_SCAN
2,3,4.32,8.12,2343,NORMAL
12,3,13.14,40.65,3767,BRUTE_FORCE
1,11,37.35,126.27,6668,PORT_SCAN
25,4,19.65,105.57,3444,BRUTE_FORCE
8,4,14.32,96.11,4214,BRUTE_FORCE
9,2,8.22,57.29,4852,BRUTE_FORCE
2,4,1.68,26.28,2300,NORMAL
0,2,2.2,20.1,2460,NORMAL
30,3,14.15,50.37,3739,BRUTE_FORCE
13,2,17.45,62.71,3695,BRUTE_FORCE
2,43,56.74,168.96,5722,PORT_SCAN
12,4,22.13,81.96,3782,BRUTE_FORCE
21,1,13.55,77.89,4004,BRUTE_FORCE
22,3,23.04,47.12,4843,BRUTE_FORCE
1,20,58.84,152.99,8536,PORT_SCAN
24,4,10.87,105.1,3081,BRUTE_FORCE
0,50,50.31,230.3,3774,PORT_SCAN
1,2,2.93,29.72,2378,NORMAL
20,1,15.41,61.11,3401,BRUTE_FORCE
19,3,16.56,73.83,1723,BRUTE_FORCE
1,48,29.29,196.85,5443,PORT_SCAN
0,50,20.07,133.07,5997,PORT_SCAN
22,4,10.28,61.48,2644,BRUTE_FORCE
29,3,18.35,83.19,3330,BRUTE_FORCE
27,1,23.64,93.61,3543,BRUTE_FORCE
2,30,26.26,141.67,7889,PORT_SCAN
2,18,47.09,122.24,7064,PORT_SCAN
10,1,22.22,79.99,3695,BRUTE_FORCE
2,4,3.19,6.86,540,NORMAL
21,3,21.5,44.66,4026,BRUTE_FORCE
2,3,5.53,21.45,705,NORMAL
3,60,44.84,113.61,4110,PORT_SCAN
0,2,3.35,10.21,1201,NORMAL
24,3,9.7,95.66,4274,BRUTE_FORCE
25,4,18.63,51.25,2880,BRUTE_FORCE
1,27,49.95,238.1,5760,PORT_SCAN
16,2,13.49,83.2,4013,BRUTE_FORCE
2,4,3.76,26.17,1031,NORMAL
0,2,1.23,14.1,2384,NORMAL
1,4,3.86,24.7,2299,NORMAL
19,1,21.35,118.46,3677,BRUTE_FORCE
3,34,44.43,245.8,9652,PORT_SCAN
15,4,11.3,110.55,2721,BRUTE_FORCE
1,57,32.78,83.7,6111,PORT_SCAN
27,3,17.19,44.06,1618,BRUTE_FORCE
0,41,44.63,239.64,4791,PORT_SCAN
9,4,18.94,113.28,1597,BRUTE_FORCE
3,55,49.41,140.68,9996,PORT_SCAN
3,23,55.82,232.6,8253,PORT_SCAN
1,44,37.62,173.35,2966,PORT_SCAN
0,2,4.55,12.85,1205,NORMAL
0,1,3.14,18.27,967,NORMAL
22,4,23.31,42.6,4101,BRUTE_FORCE
2,1,2.26,8.94,1134,NORMAL
0,24,29.69,135.47,8861,PORT_SCAN
0,4,1.2,8.83,693,NORMAL
25,4,16.11,50.21,1538,BRUTE_FORCE
15,4,15.18,41.67,4318,BRUTE_FORCE
0,3,1.15,12.57,1321,NORMAL
0,15,53.85,185.61,9939,PORT_SCAN
1,56,33.93,199.36,7038,PORT_SCAN
0,3,1.6,27.44,2339,NORMAL
21,2,19.29,46.85,2977,BRUTE_FORCE
2,40,42.41,155.46,9629,PORT_SCAN
8,3,22.51,82.54,1683,BRUTE_FORCE
25,1,20.05,100.03,4666,BRUTE_FORCE
1,4,3.07,18.78,1663,NORMAL
2,1,5.12,6.05,715,NORMAL
14,3,13.19,48.36,3184,BRUTE_FORCE
24,4,23.8,104.68,1846,BRUTE_FORCE
8,4,11.17,81.97,2831,BRUTE_FORCE
0,3,1.99,15.64,1924,NORMAL
26,4,15.9,40.86,2635,BRUTE_FORCE
2,2,1.53,7.44,1859,NORMAL
24,4,16.56,97.65,2560,BRUTE_FORCE
1,3,3.13,21.31,1977,NORMAL
11,2,24.2,46.6,1893,BRUTE_FORCE
1,19,30.39,138.58,7896,PORT_SCAN
2,56,39.71,154.01,3444,PORT_SCAN
20,1,22.93,98.24,4864,BRUTE_FORCE
1,2,5.46,22.81,649,NORMAL
1,3,3.54,27.25,2103,NORMAL
1,4,1.41,22.17,1523,NORMAL
1,53,39.62,122.51,7715,PORT_SCAN
11,3,19.85,96.39,4669,BRUTE_FORCE
0,23,28.18,81.69,2679,PORT_SCAN
0,3,5.1,7.43,1751,NORMAL
14,2,19.53,46.29,2169,BRUTE_FORCE
3,30,56.23,88.84,4456,PORT_SCAN
20,3,22.93,91.33,2559,BRUTE_FORCE
1,2,3.27,24.21,829,NORMAL
1,43,40.13,208.35,8850,PORT_SCAN
13,1,15.07,87.26,4786,BRUTE_FORCE
1,1,5.13,28.64,1143,NORMAL
2,13,52.35,160.19,5428,PORT_SCAN
1,25,59.75,197.99,9443,PORT_SCAN
0,4,2.86,23.06,762,NORMAL
15,1,24.59,46.95,2630,BRUTE_FORCE
1,47,48.89,142.26,2616,PORT_SCAN
0,18,24.77,149.83,5746,PORT_SCAN
1,53,36.97,97.67,6905,PORT_SCAN
1,2,5.84,17.83,1583,NORMAL
1,53,50.41,81.65,5384,PORT_SCAN
0,45,29.4,229.79,8344,PORT_SCAN
0,4,1.54,22.14,1868,NORMAL
1,3,2.3,7.13,2164,NORMAL
28,3,23.18,52.52,4975,BRUTE_FORCE
2,1,1.55,11.21,1861,NORMAL
14,3,21.01,60.09,2869,BRUTE_FORCE
2,3,2.95,6.45,2431,NORMAL
1,1,3.72,20.65,884,NORMAL
27,2,9.59,76.22,4287,BRUTE_FORCE
3,23,30.15,195.6,4230,PORT_SCAN
30,4,14.11,99.55,2293,BRUTE_FORCE
1,14,37.56,186.33,9659,PORT_SCAN
21,2,10.2,82.61,2442,BRUTE_FORCE
1,2,4.14,25.42,1682,NORMAL
3,48,37.74,230.33,8727,PORT_SCAN
0,41,52.86,153.99,7597,PORT_SCAN
1,2,5.97,15.21,1038,NORMAL
10,2,23.07,109.12,3642,BRUTE_FORCE
16,2,8.44,87.77,1620,BRUTE_FORCE
1,2,4.36,27.06,1074,NORMAL
23,2,14.77,49.42,4628,BRUTE_FORCE
2,2,1.55,18.74,616,NORMAL
0,25,50.85,130.29,7178,PORT_SCAN
1,10,33.65,221.08,9052,PORT_SCAN
0,17,35.3,97.77,9981,PORT_SCAN
2,15,49.29,137.55,6431,PORT_SCAN
29,2,22.83,52.71,2174,BRUTE_FORCE
2,47,55.13,175.61,3421,PORT_SCAN
29,4,9.14,106.54,1881,BRUTE_FORCE
10,2,15.95,65.59,4903,BRUTE_FORCE
2,21,45.65,101.24,7572,PORT_SCAN
2,2,4.8,21.39,862,NORMAL
21,1,14.58,80.5,2241,BRUTE_FORCE
1,27,46.76,116.42,3583,PORT_SCAN
1,3,2.86,19.64,1449,NORMAL
2,47,31.97,243.54,8155,PORT_SCAN
3,57,30.46,215.46,5481,PORT_SCAN
2,15,21.76,119.35,9426,PORT_SCAN
19,3,17.31,64.84,4318,BRUTE_FORCE
20,1,20.64,77.81,1809,BRUTE_FORCE
1,3,3.88,9.43,1318,NORMAL
1,3,3.65,15.13,1653,NORMAL
26,2,12.94,69.47,3351,BRUTE_FORCE
3,39,34.68,231.16,8122,PORT_SCAN
27,2,15.2,51.46,4128,BRUTE_FORCE
30,1,14.38,91.23,4659,BRUTE_FORCE
2,44,31.34,94.0,7637,PORT_SCAN
30,2,8.13,102.66,2526,BRUTE_FORCE
0,2,4.53,15.15,576,NORMAL
2,1,4.67,19.13,2495,NORMAL
9,1,18.14,56.79,4530,BRUTE_FORCE
2,1,3.85,22.19,1416,NORMAL
0,4,2.18,14.91,988,NORMAL
2,2,1.78,19.84,1004,NORMAL
1,3,3.03,27.92,2069,NORMAL
0,2,1.08,18.83,1696,NORMAL
2,3,5.75,27.29,1754,NORMAL
1,4,2.87,23.08,1629,NORMAL
1,3,2.78,21.75,1568,NORMAL
3,35,59.47,162.61,5333,PORT_SCAN
9,2,9.35,57.62,4262,BRUTE_FORCE
2,2,3.88,15.02,1367,NORMAL
1,1,5.09,19.66,1540,NORMAL
2,45,25.24,128.96,9715,PORT_SCAN
1,2,5.68,5.2,2156,NORMAL
21,2,17.41,107.26,4852,BRUTE_FORCE
2,2,4.23,5.05,1475,NORMAL
1,3,4.86,16.74,1570,NORMAL
1,10,48.22,112.37,4725,PORT_SCAN
1,4,2.13,7.2,1982,NORMAL
3,32,46.79,148.93,4140,PORT_SCAN
1,3,5.68,29.79,855,NORMAL
24,4,19.67,89.88,3823,BRUTE_FORCE
1,4,4.12,22.91,2226,NORMAL
17,1,22.04,65.08,3336,BRUTE_FORCE
29,2,18.36,41.63,4713,BRUTE_FORCE
0,32,37.26,105.61,6613,PORT_SCAN
0,16,35.18,224.66,9729,PORT_SCAN
3,33,42.57,248.49,4718,PORT_SCAN
26,1,22.28,107.66,4707,BRUTE_FORCE
2,4,1.01,22.56,1465,NORMAL
2,40,41.59,216.8,6119,PORT_SCAN
29,4,19.43,68.24,4829,BRUTE_FORCE
0,4,2.96,12.59,2456,NORMAL
20,3,15.66,85.71,3858,BRUTE_FORCE
28,4,15.18,117.35,1901,BRUTE_FORCE
0,38,48.75,243.88,6032,PORT_SCAN
3,33,45.42,220.88,8294,PORT_SCAN
11,2,11.49,42.92,3087,BRUTE_FORCE
1,1,5.02,28.9,1046,NORMAL
3,59,26.31,229.54,3161,PORT_SCAN
1,2,3.17,15.65,582,NORMAL
12,4,23.13,85.02,2252,BRUTE_FORCE
1,1,4.72,10.56,652,NORMAL
0,45,46.09,215.91,3967,PORT_SCAN
22,1,8.12,104.27,3139,BRUTE_FORCE
25,3,11.87,78.92,4464,BRUTE_FORCE
1,4,4.52,18.8,862,NORMAL
14,4,23.28,76.97,2844,BRUTE_FORCE
2,2,2.88,26.9,1394,NORMAL
14,2,18.72,104.17,4755,BRUTE_FORCE
0,1,3.27,9.08,834,NORMAL
26,1,9.81,56.92,2782,BRUTE_FORCE
1,3,3.73,8.15,2019,NORMAL
1,53,35.78,206.84,3495,PORT_SCAN
1,3,3.9,6.28,2485,NORMAL
2,1,2.49,5.87,745,NORMAL
24,3,15.37,114.9,2593,BRUTE_FORCE
30,1,19.22,82.73,1550,BRUTE_FORCE
2,39,28.1,167.19,8845,PORT_SCAN
16,3,14.49,43.68,2751,BRUTE_FORCE
0,1,3.11,20.73,1258,NORMAL
22,2,20.98,42.54,1809,BRUTE_FORCE
0,3,4.2,19.16,2346,NORMAL
0,3,1.7,11.98,1372,NORMAL
15,1,15.14,45.31,3448,BRUTE_FORCE
1,1,1.7,11.75,1119,NORMAL
2,2,2.6,20.98,1333,NORMAL
1,58,39.12,126.19,3563,PORT_SCAN
3,11,29.14,203.62,3574,PORT_SCAN
0,10,45.09,120.88,3314,PORT_SCAN
9,3,13.37,84.82,3241,BRUTE_FORCE
1,3,2.46,21.02,1536,NORMAL
1,14,50.88,170.15,3615,PORT_SCAN
1,3,3.73,20.41,1602,NORMAL
1,2,2.92,28.33,1085,NORMAL
0,23,40.59,163.63,4964,PORT_SCAN
11,2,15.02,103.82,3595,BRUTE_FORCE
2,11,29.48,216.8,5362,PORT_SCAN
2,2,2.82,27.95,1293,NORMAL
3,19,38.72,130.84,4759,PORT_SCAN
0,3,5.31,17.03,2447,NORMAL
0,32,53.87,218.81,2858,PORT_SCAN
2,4,4.54,12.49,2170,NORMAL
2,2,4.51,21.83,2006,NORMAL
14,1,10.63,50.08,1540,BRUTE_FORCE
20,3,14.7,115.13,3842,BRUTE_FORCE
25,3,17.85,90.94,3829,BRUTE_FORCE
3,34,26.59,216.57,7797,PORT_SCAN
3,19,49.62,143.44,6458,PORT_SCAN
0,3,1.93,7.5,2395,NORMAL
15,3,11.0,117.73,3701,BRUTE_FORCE
1,15,43.28,186.95,7977,PORT_SCAN
0,54,37.96,182.35,7268,PORT_SCAN
0,4,1.86,23.67,2215,NORMAL
3,45,21.97,130.97,6604,PORT_SCAN
23,4,8.58,95.28,2207,BRUTE_FORCE
2,4,5.54,27.33,1121,NORMAL
30,2,17.61,69.16,2795,BRUTE_FORCE
27,4,24.05,51.79,2513,BRUTE_FORCE
0,43,31.97,203.24,5084,PORT_SCAN
2,3,3.13,8.03,1439,NORMAL
1,2,4.98,29.32,1524,NORMAL
18,1,22.44,105.79,1932,BRUTE_FORCE
24,4,24.04,94.9,3074,BRUTE_FORCE
20,2,9.63,101.15,2238,BRUTE_FORCE
1,3,4.66,14.13,698,NORMAL
30,1,11.84,72.39,3565,BRUTE_FORCE
3,49,49.57,130.87,5255,PORT_SCAN
27,1,12.13,93.8,3963,BRUTE_FORCE
18,3,15.72,91.3,3647,BRUTE_FORCE
1,1,3.44,25.39,1624,NORMAL
2,3,5.75,15.9,1511,NORMAL
0,4,4.82,29.92,1148,NORMAL
0,50,22.25,186.97,3852,PORT_SCAN
18,1,12.97,72.97,1616,BRUTE_FORCE
1,3,1.43,21.73,878,NORMAL
2,1,5.52,18.38,522,NORMAL
21,2,14.17,107.51,3832,BRUTE_FORCE
0,3,4.17,7.66,1470,NORMAL
0,3,4.63,10.56,1594,NORMAL
1,1,5.4,14.24,823,NORMAL
2,2,2.06,6.22,1818,NORMAL
1,52,55.88,208.69,9348,PORT_SCAN
27,3,9.73,112.65,1907,BRUTE_FORCE
3,14,39.46,186.37,4222,PORT_SCAN
1,13,27.39,89.36,5359,PORT_SCAN
2,58,37.61,152.53,8302,PORT_SCAN
2,4,3.43,17.3,2478,NORMAL
20,1,8.13,81.12,2615,BRUTE_FORCE
1,1,3.06,8.25,2261,NORMAL
2,29,23.22,120.15,4165,PORT_SCAN
0,33,20.15,94.9,9249,PORT_SCAN
3,44,23.52,201.08,9821,PORT_SCAN
9,4,15.17,78.91,4550,BRUTE_FORCE
0,3,3.35,17.11,883,NORMAL
0,2,3.72,26.81,2193,NORMAL
0,29,40.08,224.54,3240,PORT_SCAN
3,57,25.52,226.85,3475,PORT_SCAN
17,1,9.29,59.0,2874,BRUTE_FORCE
30,1,23.65,58.02,4184,BRUTE_FORCE
1,3,4.03,20.62,1157,NORMAL
2,2,2.66,21.23,2013,NORMAL
27,3,11.69,74.97,2399,BRUTE_FORCE
22,2,23.22,106.63,4832,BRUTE_FORCE
23,2,19.83,96.3,3124,BRUTE_FORCE
3,26,25.83,137.83,5398,PORT_SCAN
3,28,44.16,229.13,6845,PORT_SCAN
1,1,3.92,12.14,1402,NORMAL
30,1,22.91,85.92,2779,BRUTE_FORCE
1,4,1.89,19.9,1713,NORMAL
1,57,41.1,241.29,6351,PORT_SCAN
2,2,1.16,5.3,1881,NORMAL
0,4,4.75,20.6,1615,NORMAL
15,4,20.34,53.38,3866,BRUTE_FORCE
21,1,24.98,48.88,2184,BRUTE_FORCE
1,41,40.34,165.75,3442,PORT_SCAN
0,4,2.73,11.06,1927,NORMAL
18,4,16.64,95.03,4124,BRUTE_FORCE
2,53,21.71,246.16,2967,PORT_SCAN
9,3,12.19,101.44,2737,BRUTE_FORCE
3,43,58.54,183.34,8805,PORT_SCAN
0,4,4.95,10.11,2312,NORMAL
2,11,23.63,223.8,4772,PORT_SCAN
24,2,20.41,49.6,3152,BRUTE_FORCE
1,3,1.47,14.22,1019,NORMAL
0,1,2.65,6.33,2171,NORMAL
0,13,40.76,206.79,4903,PORT_SCAN
12,2,16.24,73.06,2618,BRUTE_FORCE
2,54,42.11,217.25,8584,PORT_SCAN
1,25,49.44,101.03,6830,PORT_SCAN
1,49,56.8,239.43,7894,PORT_SCAN
11,4,16.13,83.77,3309,BRUTE_FORCE
11,3,22.67,118.94,3578,BRUTE_FORCE
1,2,5.63,5.23,2408,NORMAL
2,3,2.24,14.4,1934,NORMAL
30,3,21.07,52.85,3787,BRUTE_FORCE
0,1,3.85,18.31,1722,NORMAL
2,3,4.25,6.43,1256,NORMAL
26,2,22.5,109.04,3304,BRUTE_FORCE
1,46,43.04,190.35,3929,PORT_SCAN
23,2,19.08,56.64,4047,BRUTE_FORCE
26,1,13.27,76.03,3557,BRUTE_FORCE
10,1,18.46,80.57,3395,BRUTE_FORCE
2,36,52.0,119.02,4955,PORT_SCAN
2,2,4.0,19.35,2325,NORMAL
3,41,44.28,150.41,4265,PORT_SCAN
0,1,1.43,13.59,1608,NORMAL
21,2,22.8,115.64,1636,BRUTE_FORCE
2,51,23.54,108.15,2703,PORT_SCAN
29,1,21.68,72.71,4069,BRUTE_FORCE
3,46,38.91,132.13,6182,PORT_SCAN
12,3,15.83,106.82,3758,BRUTE_FORCE
23,1,19.45,58.19,3786,BRUTE_FORCE
2,1,5.45,7.49,670,NORMAL
11,2,15.46,73.26,4649,BRUTE_FORCE
1,52,21.34,118.91,9033,PORT_SCAN
0,3,1.03,25.76,2485,NORMAL
26,4,10.29,61.82,2126,BRUTE_FORCE
21,2,10.77,65.43,1915,BRUTE_FORCE
3,14,56.68,113.47,5197,PORT_SCAN
0,2,5.07,19.51,2480,NORMAL
1,49,31.33,149.67,5138,PORT_SCAN
8,2,13.85,77.54,1534,BRUTE_FORCE
0,18,26.15,241.95,5205,PORT_SCAN
18,1,23.23,44.18,3595,BRUTE_FORCE
15,2,8.89,73.06,4438,BRUTE_FORCE
25,4,11.77,93.22,3827,BRUTE_FORCE
0,1,3.85,17.11,1373,NORMAL
2,4,3.33,24.55,2073,NORMAL
2,21,51.82,153.89,6363,PORT_SCAN
0,23,41.15,118.9,8723,PORT_SCAN
3,40,30.54,86.0,6061,PORT_SCAN
13,2,13.55,100.72,3039,BRUTE_FORCE
2,3,5.46,24.36,2255,NORMAL
2,4,2.25,29.67,1700,NORMAL
1,57,20.32,119.54,6698,PORT_SCAN
2,40,39.28,187.91,8653,PORT_SCAN
2,46,36.54,86.43,4421,PORT_SCAN
2,41,42.92,238.51,3207,PORT_SCAN
22,3,11.71,64.17,3632,BRUTE_FORCE
1,1,2.87,27.34,1218,NORMAL
3,45,24.35,189.74,3171,PORT_SCAN
13,3,14.82,53.21,4869,BRUTE_FORCE
2,28,47.86,113.17,9514,PORT_SCAN
1,4,1.12,16.04,1043,NORMAL
2,2,1.72,11.25,1082,NORMAL
22,4,20.49,86.63,4191,BRUTE_FORCE
27,4,24.23,42.44,2292,BRUTE_FORCE
14,4,24.06,81.84,2700,BRUTE_FORCE
11,2,21.47,84.0,3567,BRUTE_FORCE
0,48,49.82,178.78,7133,PORT_SCAN
1,27,45.51,138.98,9627,PORT_SCAN
3,32,50.88,148.45,6229,PORT_SCAN
2,2,1.56,9.32,1634,NORMAL
13,1,12.58,115.96,3493,BRUTE_FORCE
18,4,9.3,60.41,1649,BRUTE_FORCE
0,2,1.61,10.77,821,NORMAL
8,2,21.13,45.44,4719,BRUTE_FORCE
2,1,3.69,27.31,2171,NORMAL
1,31,20.92,217.46,5317,PORT_SCAN
26,3,18.81,51.55,3886,BRUTE_FORCE
27,3,8.2,77.17,4794,BRUTE_FORCE
2,1,1.91,12.96,2156,NORMAL
0,58,27.75,81.24,4729,PORT_SCAN
0,31,57.57,105.95,8928,PORT_SCAN
0,15,23.71,242.4,7771,PORT_SCAN
0,16,35.75,212.87,7872,PORT_SCAN
12,2,8.01,103.51,2909,BRUTE_FORCE
2,3,3.72,10.9,1857,NORMAL
19,3,18.63,82.92,4463,BRUTE_FORCE
2,36,45.57,138.08,9730,PORT_SCAN
2,2,3.84,22.42,1415,NORMAL
10,2,18.25,88.29,1677,BRUTE_FORCE
0,2,5.49,11.76,1883,NORMAL
29,2,10.25,43.22,2523,BRUTE_FORCE
28,3,20.08,111.77,3830,BRUTE_FORCE
1,2,4.6,17.4,1762,NORMAL
25,2,24.56,70.71,2895,BRUTE_FORCE
2,4,1.92,22.11,1141,NORMAL
23,3,17.69,98.07,2876,BRUTE_FORCE
0,3,5.23,23.47,1301,NORMAL
3,44,39.99,243.11,4431,PORT_SCAN
1,3,2.83,18.85,1579,NORMAL
23,4,15.98,113.59,4595,BRUTE_FORCE
2,4,3.46,9.5,1748,NORMAL
3,31,21.2,216.78,8923,PORT_SCAN
2,4,3.15,11.69,2026,NORMAL
2,17,28.39,146.17,4714,PORT_SCAN
2,42,59.42,195.48,3280,PORT_SCAN
1,1,1.1,10.21,1295,NORMAL
1,17,55.2,209.36,4650,PORT_SCAN
2,2,1.78,20.9,1411,NORMAL
21,4,15.9,67.22,2088,BRUTE_FORCE
26,1,24.81,110.28,3730,BRUTE_FORCE
30,1,24.31,57.76,4648,BRUTE_FORCE
2,25,50.46,194.96,6509,PORT_SCAN
0,2,3.63,26.89,1705,NORMAL
21,1,18.58,60.88,4041,BRUTE_FORCE
2,48,45.79,126.11,6144,PORT_SCAN
1,35,32.87,183.37,5268,PORT_SCAN
0,24,48.05,227.3,2765,PORT_SCAN
0,1,4.06,23.1,1229,NORMAL
0,56,26.33,234.45,2757,PORT_SCAN
2,2,1.12,24.9,1476,NORMAL
15,1,10.6,108.05,4500,BRUTE_FORCE
2,4,5.32,21.04,1374,NORMAL
30,4,17.87,74.37,3090,BRUTE_FORCE
0,40,53.37,157.31,5009,PORT_SCAN
0,1,1.97,22.99,1714,NORMAL
10,2,19.9,87.56,3847,BRUTE_FORCE
27,1,19.55,79.2,3163,BRUTE_FORCE
30,3,20.17,49.12,4610,BRUTE_FORCE
15,4,24.58,86.32,4498,BRUTE_FORCE
25,2,18.07,53.02,2464,BRUTE_FORCE
2,2,1.57,22.4,620,NORMAL
2,44,49.94,157.12,9429,PORT_SCAN
8,2,16.66,59.75,3418,BRUTE_FORCE
0,19,55.37,169.97,4053,PORT_SCAN
2,13,41.16,188.24,5475,PORT_SCAN
0,36,38.12,121.91,6284,PORT_SCAN
0,54,36.43,137.47,5364,PORT_SCAN
12,2,18.34,57.82,2464,BRUTE_FORCE
1,2,3.6,10.51,1872,NORMAL
2,56,49.26,125.29,3580,PORT_SCAN
10,4,16.16,60.64,2503,BRUTE_FORCE
21,4,14.52,43.02,2316,BRUTE_FORCE
1,4,3.12,11.06,1355,NORMAL
0,2,2.49,26.11,2136,NORMAL
17,4,24.34,64.15,4725,BRUTE_FORCE
26,3,23.01,116.59,3174,BRUTE_FORCE
1,2,1.76,28.3,1003,NORMAL
0,1,5.84,21.52,1112,NORMAL
2,33,35.31,176.43,7456,PORT_SCAN
0,48,23.99,145.28,3401,PORT_SCAN
0,1,3.05,23.77,1577,NORMAL
0,3,5.09,6.75,2296,NORMAL
2,3,1.12,24.03,974,NORMAL
1,16,43.75,143.6,7264,PORT_SCAN
3,43,49.79,160.18,8884,PORT_SCAN
0,46,33.3,227.12,7231,PORT_SCAN
2,1,2.56,16.74,2349,NORMAL
2,27,57.51,158.19,7195,PORT_SCAN
0,46,49.62,246.37,4709,PORT_SCAN
1,4,1.78,19.86,609,NORMAL
21,2,19.22,85.16,4004,BRUTE_FORCE
30,1,12.14,97.43,1669,BRUTE_FORCE
3,46,43.34,110.08,9811,PORT_SCAN
11,2,24.44,54.51,1619,BRUTE_FORCE
2,4,1.8,23.36,538,NORMAL
24,1,19.33,83.84,4567,BRUTE_FORCE
21,2,16.07,53.48,1531,BRUTE_FORCE
8,3,19.79,78.26,2496,BRUTE_FORCE
0,45,37.94,190.55,9838,PORT_SCAN
2,36,58.77,135.32,7926,PORT_SCAN
2,3,1.99,25.32,1990,NORMAL
1,4,5.57,21.92,1560,NORMAL
3,47,57.42,242.96,4555,PORT_SCAN
3,46,32.14,88.05,6369,PORT_SCAN
2,2,2.69,12.77,1766,NORMAL
1,4,1.2,29.53,2235,NORMAL
3,20,22.2,119.13,2867,PORT_SCAN
25,4,21.42,111.25,2095,BRUTE_FORCE
17,4,14.28,44.26,1878,BRUTE_FORCE
2,31,30.29,147.63,6084,PORT_SCAN
18,2,14.83,40.28,2213,BRUTE_FORCE
2,48,23.96,88.15,5105,PORT_SCAN
2,4,5.62,24.97,2389,NORMAL
2,16,52.99,202.97,7045,PORT_SCAN
1,1,3.44,14.23,2056,NORMAL
1,2,5.46,9.91,2002,NORMAL
1,2,1.98,14.6,1650,NORMAL
19,2,10.93,114.98,4718,BRUTE_FORCE
2,3,1.48,16.8,901,NORMAL
24,4,13.65,79.42,4239,BRUTE_FORCE
0,10,33.56,160.89,5064,PORT_SCAN
0,22,33.09,124.62,3344,PORT_SCAN
2,30,48.91,224.46,7816,PORT_SCAN
1,1,1.64,7.42,1264,NORMAL
10,1,10.14,51.57,3521,BRUTE_FORCE
1,2,2.42,6.13,1228,NORMAL
1,56,37.51,149.85,8040,PORT_SCAN
3,40,50.06,177.35,4174,PORT_SCAN
8,2,8.01,57.93,4465,BRUTE_FORCE
11,1,15.03,67.31,3331,BRUTE_FORCE
1,3,3.96,21.15,2240,NORMAL
0,4,4.83,23.24,1390,NORMAL
0,45,27.54,86.4,2864,PORT_SCAN
1,29,25.01,102.14,3143,PORT_SCAN
1,1,1.71,25.5,1861,NORMAL
0,17,29.68,232.38,2540,PORT_SCAN
2,4,5.58,12.48,677,NORMAL
2,52,26.33,249.73,6129,PORT_SCAN
28,1,17.58,53.12,3971,BRUTE_FORCE
1,4,5.23,5.54,591,NORMAL
0,4,1.77,21.94,1788,NORMAL
16,1,20.27,69.32,4189,BRUTE_FORCE
27,3,12.49,43.28,3298,BRUTE_FORCE
25,4,13.98,57.42,3954,BRUTE_FORCE
0,2,2.05,8.98,534,NORMAL
0,42,37.39,217.42,9151,PORT_SCAN
28,2,14.22,57.86,4662,BRUTE_FORCE
29,4,13.72,79.54,2831,BRUTE_FORCE
0,2,5.8,14.78,568,NORMAL
1,2,3.78,22.88,841,NORMAL
2,3,2.98,28.32,1860,NORMAL
12,4,22.89,96.88,2234,BRUTE_FORCE
16,3,9.53,105.82,2464,BRUTE_FORCE
3,12,56.32,140.3,3641,PORT_SCAN
26,3,23.77,103.34,4116,BRUTE_FORCE
0,58,57.29,249.03,6278,PORT_SCAN
2,34,52.22,208.3,6437,PORT_SCAN
2,59,40.84,105.44,8930,PORT_SCAN
3,23,21.6,192.25,2990,PORT_SCAN
2,1,2.92,8.71,1158,NORMAL
13,1,20.98,118.89,2615,BRUTE_FORCE
1,25,34.72,201.96,3472,PORT_SCAN
1,23,32.82,173.98,6411,PORT_SCAN
3,52,35.09,243.69,6020,PORT_SCAN
29,3,14.61,67.58,1859,BRUTE_FORCE
8,3,23.5,68.67,4002,BRUTE_FORCE
0,4,3.14,7.08,2356,NORMAL
14,2,18.2,84.71,3416,BRUTE_FORCE
27,2,18.87,48.33,3532,BRUTE_FORCE
13,1,18.72,92.84,2562,BRUTE_FORCE
8,1,16.8,111.86,1768,BRUTE_FORCE
26,1,22.14,55.52,4915,BRUTE_FORCE
3,49,56.78,168.14,7568,PORT_SCAN
1,1,1.82,9.16,1115,NORMAL
2,1,2.02,28.68,1709,NORMAL
1,1,4.88,15.26,988,NORMAL
0,3,4.96,6.94,1568,NORMAL
2,35,23.19,211.68,6545,PORT_SCAN
1,2,5.16,10.2,1023,NORMAL
29,3,18.6,42.17,4239,BRUTE_FORCE
23,3,10.24,90.78,1863,BRUTE_FORCE
0,42,27.75,186.77,8764,PORT_SCAN
3,58,51.94,101.92,3749,PORT_SCAN
18,3,17.29,53.12,3852,BRUTE_FORCE
2,2,5.67,14.27,1038,NORMAL
15,4,13.83,43.64,4878,BRUTE_FORCE
17,1,19.85,66.13,4702,BRUTE_FORCE
2,14,34.39,161.95,8178,PORT_SCAN
1,2,1.3,10.02,1926,NORMAL
26,3,19.02,74.27,2254,BRUTE_FORCE
3,59,41.2,248.62,9666,PORT_SCAN
1,37,50.36,156.66,4414,PORT_SCAN
2,25,45.12,80.47,7543,PORT_SCAN
1,11,41.12,166.79,5837,PORT_SCAN
2,42,37.48,156.34,2820,PORT_SCAN
2,3,1.24,10.12,2323,NORMAL
14,4,24.41,88.2,4715,BRUTE_FORCE
10,1,10.17,40.93,3285,BRUTE_FORCE
0,30,39.54,179.65,3382,PORT_SCAN
1,12,39.18,190.31,8435,PORT_SCAN
8,3,21.95,94.4,1758,BRUTE_FORCE
0,4,2.85,26.87,858,NORMAL
2,52,47.05,145.43,9373,PORT_SCAN
0,52,52.79,120.31,4040,PORT_SCAN
1,2,3.93,17.76,593,NORMAL
0,43,55.55,82.05,5458,PORT_SCAN
27,2,12.9,51.95,2112,BRUTE_FORCE
1,3,5.41,10.95,566,NORMAL
25,1,17.36,53.07,2179,BRUTE_FORCE
10,3,11.82,105.09,2059,BRUTE_FORCE
0,3,3.99,18.59,1027,NORMAL
27,1,18.08,107.26,3847,BRUTE_FORCE
20,1,8.88,59.17,3945,BRUTE_FORCE
23,1,11.46,50.82,4389,BRUTE_FORCE
20,2,13.92,94.82,2526,BRUTE_FORCE
8,2,16.57,56.76,1777,BRUTE_FORCE
3,10,42.44,231.94,4126,PORT_SCAN
1,3,4.66,22.11,1332,NORMAL
2,1,3.81,22.9,1936,NORMAL
2,14,32.67,229.71,5262,PORT_SCAN
0,40,28.86,115.54,9077,PORT_SCAN
18,4,20.33,99.2,2016,BRUTE_FORCE
27,2,16.63,111.96,1516,BRUTE_FORCE
0,3,1.81,16.47,1026,NORMAL
3,57,39.18,200.99,3304,PORT_SCAN
1,2,4.85,9.05,2048,NORMAL
0,19,29.56,139.94,2739,PORT_SCAN
2,34,26.3,164.6,6522,PORT_SCAN
1,1,4.12,5.81,2210,NORMAL
2,43,35.63,169.88,7337,PORT_SCAN
0,2,5.05,14.58,1906,NORMAL
2,1,1.75,22.14,1989,NORMAL
1,3,2.57,8.13,2065,NORMAL
3,37,48.97,234.56,3232,PORT_SCAN
1,2,3.17,25.85,681,NORMAL
2,52,25.44,211.74,3482,PORT_SCAN
24,1,22.31,51.3,4016,BRUTE_FORCE
2,10,52.31,172.08,3323,PORT_SCAN
1,45,47.11,187.46,3998,PORT_SCAN
1,4,1.05,19.94,1202,NORMAL
23,3,13.85,68.6,4595,BRUTE_FORCE
13,4,11.62,116.97,4540,BRUTE_FORCE
1,1,1.44,14.58,1358,NORMAL
30,2,8.24,66.97,2708,BRUTE_FORCE
3,32,57.22,150.53,5747,PORT_SCAN
3,35,34.56,130.54,3107,PORT_SCAN
2,4,1.93,8.44,590,NORMAL
2,2,4.55,8.42,2199,NORMAL
0,33,42.33,242.79,3402,PORT_SCAN
3,20,50.58,217.19,4486,PORT_SCAN
3,27,57.26,220.2,5800,PORT_SCAN
0,3,2.97,5.11,969,NORMAL
28,3,9.07,87.23,4762,BRUTE_FORCE
13,3,14.95,108.78,4528,BRUTE_FORCE
1,12,32.48,227.45,7640,PORT_SCAN
27,3,16.56,63.22,2664,BRUTE_FORCE
1,3,4.02,18.41,2187,NORMAL
25,4,13.5,85.25,2262,BRUTE_FORCE
26,1,13.52,115.07,2524,BRUTE_FORCE
2,2,4.09,23.42,1036,NORMAL
20,1,24.38,45.08,4071,BRUTE_FORCE
14,2,20.58,40.12,3710,BRUTE_FORCE
0,4,3.82,14.93,778,NORMAL
12,4,18.37,95.78,4259,BRUTE_FORCE
2,2,1.04,5.36,2244,NORMAL
0,1,3.99,12.72,1910,NORMAL
12,2,21.44,42.1,3769,BRUTE_FORCE
1,17,20.48,221.16,4320,PORT_SCAN
1,2,5.08,10.52,1050,NORMAL
2,4,3.16,6.04,2395,NORMAL
0,3,4.36,6.25,1500,NORMAL
8,2,24.5,81.66,4789,BRUTE_FORCE
1,4,3.9,11.62,736,NORMAL
24,3,24.67,87.78,1775,BRUTE_FORCE
17,1,10.09,109.61,2342,BRUTE_FORCE
0,2,1.66,6.78,546,NORMAL
25,3,15.13,103.45,4963,BRUTE_FORCE
24,2,11.59,66.6,4197,BRUTE_FORCE
1,38,51.58,215.36,5739,PORT_SCAN
25,4,18.52,117.11,3242,BRUTE_FORCE
2,4,5.62,5.44,778,NORMAL
15,4,20.71,69.98,3658,BRUTE_FORCE
30,4,11.5,100.6,2072,BRUTE_FORCE
3,35,54.04,236.89,5069,PORT_SCAN
0,43,39.6,163.1,7654,PORT_SCAN
2,25,26.36,230.25,5846,PORT_SCAN
3,55,22.62,104.55,3571,PORT_SCAN
0,2,2.04,28.55,1715,NORMAL
1,24,34.05,190.03,3168,PORT_SCAN
0,4,4.45,21.67,1580,NORMAL
2,55,20.4,114.07,4598,PORT_SCAN
17,4,11.62,98.53,4652,BRUTE_FORCE
12,2,22.85,56.17,3488,BRUTE_FORCE
0,33,33.81,162.66,6814,PORT_SCAN
2,2,2.79,6.32,1239,NORMAL
3,39,38.72,244.51,9664,PORT_SCAN
1,57,59.68,229.27,4840,PORT_SCAN
0,3,2.95,20.86,2209,NORMAL
28,2,24.98,109.85,4427,BRUTE_FORCE
2,3,1.77,27.62,1104,NORMAL
0,51,22.54,93.92,3494,PORT_SCAN
1,4,4.53,29.35,664,NORMAL
2,1,3.95,5.38,1753,NORMAL
0,40,51.55,178.27,8711,PORT_SCAN
21,4,15.2,99.77,4841,BRUTE_FORCE
8,2,17.18,84.64,3630,BRUTE_FORCE
0,2,5.8,7.43,1985,NORMAL
1,19,46.24,80.94,8651,PORT_SCAN
0,52,59.43,100.76,7231,PORT_SCAN
2,3,4.37,22.56,1374,NORMAL
0,1,4.38,20.67,1009,NORMAL
2,15,26.17,158.14,5900,PORT_SCAN
9,4,14.85,112.45,2197,BRUTE_FORCE
1,4,1.91,21.0,2312,NORMAL
1,1,2.05,28.57,2294,NORMAL
21,2,9.69,104.09,3565,BRUTE_FORCE
0,59,36.17,167.48,2509,PORT_SCAN
29,2,8.4,97.35,1655,BRUTE_FORCE
10,1,13.03,72.13,2305,BRUTE_FORCE
2,60,21.1,191.22,6867,PORT_SCAN
1,4,5.76,17.9,1897,NORMAL
23,4,20.8,101.58,3231,BRUTE_FORCE
2,2,4.3,21.41,2039,NORMAL
9,4,16.77,90.45,1701,BRUTE_FORCE
1,2,1.25,11.79,570,NORMAL
25,2,15.19,115.62,1500,BRUTE_FORCE
12,4,15.13,41.96,2071,BRUTE_FORCE
2,1,2.89,26.62,1783,NORMAL
3,11,28.85,145.45,9542,PORT_SCAN
29,4,11.95,59.55,4237,BRUTE_FORCE
27,2,16.06,72.66,2958,BRUTE_FORCE
1,2,5.87,23.42,723,NORMAL
0,20,40.8,100.65,4116,PORT_SCAN
1,2,4.47,25.27,1089,NORMAL
0,3,1.47,23.89,1556,NORMAL
2,3,5.7,7.88,2487,NORMAL
28,2,22.12,94.77,4348,BRUTE_FORCE
16,1,23.72,93.31,2077,BRUTE_FORCE
1,38,59.45,215.74,6614,PORT_SCAN
2,25,50.23,131.49,4214,PORT_SCAN
13,1,20.96,88.96,2593,BRUTE_FORCE
0,54,28.26,176.46,3911,PORT_SCAN
3,36,38.69,93.69,7388,PORT_SCAN
0,1,3.77,28.81,2409,NORMAL
0,1,3.5,12.61,1946,NORMAL
25,1,14.43,82.1,4874,BRUTE_FORCE
11,3,19.97,77.08,2300,BRUTE_FORCE
1,47,58.29,226.71,9605,PORT_SCAN
0,2,5.21,19.67,740,NORMAL
1,40,31.75,127.28,5599,PORT_SCAN
1,28,27.24,209.55,6202,PORT_SCAN
0,47,47.52,219.05,6112,PORT_SCAN
1,22,29.72,125.38,2988,PORT_SCAN
24,2,14.01,108.86,4263,BRUTE_FORCE
2,4,5.45,14.7,2431,NORMAL
0,3,1.62,23.54,844,NORMAL
0,30,35.11,146.35,7190,PORT_SCAN
13,2,20.82,60.5,2301,BRUTE_FORCE
15,2,12.26,50.59,4349,BRUTE_FORCE
3,33,46.87,230.57,5751,PORT_SCAN
1,3,2.36,19.16,1137,NORMAL
0,25,41.56,94.21,6801,PORT_SCAN
0,1,1.39,13.7,1888,NORMAL
0,35,28.85,101.45,5407,PORT_SCAN
20,3,10.71,110.25,4684,BRUTE_FORCE
1,34,21.97,154.55,4127,PORT_SCAN
3,54,28.5,160.29,5582,PORT_SCAN
30,2,9.7,86.34,2842,BRUTE_FORCE
15,2,15.04,107.92,3881,BRUTE_FORCE
25,1,15.75,45.36,4371,BRUTE_FORCE
0,24,45.62,157.12,9334,PORT_SCAN
3,33,35.44,82.07,5325,PORT_SCAN
2,4,1.15,28.0,821,NORMAL
2,42,31.88,170.98,2554,PORT_SCAN
27,4,23.8,71.6,3982,BRUTE_FORCE
1,16,22.02,240.72,9579,PORT_SCAN
19,1,17.56,82.53,4767,BRUTE_FORCE
20,1,20.03,100.47,2553,BRUTE_FORCE
0,33,47.47,129.71,9294,PORT_SCAN
0,2,5.78,24.92,840,NORMAL
0,3,4.75,12.64,1428,NORMAL
11,4,8.65,98.36,2465,BRUTE_FORCE
1,41,38.47,141.87,7780,PORT_SCAN
0,28,23.39,222.49,3617,PORT_SCAN
1,11,30.84,166.89,3652,PORT_SCAN
0,41,59.74,234.43,4125,PORT_SCAN
3,35,44.29,115.18,2529,PORT_SCAN
1,2,3.82,22.06,1498,NORMAL
1,4,1.85,5.73,1054,NORMAL
0,47,42.71,153.95,3570,PORT_SCAN
0,13,23.56,168.43,9974,PORT_SCAN
1,13,54.08,149.87,4092,PORT_SCAN
1,2,2.88,5.57,1881,NORMAL
0,38,53.89,95.72,8435,PORT_SCAN
16,4,20.21,94.95,4299,BRUTE_FORCE
2,37,21.0,145.09,4032,PORT_SCAN
1,30,42.24,132.37,5923,PORT_SCAN
12,4,24.2,66.4,3349,BRUTE_FORCE
28,1,17.9,60.71,4829,BRUTE_FORCE
0,4,3.59,25.19,2261,NORMAL
3,30,24.54,244.9,5829,PORT_SCAN
16,4,8.65,52.46,3424,BRUTE_FORCE
1,34,54.16,188.71,8745,PORT_SCAN
16,1,20.85,76.28,4910,BRUTE_FORCE
0,4,2.25,15.8,2138,NORMAL
3,41,30.6,164.29,8835,PORT_SCAN
1,4,3.71,11.02,2130,NORMAL
12,1,20.13,91.35,3569,BRUTE_FORCE
2,34,59.79,170.19,6216,PORT_SCAN
0,2,3.41,8.63,995,NORMAL
1,14,38.78,244.76,5273,PORT_SCAN
2,14,23.81,89.99,5226,PORT_SCAN
2,3,4.2,26.7,1364,NORMAL
2,46,43.92,194.33,5126,PORT_SCAN
22,3,10.46,115.43,4929,BRUTE_FORCE
29,2,23.1,98.1,3176,BRUTE_FORCE
12,1,18.11,84.91,1977,BRUTE_FORCE
8,3,12.81,99.95,3190,BRUTE_FORCE
23,3,22.92,50.55,2799,BRUTE_FORCE
26,1,15.42,77.8,5000,BRUTE_FORCE
2,4,3.55,26.11,2118,NORMAL
2,58,43.54,205.54,4109,PORT_SCAN
0,27,23.2,200.6,5021,PORT_SCAN
1,3,2.72,15.14,2378,NORMAL
0,4,5.72,17.34,980,NORMAL
1,1,5.55,10.34,831,NORMAL
2,2,3.23,22.48,831,NORMAL
0,38,23.34,113.56,6943,PORT_SCAN
11,2,9.96,111.6,3856,BRUTE_FORCE
30,2,15.3,47.3,1889,BRUTE_FORCE
1,4,4.36,11.82,822,NORMAL
0,4,4.06,24.21,1432,NORMAL
1,10,58.61,221.92,6924,PORT_SCAN
0,24,21.91,81.77,3361,PORT_SCAN
17,2,24.54,55.13,2564,BRUTE_FORCE
23,4,10.34,93.97,3569,BRUTE_FORCE
12,2,22.39,60.75,1806,BRUTE_FORCE
0,27,20.87,208.54,5042,PORT_SCAN
0,1,2.81,7.25,822,NORMAL
20,2,8.35,41.84,3787,BRUTE_FORCE
2,4,1.27,8.72,970,NORMAL
0,4,4.03,9.65,1089,NORMAL
2,24,33.32,108.58,6681,PORT_SCAN
3,35,26.97,137.78,9630,PORT_SCAN
23,4,11.37,78.49,2765,BRUTE_FORCE
20,1,24.69,85.23,3964,BRUTE_FORCE
1,53,30.95,232.47,8842,PORT_SCAN
19,1,21.17,88.53,3745,BRUTE_FORCE
3,48,35.17,198.9,7809,PORT_SCAN
0,1,5.06,25.27,2357,NORMAL
18,1,17.47,112.9,3411,BRUTE_FORCE
3,44,47.48,239.18,7191,PORT_SCAN
2,1,2.45,6.68,701,NORMAL
9,4,10.13,44.83,2684,BRUTE_FORCE
13,4,20.89,89.9,4972,BRUTE_FORCE
1,16,55.91,165.49,8996,PORT_SCAN
29,1,13.6,43.51,4049,BRUTE_FORCE
28,2,15.82,72.12,3925,BRUTE_FORCE
0,51,46.82,166.44,2649,PORT_SCAN
1,1,3.52,9.62,1242,NORMAL
15,2,14.32,103.31,4423,BRUTE_FORCE
0,4,3.42,5.87,730,NORMAL
19,4,19.65,55.04,2643,BRUTE_FORCE
1,1,1.36,26.36,2282,NORMAL
3,48,50.62,238.18,5167,PORT_SCAN
1,33,45.84,123.04,5552,PORT_SCAN
2,3,5.16,14.59,827,NORMAL
0,2,3.75,18.73,2432,NORMAL
23,2,10.46,113.89,2879,BRUTE_FORCE
0,59,29.03,98.52,4477,PORT_SCAN
0,22,22.47,133.49,3625,PORT_SCAN
1,23,26.71,144.67,8080,PORT_SCAN
25,2,15.58,71.29,4663,BRUTE_FORCE
28,3,16.58,63.99,4217,BRUTE_FORCE
1,40,53.69,141.11,7730,PORT_SCAN
25,1,19.31,118.24,2105,BRUTE_FORCE
3,50,55.79,95.85,3354,PORT_SCAN
0,3,2.23,8.78,1900,NORMAL
0,1,3.05,27.86,1348,NORMAL
0,1,3.86,14.85,1621,NORMAL
8,2,19.98,104.5,3659,BRUTE_FORCE
21,1,10.53,104.79,1958,BRUTE_FORCE
2,3,3.25,11.16,1832,NORMAL
1,4,2.8,25.09,787,NORMAL
27,1,19.46,61.77,4211,BRUTE_FORCE
1,4,1.7,17.26,1140,NORMAL
0,34,46.41,192.71,9978,PORT_SCAN
0,2,3.87,9.65,1365,NORMAL
2,2,2.14,22.93,863,NORMAL
3,10,35.82,149.19,4299,PORT_SCAN
2,26,30.48,89.09,6855,PORT_SCAN
0,12,43.26,117.46,6871,PORT_SCAN
2,4,3.24,10.69,977,NORMAL
1,4,5.78,19.23,2112,NORMAL
1,3,2.17,12.85,945,NORMAL
2,2,4.19,14.95,783,NORMAL
0,1,5.63,22.47,1052,NORMAL
0,39,22.27,208.76,3935,PORT_SCAN
0,44,34.08,205.85,2540,PORT_SCAN
2,27,45.4,236.75,7963,PORT_SCAN
0,3,5.77,20.92,2265,NORMAL
1,20,58.46,249.21,8553,PORT_SCAN
1,4,1.19,14.22,1087,NORMAL
0,3,2.52,23.77,1424,NORMAL
2,33,44.7,219.95,5934,PORT_SCAN
0,38,46.11,144.13,4194,PORT_SCAN
21,2,24.95,90.18,4916,BRUTE_FORCE
3,60,30.49,149.98,3081,PORT_SCAN
3,18,26.93,106.57,6531,PORT_SCAN
2,1,3.0,16.45,1740,NORMAL
11,3,16.06,52.25,4347,BRUTE_FORCE
0,57,57.32,114.95,8723,PORT_SCAN
2,34,37.09,233.8,7312,PORT_SCAN
3,17,36.58,105.19,7316,PORT_SCAN
0,3,2.45,8.0,1518,NORMAL
1,38,31.67,240.0,8946,PORT_SCAN
1,3,2.98,5.07,2189,NORMAL
2,35,28.99,114.51,9994,PORT_SCAN
28,2,24.28,87.81,1993,BRUTE_FORCE
1,1,1.24,6.66,1580,NORMAL
2,48,22.23,162.54,2902,PORT_SCAN
2,4,2.88,12.84,2360,NORMAL
21,2,19.77,76.54,2894,BRUTE_FORCE
24,3,18.3,80.85,4317,BRUTE_FORCE
3,34,58.5,182.99,3977,PORT_SCAN
20,1,11.33,80.65,4685,BRUTE_FORCE
23,4,13.1,117.66,2459,BRUTE_FORCE
11,2,16.64,102.89,4780,BRUTE_FORCE
26,4,12.91,43.19,3796,BRUTE_FORCE
16,2,15.47,113.48,4047,BRUTE_FORCE
2,49,40.37,175.2,9374,PORT_SCAN
3,34,34.75,242.07,5770,PORT_SCAN
13,1,19.86,47.3,3069,BRUTE_FORCE
0,58,58.07,89.53,8854,PORT_SCAN
21,4,11.4,75.38,3078,BRUTE_FORCE
30,4,11.24,86.59,4072,BRUTE_FORCE
14,1,20.9,91.42,3563,BRUTE_FORCE
11,1,11.05,45.72,4552,BRUTE_FORCE
16,1,9.55,116.95,4924,BRUTE_FORCE
2,2,5.87,7.5,1845,NORMAL
0,1,4.68,24.82,897,NORMAL
25,2,24.1,111.97,4180,BRUTE_FORCE
2,55,27.94,112.23,2829,PORT_SCAN
11,4,18.9,112.68,2421,BRUTE_FORCE
2,2,3.95,16.41,2033,NORMAL
2,42,52.76,101.21,6588,PORT_SCAN
21,1,9.17,87.91,3652,BRUTE_FORCE
27,2,10.05,57.93,2556,BRUTE_FORCE
2,23,33.69,244.64,7018,PORT_SCAN
16,2,17.87,118.68,1656,BRUTE_FORCE
0,33,29.28,82.31,8636,PORT_SCAN
8,3,23.35,40.12,2352,BRUTE_FORCE
27,3,13.63,47.02,1946,BRUTE_FORCE
0,55,29.15,207.12,7537,PORT_SCAN
19,4,17.42,72.17,4388,BRUTE_FORCE
1,27,52.57,178.22,8301,PORT_SCAN
15,3,14.57,86.3,3423,BRUTE_FORCE
2,22,50.7,112.03,3475,PORT_SCAN
1,3,3.06,8.89,521,NORMAL
2,2,5.32,11.91,2117,NORMAL
9,2,22.25,112.88,3431,BRUTE_FORCE
11,3,22.53,72.98,2130,BRUTE_FORCE
1,24,48.68,105.9,8013,PORT_SCAN
2,2,3.1,8.84,2113,NORMAL
1,3,3.78,17.92,891,NORMAL
2,4,5.63,10.41,1628,NORMAL
1,2,1.7,8.57,803,NORMAL
29,4,8.04,104.13,2652,BRUTE_FORCE
0,32,42.34,228.39,7902,PORT_SCAN
13,3,9.27,86.03,4994,BRUTE_FORCE
2,2,2.02,22.36,2485,NORMAL
1,3,1.65,14.78,1085,NORMAL
12,4,19.24,47.48,3755,BRUTE_FORCE
1,4,2.94,21.06,907,NORMAL
1,15,31.97,234.31,6525,PORT_SCAN
9,4,8.32,66.09,4470,BRUTE_FORCE
2,55,31.53,202.76,3173,PORT_SCAN
0,2,3.31,8.95,2052,NORMAL
1,4,1.72,8.11,699,NORMAL
1,22,22.22,112.28,6337,PORT_SCAN
10,3,12.64,88.98,3611,BRUTE_FORCE
29,4,18.78,96.17,1906,BRUTE_FORCE
0,25,44.4,190.33,6177,PORT_SCAN
2,2,5.34,26.14,1343,NORMAL
0,24,49.63,80.44,9534,PORT_SCAN
2,1,2.21,28.13,629,NORMAL
1,43,28.79,194.11,2725,PORT_SCAN
28,4,21.7,116.79,1990,BRUTE_FORCE
0,3,3.63,19.3,1264,NORMAL
0,18,44.28,181.68,7599,PORT_SCAN
16,2,20.33,103.43,2635,BRUTE_FORCE
0,60,38.31,181.78,2880,PORT_SCAN
2,4,3.39,15.1,1990,NORMAL
0,1,5.32,13.39,1717,NORMAL
2,14,37.47,217.84,6856,PORT_SCAN
1,24,58.11,136.47,7663,PORT_SCAN
2,39,28.52,238.05,5191,PORT_SCAN
1,4,3.66,21.18,1331,NORMAL
13,2,22.1,42.12,1856,BRUTE_FORCE
24,1,14.64,64.67,1714,BRUTE_FORCE
1,1,3.81,13.18,970,NORMAL
2,4,3.8,7.8,2435,NORMAL
2,37,32.05,136.21,6220,PORT_SCAN
15,3,9.2,117.07,2631,BRUTE_FORCE
1,2,2.26,14.33,1191,NORMAL
2,1,5.64,23.9,2205,NORMAL
1,1,1.16,24.79,2444,NORMAL
3,54,33.81,218.01,7814,PORT_SCAN
2,2,3.41,20.68,2326,NORMAL
26,1,12.93,52.12,3396,BRUTE_FORCE
2,12,25.63,122.33,7125,PORT_SCAN
0,28,49.24,175.88,4283,PORT_SCAN
30,2,21.29,58.04,2428,BRUTE_FORCE
8,3,11.04,68.55,1571,BRUTE_FORCE
1,4,3.77,19.19,1564,NORMAL
18,3,19.2,115.41,2091,BRUTE_FORCE
3,15,39.48,248.02,3713,PORT_SCAN
3,30,21.95,247.19,9013,PORT_SCAN
20,1,10.06,71.22,2061,BRUTE_FORCE
9,1,20.23,119.07,2781,BRUTE_FORCE
0,19,59.15,225.57,7901,PORT_SCAN
2,3,5.32,20.68,809,NORMAL
17,2,24.76,79.34,4424,BRUTE_FORCE
1,4,1.49,22.55,676,NORMAL
3,23,21.25,105.43,9480,PORT_SCAN
9,3,19.54,71.11,1731,BRUTE_FORCE
29,2,12.6,67.6,4334,BRUTE_FORCE
14,1,16.3,105.79,3013,BRUTE_FORCE
2,45,52.41,225.44,4808,PORT_SCAN
1,2,4.43,11.07,685,NORMAL
0,51,52.53,122.05,3114,PORT_SCAN
2,50,32.91,83.72,7994,PORT_SCAN
1,3,5.6,8.55,746,NORMAL
1,3,4.25,21.03,674,NORMAL
0,4,2.24,8.87,1338,NORMAL
21,3,17.87,65.16,3261,BRUTE_FORCE
1,2,1.93,5.35,2204,NORMAL
9,1,19.32,56.94,2075,BRUTE_FORCE
2,3,5.84,9.57,892,NORMAL
0,1,5.24,11.93,1623,NORMAL
2,3,3.12,14.41,1214,NORMAL
23,2,24.42,74.94,4338,BRUTE_FORCE
2,13,41.35,125.85,7513,PORT_SCAN
21,3,12.66,55.0,4426,BRUTE_FORCE
30,4,10.7,86.01,2771,BRUTE_FORCE
1,1,5.37,18.27,2071,NORMAL
0,2,2.31,19.86,1807,NORMAL
17,3,20.79,42.42,4984,BRUTE_FORCE
15,1,20.89,101.92,1885,BRUTE_FORCE
10,1,23.55,102.1,4846,BRUTE_FORCE
15,1,13.42,47.93,4427,BRUTE_FORCE
13,1,11.7,80.27,4906,BRUTE_FORCE
10,4,13.66,107.85,2575,BRUTE_FORCE
1,13,43.52,159.71,4298,PORT_SCAN
0,3,1.78,9.36,2256,NORMAL
21,4,14.0,66.01,2130,BRUTE_FORCE
19,2,12.74,60.35,4244,BRUTE_FORCE
0,16,42.85,246.49,6833,PORT_SCAN
0,4,3.43,5.93,1319,NORMAL
17,2,21.03,81.67,4778,BRUTE_FORCE
2,55,47.84,117.23,3574,PORT_SCAN
3,22,26.82,202.9,4266,PORT_SCAN
1,48,53.22,246.05,9485,PORT_SCAN
14,3,10.62,98.51,4602,BRUTE_FORCE
1,3,2.47,22.64,1321,NORMAL
3,46,49.08,183.05,2898,PORT_SCAN
0,58,48.84,123.58,6768,PORT_SCAN
27,1,14.24,84.94,2297,BRUTE_FORCE
2,33,25.8,133.46,2578,PORT_SCAN
1,52,37.57,97.76,5723,PORT_SCAN
2,4,5.96,14.13,1017,NORMAL
1,3,5.89,26.86,679,NORMAL
3,18,52.19,115.17,7413,PORT_SCAN
0,3,3.82,21.58,934,NORMAL
0,2,1.87,28.94,1001,NORMAL
0,54,49.22,183.89,4045,PORT_SCAN
1,10,37.37,163.42,7507,PORT_SCAN
2,2,5.86,7.18,2079,NORMAL
3,17,40.0,115.64,9207,PORT_SCAN
14,2,23.0,64.15,2622,BRUTE_FORCE
2,3,1.85,12.31,1026,NORMAL
16,3,16.79,74.86,2175,BRUTE_FORCE
0,1,2.28,29.58,2322,NORMAL
2,14,57.33,180.42,5578,PORT_SCAN
1,1,5.85,6.32,2045,NORMAL
9,1,13.31,42.48,4031,BRUTE_FORCE
1,4,4.76,18.1,541,NORMAL
0,34,24.5,207.56,4449,PORT_SCAN
21,4,12.53,95.68,3908,BRUTE_FORCE
18,3,15.6,106.91,4070,BRUTE_FORCE
0,20,38.55,181.1,9852,PORT_SCAN
30,1,17.45,51.2,4497,BRUTE_FORCE
0,10,41.73,179.29,3667,PORT_SCAN
1,2,2.8,7.4,1252,NORMAL
3,54,51.93,196.59,7356,PORT_SCAN
26,3,16.59,118.8,2068,BRUTE_FORCE
0,29,20.41,177.81,3396,PORT_SCAN
1,53,43.59,169.46,4477,PORT_SCAN
1,46,31.15,155.41,4479,PORT_SCAN
12,2,24.89,74.71,4146,BRUTE_FORCE
26,1,24.67,110.71,2433,BRUTE_FORCE
0,55,43.12,237.1,3874,PORT_SCAN
30,1,18.7,109.55,1532,BRUTE_FORCE
2,22,32.83,180.96,2698,PORT_SCAN
21,1,24.51,58.98,3404,BRUTE_FORCE
1,3,2.36,25.02,1303,NORMAL
0,40,40.37,89.6,6085,PORT_SCAN
30,2,22.85,96.24,1799,BRUTE_FORCE
20,3,10.02,42.4,3250,BRUTE_FORCE
30,1,19.4,74.22,3368,BRUTE_FORCE
3,34,49.47,179.11,7186,PORT_SCAN
25,1,21.93,109.29,2274,BRUTE_FORCE
10,2,21.43,52.42,3918,BRUTE_FORCE
2,18,22.03,135.39,7673,PORT_SCAN
2,2,1.27,15.07,1431,NORMAL
8,2,18.06,97.52,2013,BRUTE_FORCE
15,3,8.88,61.55,1622,BRUTE_FORCE
1,4,2.92,26.53,1484,NORMAL
25,2,15.88,93.5,3282,BRUTE_FORCE
14,4,16.28,59.21,4259,BRUTE_FORCE
14,2,8.14,89.03,3536,BRUTE_FORCE
11,2,23.31,72.72,3125,BRUTE_FORCE
1,1,5.09,23.17,1237,NORMAL
1,1,2.56,12.23,612,NORMAL
2,2,3.17,12.71,529,NORMAL
1,4,4.32,11.52,660,NORMAL
3,19,58.07,154.05,3837,PORT_SCAN
1,2,1.46,26.18,2156,NORMAL
2,12,32.57,182.41,9794,PORT_SCAN
1,3,4.81,12.27,1214,NORMAL
1,3,5.53,26.15,689,NORMAL
0,17,31.29,211.76,7501,PORT_SCAN
3,27,45.91,125.3,8960,PORT_SCAN
0,39,37.69,181.12,8567,PORT_SCAN
2,2,1.47,29.38,2199,NORMAL
2,1,3.59,16.04,2378,NORMAL
1,43,28.7,175.36,8367,PORT_SCAN
20,1,21.13,63.63,2509,BRUTE_FORCE
1,1,2.5,6.04,2431,NORMAL
8,4,21.36,82.37,3902,BRUTE_FORCE
0,3,4.42,19.76,2342,NORMAL
0,52,22.06,157.57,8405,PORT_SCAN
2,3,2.69,22.21,2071,NORMAL
3,36,40.19,200.58,7444,PORT_SCAN
2,2,4.45,6.97,1205,NORMAL
0,2,1.39,21.09,933,NORMAL
1,4,5.31,11.52,2112,NORMAL
23,3,8.82,93.25,1537,BRUTE_FORCE
12,3,8.23,95.5,1955,BRUTE_FORCE
21,1,14.31,50.34,3674,BRUTE_FORCE
1,56,31.33,112.82,2694,PORT_SCAN
2,4,4.49,9.17,1486,NORMAL
2,4,4.59,8.81,2380,NORMAL
25,4,11.75,87.14,4815,BRUTE_FORCE
8,4,17.72,68.76,1583,BRUTE_FORCE
25,3,20.34,84.73,3887,BRUTE_FORCE
30,4,16.16,110.55,2556,BRUTE_FORCE
0,45,41.8,169.81,3075,PORT_SCAN
0,3,2.19,14.33,1904,NORMAL
24,3,9.29,57.09,2852,BRUTE_FORCE
17,2,14.59,75.01,4204,BRUTE_FORCE
1,2,4.18,27.1,1151,NORMAL
0,3,4.83,11.9,2279,NORMAL
1,1,5.94,24.56,1104,NORMAL
21,3,24.89,81.55,4025,BRUTE_FORCE
1,50,27.77,191.86,6095,PORT_SCAN
0,3,1.95,22.15,1959,NORMAL
1,17,27.47,97.36,5413,PORT_SCAN
3,41,55.16,164.55,3237,PORT_SCAN
2,50,50.26,246.06,9038,PORT_SCAN
2,2,1.01,14.09,1470,NORMAL
1,21,35.82,92.92,4376,PORT_SCAN
0,57,44.91,149.29,7738,PORT_SCAN
1,25,30.24,205.7,8150,PORT_SCAN
8,3,12.88,74.39,3875,BRUTE_FORCE
0,3,1.63,7.34,1479,NORMAL
0,53,38.76,218.59,6566,PORT_SCAN
0,3,4.95,10.95,1163,NORMAL
13,4,18.91,68.25,1886,BRUTE_FORCE
1,13,57.7,232.02,8837,PORT_SCAN
1,60,55.88,184.28,9310,PORT_SCAN
1,38,29.86,146.67,5164,PORT_SCAN
2,4,1.21,25.32,2468,NORMAL
28,1,23.66,90.55,1554,BRUTE_FORCE
19,3,18.77,114.04,4942,BRUTE_FORCE
21,1,16.93,94.84,2939,BRUTE_FORCE
0,38,29.81,177.36,8748,PORT_SCAN
2,4,1.7,19.68,676,NORMAL
3,35,31.71,153.28,9592,PORT_SCAN
15,2,9.24,58.91,4132,BRUTE_FORCE
28,4,17.44,54.57,1911,BRUTE_FORCE
2,30,54.98,125.98,4065,PORT_SCAN
1,53,55.07,208.35,5810,PORT_SCAN
19,4,15.02,105.63,4382,BRUTE_FORCE
1,3,2.32,24.82,1730,NORMAL
2,2,5.69,22.28,1739,NORMAL
2,3,3.76,7.5,1992,NORMAL
0,3,2.05,11.24,710,NORMAL
2,12,49.72,234.29,8215,PORT_SCAN
3,31,34.67,167.14,8923,PORT_SCAN
2,41,33.63,138.35,7169,PORT_SCAN
0,1,3.14,15.01,1571,NORMAL
0,41,48.64,166.44,7299,PORT_SCAN
28,4,10.38,109.94,3212,BRUTE_FORCE
8,1,17.73,58.26,2210,BRUTE_FORCE
18,2,19.52,96.32,2545,BRUTE_FORCE
24,2,22.89,53.27,3248,BRUTE_FORCE
2,4,3.07,9.69,1240,NORMAL
0,1,4.17,9.36,1483,NORMAL
0,37,39.88,95.96,5967,PORT_SCAN
2,4,2.97,25.79,1408,NORMAL
0,4,4.77,25.5,2088,NORMAL
3,53,43.05,83.9,8971,PORT_SCAN
11,3,24.7,46.75,4146,BRUTE_FORCE
0,4,1.36,23.02,1619,NORMAL
0,36,59.21,86.81,6355,PORT_SCAN
2,4,5.98,21.25,1339,NORMAL
1,1,1.08,17.91,1677,NORMAL
13,2,23.3,79.81,3971,BRUTE_FORCE
13,4,18.04,97.01,2327,BRUTE_FORCE
0,56,49.83,144.94,7856,PORT_SCAN
1,47,43.85,165.19,6122,PORT_SCAN
1,20,45.62,237.86,5955,PORT_SCAN
2,39,59.37,182.31,3853,PORT_SCAN
10,2,17.09,65.41,3742,BRUTE_FORCE
3,57,37.74,111.88,4206,PORT_SCAN
3,34,25.9,191.41,4350,PORT_SCAN
2,27,57.98,86.97,9364,PORT_SCAN
1,2,3.13,24.01,827,NORMAL
0,3,5.15,20.46,2264,NORMAL
0,1,4.09,13.83,1704,NORMAL
2,50,57.58,95.53,6028,PORT_SCAN
13,4,22.42,116.46,2071,BRUTE_FORCE
0,3,3.85,17.35,1630,NORMAL
0,43,47.75,99.81,3555,PORT_SCAN
9,4,23.23,95.53,4765,BRUTE_FORCE
29,1,14.29,69.1,2736,BRUTE_FORCE
14,4,11.27,82.22,2910,BRUTE_FORCE
0,27,54.48,217.27,6909,PORT_SCAN
2,29,43.35,171.99,3692,PORT_SCAN
1,2,5.04,6.39,1582,NORMAL
2,4,3.05,23.82,785,NORMAL
2,4,5.16,29.82,1069,NORMAL
29,2,19.76,43.29,1919,BRUTE_FORCE
1,4,3.85,22.7,1634,NORMAL
3,20,36.08,169.88,7420,PORT_SCAN
30,1,8.63,119.91,3456,BRUTE_FORCE
21,4,18.13,71.61,2809,BRUTE_FORCE
3,59,34.6,122.13,5913,PORT_SCAN
0,32,20.95,203.09,5003,PORT_SCAN
2,1,3.24,25.27,1498,NORMAL
0,4,4.62,16.58,2023,NORMAL
0,54,49.27,241.49,3587,PORT_SCAN
2,1,5.57,21.66,2198,NORMAL
0,22,30.68,213.54,4847,PORT_SCAN
0,3,1.64,23.12,2111,NORMAL
3,12,56.08,95.82,8374,PORT_SCAN
3,54,21.07,85.55,5865,PORT_SCAN
3,42,31.68,150.04,6375,PORT_SCAN
1,54,53.16,232.91,2961,PORT_SCAN
2,4,5.49,18.92,552,NORMAL
1,4,5.34,8.7,1896,NORMAL
0,1,5.11,21.75,1993,NORMAL
1,4,4.54,17.86,2258,NORMAL
30,1,21.41,108.94,2108,BRUTE_FORCE
0,2,1.28,22.09,549,NORMAL
0,15,46.09,224.97,8597,PORT_SCAN
3,28,32.91,134.16,3961,PORT_SCAN
29,2,21.03,104.58,2784,BRUTE_FORCE
2,31,20.41,114.18,8102,PORT_SCAN
2,54,31.81,246.25,7892,PORT_SCAN
1,30,29.6,107.86,5734,PORT_SCAN
0,4,1.88,28.9,642,NORMAL
15,1,12.3,68.9,3048,BRUTE_FORCE
1,44,34.67,143.39,7027,PORT_SCAN
17,2,14.09,62.44,4372,BRUTE_FORCE
0,4,3.87,5.16,2196,NORMAL
2,4,5.65,8.67,1763,NORMAL
0,56,59.46,171.88,5623,PORT_SCAN
0,49,24.88,199.71,4134,PORT_SCAN
2,58,35.75,202.35,7963,PORT_SCAN
1,35,36.49,129.52,5722,PORT_SCAN
20,1,15.33,112.48,2018,BRUTE_FORCE
1,17,56.78,206.52,8085,PORT_SCAN
2,23,36.51,189.81,6698,PORT_SCAN
2,4,1.5,22.54,2246,NORMAL
0,19,26.75,105.4,6932,PORT_SCAN
2,1,3.01,13.07,2355,NORMAL
0,2,2.44,26.38,1530,NORMAL
2,4,3.16,21.99,1853,NORMAL
3,56,22.06,128.9,5059,PORT_SCAN
2,3,4.65,19.0,2447,NORMAL
9,2,13.3,74.87,4169,BRUTE_FORCE
0,15,24.32,223.01,3918,PORT_SCAN
2,4,3.44,7.73,1882,NORMAL
3,28,38.75,162.09,8499,PORT_SCAN
23,3,24.26,115.97,3788,BRUTE_FORCE
1,2,5.61,7.59,2458,NORMAL
28,1,11.43,61.82,1619,BRUTE_FORCE
24,1,21.09,40.04,3710,BRUTE_FORCE
25,2,20.78,75.12,4025,BRUTE_FORCE
30,2,8.79,83.21,3377,BRUTE_FORCE
8,1,10.39,72.36,2728,BRUTE_FORCE
9,2,14.77,116.89,1660,BRUTE_FORCE
13,1,17.96,68.16,1596,BRUTE_FORCE
2,4,4.62,9.96,1063,NORMAL
1,54,20.53,106.58,3088,PORT_SCAN
3,48,35.75,92.18,6500,PORT_SCAN
16,4,23.59,40.99,4368,BRUTE_FORCE
21,1,20.96,72.33,3174,BRUTE_FORCE
1,1,1.92,14.47,1033,NORMAL
1,41,33.55,118.54,6165,PORT_SCAN
0,2,1.18,26.63,2346,NORMAL
2,55,57.22,114.45,5787,PORT_SCAN
0,2,4.83,29.61,1321,NORMAL
1,52,33.33,243.19,3240,PORT_SCAN
28,4,20.53,63.49,3366,BRUTE_FORCE
15,2,11.33,54.57,2962,BRUTE_FORCE
1,3,2.07,13.04,2265,NORMAL
1,3,4.89,17.57,1357,NORMAL
0,57,21.5,188.61,9695,PORT_SCAN
0,12,27.7,145.04,6035,PORT_SCAN
2,4,1.35,23.52,2490,NORMAL
1,49,57.1,127.87,8056,PORT_SCAN
14,3,11.54,83.88,3142,BRUTE_FORCE
1,4,2.53,16.8,2281,NORMAL
29,2,18.68,112.27,4147,BRUTE_FORCE
0,54,22.62,131.84,5265,PORT_SCAN
18,3,18.15,88.06,2836,BRUTE_FORCE
0,3,2.92,13.79,1601,NORMAL
1,17,28.29,100.07,8126,PORT_SCAN
1,1,3.87,21.3,1968,NORMAL
26,1,19.34,55.4,4868,BRUTE_FORCE
15,2,9.79,110.46,4482,BRUTE_FORCE
2,1,1.21,25.71,751,NORMAL
0,1,2.69,29.63,2329,NORMAL
2,51,52.21,245.75,8783,PORT_SCAN
30,3,11.48,110.29,4517,BRUTE_FORCE
18,2,21.91,46.11,2962,BRUTE_FORCE
2,3,3.85,24.81,2254,NORMAL
21,2,15.05,108.77,2799,BRUTE_FORCE
9,3,23.87,81.23,4839,BRUTE_FORCE
12,1,24.29,53.61,3823,BRUTE_FORCE
3,50,21.45,126.79,7182,PORT_SCAN
1,17,31.64,155.23,4351,PORT_SCAN
1,60,40.75,98.01,9675,PORT_SCAN
3,49,55.75,185.82,3430,PORT_SCAN
0,2,3.3,24.27,1567,NORMAL
2,2,2.55,18.47,1040,NORMAL
3,50,37.87,100.8,6822,PORT_SCAN
2,40,29.8,217.25,5826,PORT_SCAN
28,3,23.14,42.54,4422,BRUTE_FORCE
1,43,36.34,106.99,8089,PORT_SCAN
3,19,54.51,240.16,5165,PORT_SCAN
0,3,3.42,8.17,657,NORMAL
20,2,15.6,78.14,1946,BRUTE_FORCE
1,45,21.01,87.83,4544,PORT_SCAN
2,3,3.49,16.61,1159,NORMAL
0,51,34.57,115.63,4559,PORT_SCAN
1,3,3.62,23.97,599,NORMAL
0,13,23.62,82.17,7056,PORT_SCAN
1,43,56.31,141.41,6347,PORT_SCAN
1,41,49.48,119.93,4482,PORT_SCAN
3,30,42.02,128.35,5142,PORT_SCAN
25,4,23.48,95.06,3468,BRUTE_FORCE
18,4,10.6,101.16,4500,BRUTE_FORCE
1,1,3.17,25.44,2354,NORMAL
22,3,15.98,83.8,3696,BRUTE_FORCE
22,2,18.52,42.52,4472,BRUTE_FORCE
1,2,4.21,19.38,2140,NORMAL
3,16,29.31,160.77,5839,PORT_SCAN
16,2,20.25,73.43,4657,BRUTE_FORCE
28,4,9.15,81.55,3178,BRUTE_FORCE
2,2,1.8,11.55,1426,NORMAL
2,2,1.81,6.84,2232,NORMAL
1,54,49.92,99.13,6908,PORT_SCAN
1,11,52.87,222.97,9801,PORT_SCAN
1,2,4.83,15.41,1808,NORMAL
2,2,5.12,23.76,1770,NORMAL
21,1,19.56,85.21,2766,BRUTE_FORCE
0,3,1.71,11.13,525,NORMAL
1,53,34.95,240.74,8584,PORT_SCAN
2,58,43.94,133.22,9664,PORT_SCAN
1,4,1.86,17.89,2003,NORMAL
12,2,9.58,70.71,3115,BRUTE_FORCE
28,4,9.46,71.61,4846,BRUTE_FORCE
30,3,23.62,80.9,3837,BRUTE_FORCE
30,2,14.37,48.01,2178,BRUTE_FORCE
3,32,32.77,152.05,8180,PORT_SCAN
21,1,18.02,89.62,2790,BRUTE_FORCE
2,51,51.48,86.73,8986,PORT_SCAN
1,1,4.62,8.85,1637,NORMAL
2,30,50.06,140.94,6543,PORT_SCAN
0,12,31.65,113.71,4013,PORT_SCAN
3,10,20.67,202.77,6888,PORT_SCAN
30,2,13.84,88.64,4311,BRUTE_FORCE
1,53,34.95,208.81,9485,PORT_SCAN
2,26,28.17,201.75,4455,PORT_SCAN
1,2,2.41,13.72,1676,NORMAL
1,26,54.46,124.2,8806,PORT_SCAN
14,4,21.56,106.5,1783,BRUTE_FORCE
3,49,58.68,126.21,4552,PORT_SCAN
1,35,41.4,189.52,5991,PORT_SCAN
25,3,10.17,47.67,4543,BRUTE_FORCE
0,3,3.54,8.03,911,NORMAL
2,22,26.0,210.13,9870,PORT_SCAN
20,1,13.42,66.55,2823,BRUTE_FORCE
3,15,37.96,222.9,6916,PORT_SCAN
26,1,8.44,76.91,4020,BRUTE_FORCE
29,2,8.88,51.45,4026,BRUTE_FORCE
2,60,25.84,86.51,9297,PORT_SCAN
2,1,4.78,24.88,603,NORMAL
2,33,37.84,137.64,3850,PORT_SCAN
1,54,29.64,115.12,6927,PORT_SCAN
20,2,24.56,44.31,3269,BRUTE_FORCE
26,3,21.26,111.53,2550,BRUTE_FORCE
2,3,3.61,20.38,1261,NORMAL
18,1,19.99,87.69,4296,BRUTE_FORCE
10,2,24.22,113.11,4221,BRUTE_FORCE
2,2,3.37,7.07,2031,NORMAL
27,2,16.58,45.47,4857,BRUTE_FORCE
20,4,20.32,57.31,2279,BRUTE_FORCE
24,4,16.92,95.67,4006,BRUTE_FORCE
17,2,9.99,70.32,3642,BRUTE_FORCE
3,15,55.41,154.46,4052,PORT_SCAN
1,1,2.42,29.53,749,NORMAL
0,2,3.02,13.08,962,NORMAL
16,3,11.49,67.2,4823,BRUTE_FORCE
0,53,53.77,134.11,8038,PORT_SCAN
2,60,24.07,99.63,4517,PORT_SCAN
1,58,54.13,112.88,8147,PORT_SCAN
14,3,10.52,96.89,2957,BRUTE_FORCE
21,4,20.24,98.18,4562,BRUTE_FORCE
14,3,21.29,106.22,3675,BRUTE_FORCE
1,4,4.04,22.2,954,NORMAL
1,2,4.29,12.09,1859,NORMAL
2,3,2.88,5.43,2185,NORMAL
0,3,3.07,16.02,2156,NORMAL
0,21,37.5,110.52,7509,PORT_SCAN
27,4,20.95,56.75,3120,BRUTE_FORCE
0,4,1.93,26.56,886,NORMAL
0,2,4.58,19.22,1207,NORMAL
1,55,37.54,81.39,3238,PORT_SCAN
11,4,17.55,88.41,4919,BRUTE_FORCE
0,23,26.68,97.51,3022,PORT_SCAN
2,31,25.75,187.09,3185,PORT_SCAN
3,29,52.94,146.03,2536,PORT_SCAN
0,58,21.09,106.18,6232,PORT_SCAN
2,2,1.11,10.55,1205,NORMAL
17,2,15.0,111.34,2565,BRUTE_FORCE
1,3,5.7,11.6,2482,NORMAL
18,2,20.88,104.64,3899,BRUTE_FORCE
0,47,21.03,133.03,8048,PORT_SCAN
0,30,27.44,93.75,9709,PORT_SCAN
20,2,17.07,91.42,3596,BRUTE_FORCE
0,35,22.12,227.74,8384,PORT_SCAN
28,3,12.58,115.72,3663,BRUTE_FORCE
18,1,8.37,86.93,2080,BRUTE_FORCE
0,4,4.35,29.56,1874,NORMAL
3,51,31.53,153.26,3945,PORT_SCAN
0,4,5.73,13.13,1011,NORMAL
1,1,4.64,11.76,862,NORMAL
0,4,2.44,17.49,1563,NORMAL
3,32,58.18,216.78,4879,PORT_SCAN
1,1,4.64,19.48,1773,NORMAL
25,2,10.35,66.79,3710,BRUTE_FORCE
1,4,5.95,14.38,1600,NORMAL
1,39,47.24,168.94,4873,PORT_SCAN
29,2,16.04,94.52,2778,BRUTE_FORCE
1,3,2.6,16.77,2404,NORMAL
2,4,5.24,6.78,831,NORMAL
1,32,26.05,192.73,8074,PORT_SCAN
0,2,4.74,26.24,2401,NORMAL
1,4,1.84,22.27,1281,NORMAL
2,4,5.82,16.79,2260,NORMAL
2,42,27.24,128.96,6157,PORT_SCAN
1,4,3.93,25.11,1821,NORMAL
26,1,21.36,62.11,4707,BRUTE_FORCE
14,3,19.54,118.67,2775,BRUTE_FORCE
3,37,24.83,116.34,5421,PORT_SCAN
3,56,36.29,147.6,9582,PORT_SCAN
1,1,5.56,5.66,2070,NORMAL
0,45,57.96,118.35,5299,PORT_SCAN
2,10,37.66,217.78,8226,PORT_SCAN
2,4,4.43,23.56,2274,NORMAL
2,4,3.14,13.68,657,NORMAL
3,18,35.42,211.1,5312,PORT_SCAN
1,38,41.69,231.97,8563,PORT_SCAN
1,2,4.98,18.71,886,NORMAL
0,2,2.46,8.05,2231,NORMAL
18,3,24.3,73.74,1630,BRUTE_FORCE
28,2,19.7,70.94,3806,BRUTE_FORCE
2,1,1.62,14.26,895,NORMAL
13,1,18.76,50.91,4423,BRUTE_FORCE
2,39,53.65,125.57,8447,PORT_SCAN
21,2,23.4,56.33,2171,BRUTE_FORCE
1,2,4.65,12.53,1955,NORMAL
3,30,39.77,192.23,3241,PORT_SCAN
27,2,14.81,69.3,4283,BRUTE_FORCE
27,1,13.66,40.55,3544,BRUTE_FORCE
23,4,22.14,48.41,1709,BRUTE_FORCE
2,1,2.77,7.65,2451,NORMAL
1,2,3.72,11.19,1368,NORMAL
1,11,26.22,150.29,8763,PORT_SCAN
2,16,29.75,127.74,2992,PORT_SCAN
2,4,2.21,16.82,1333,NORMAL
29,4,17.91,75.04,3798,BRUTE_FORCE
1,45,32.86,128.12,6319,PORT_SCAN
0,3,5.65,12.45,2291,NORMAL
1,3,2.74,11.73,2366,NORMAL
24,4,15.12,88.72,4336,BRUTE_FORCE
16,1,15.37,41.43,3117,BRUTE_FORCE
3,50,24.32,126.57,7635,PORT_SCAN
1,4,2.93,8.84,1399,NORMAL
1,1,4.24,19.1,2175,NORMAL
2,1,1.34,14.44,501,NORMAL
20,3,18.01,99.31,4619,BRUTE_FORCE
1,2,3.74,15.32,1502,NORMAL
1,3,5.55,5.2,1072,NORMAL
8,4,16.26,111.87,3003,BRUTE_FORCE
12,2,16.58,76.87,3342,BRUTE_FORCE
1,4,3.34,18.38,2175,NORMAL
2,36,55.86,81.43,2946,PORT_SCAN
3,23,45.01,111.09,9354,PORT_SCAN
0,1,2.51,9.99,1462,NORMAL
17,3,10.35,68.33,2279,BRUTE_FORCE
25,3,24.31,82.58,2798,BRUTE_FORCE
15,2,23.11,41.3,4333,BRUTE_FORCE
1,2,4.26,24.26,2205,NORMAL
11,2,19.26,76.56,4236,BRUTE_FORCE
1,11,48.79,102.9,6835,PORT_SCAN
2,4,3.77,25.74,2382,NORMAL
1,3,5.01,18.36,1403,NORMAL
3,34,24.13,215.87,2622,PORT_SCAN
2,4,4.58,27.66,2185,NORMAL
0,2,2.98,12.57,1720,NORMAL
1,1,5.5,5.17,2134,NORMAL
3,11,50.4,246.29,9300,PORT_SCAN
3,57,47.93,84.09,3172,PORT_SCAN
0,2,5.38,12.36,1004,NORMAL
22,2,11.42,85.55,4915,BRUTE_FORCE
2,4,5.51,19.53,1688,NORMAL
23,1,11.44,88.07,4308,BRUTE_FORCE
16,1,14.41,114.93,2094,BRUTE_FORCE
23,4,22.79,50.02,3674,BRUTE_FORCE
0,2,4.09,16.8,1616,NORMAL
2,10,32.38,215.22,5017,PORT_SCAN
1,34,58.02,152.61,9394,PORT_SCAN
1,3,2.24,25.77,2060,NORMAL
1,3,3.8,22.94,1870,NORMAL
15,3,8.78,66.89,3430,BRUTE_FORCE
1,16,51.88,221.18,3875,PORT_SCAN
1,4,5.38,24.58,2249,NORMAL
30,4,23.47,64.19,3708,BRUTE_FORCE
21,2,9.46,101.58,2106,BRUTE_FORCE
0,1,2.7,13.44,1976,NORMAL
30,1,8.38,113.81,3786,BRUTE_FORCE
0,3,5.92,9.85,1757,NORMAL
1,3,4.79,22.5,2002,NORMAL
0,14,26.54,86.37,8457,PORT_SCAN
2,3,4.4,13.46,1230,NORMAL
0,4,2.28,23.1,550,NORMAL
1,21,23.0,111.11,5003,PORT_SCAN
2,33,56.2,155.79,9746,PORT_SCAN
1,46,38.45,121.66,7441,PORT_SCAN
2,3,4.24,12.0,2380,NORMAL
2,4,3.65,15.33,2283,NORMAL
0,1,2.49,20.07,2401,NORMAL
0,2,4.81,26.57,1700,NORMAL
2,2,1.32,29.38,1193,NORMAL
1,2,5.92,22.59,1439,NORMAL
11,2,14.26,59.21,4487,BRUTE_FORCE
1,4,3.97,9.9,1222,NORMAL
3,41,30.86,177.65,3973,PORT_SCAN
3,58,26.24,242.14,6448,PORT_SCAN
0,46,33.22,167.25,7700,PORT_SCAN
29,2,9.04,105.22,2695,BRUTE_FORCE
11,4,16.56,104.47,4234,BRUTE_FORCE
11,4,20.95,84.38,1686,BRUTE_FORCE
2,1,2.93,14.42,1812,NORMAL
3,44,21.24,230.59,7386,PORT_SCAN
13,4,10.7,118.96,3307,BRUTE_FORCE
19,4,24.56,99.96,2469,BRUTE_FORCE
0,3,2.33,28.42,2239,NORMAL
0,1,1.68,22.15,544,NORMAL
22,4,23.51,84.49,2299,BRUTE_FORCE
2,3,5.51,21.96,2360,NORMAL
3,41,44.04,196.83,2737,PORT_SCAN
30,4,8.18,78.61,3683,BRUTE_FORCE
2,34,50.13,243.07,3753,PORT_SCAN
3,20,36.2,173.49,6641,PORT_SCAN
2,3,2.93,23.96,1077,NORMAL
14,2,10.72,45.25,1670,BRUTE_FORCE
3,58,23.4,154.07,9931,PORT_SCAN
0,2,3.33,11.41,1255,NORMAL
11,2,17.24,119.67,3172,BRUTE_FORCE
25,3,8.9,70.94,4417,BRUTE_FORCE
1,16,53.92,219.02,6877,PORT_SCAN
0,58,59.86,117.3,9434,PORT_SCAN
21,2,14.08,45.81,4190,BRUTE_FORCE
0,10,30.02,200.55,3618,PORT_SCAN
26,2,9.78,114.02,3904,BRUTE_FORCE
0,14,24.55,115.31,6876,PORT_SCAN
1,2,4.25,12.55,1000,NORMAL
0,26,26.67,139.51,5047,PORT_SCAN
1,29,50.91,82.07,8152,PORT_SCAN
0,23,38.69,167.65,9215,PORT_SCAN
15,2,23.65,90.21,3815,BRUTE_FORCE
2,4,4.23,10.74,767,NORMAL
12,4,21.7,54.13,3546,BRUTE_FORCE
3,11,20.59,221.14,7455,PORT_SCAN
3,46,35.13,149.18,3096,PORT_SCAN
0,1,1.8,26.95,1136,NORMAL
20,2,13.93,103.0,1661,BRUTE_FORCE
20,4,13.66,44.8,4829,BRUTE_FORCE
0,3,5.14,14.76,569,NORMAL
2,15,51.63,82.37,6895,PORT_SCAN
2,16,46.9,246.15,9108,PORT_SCAN
26,4,11.87,88.3,4019,BRUTE_FORCE
1,41,31.66,244.3,2981,PORT_SCAN
2,35,43.21,111.71,7473,PORT_SCAN
3,42,21.96,130.8,9218,PORT_SCAN
29,4,8.5,89.99,2182,BRUTE_FORCE
3,47,28.31,219.93,5561,PORT_SCAN
1,1,2.67,22.87,900,NORMAL
3,58,39.08,81.55,6026,PORT_SCAN
1,46,56.76,227.28,8193,PORT_SCAN
1,4,4.67,17.51,843,NORMAL
0,53,23.27,237.94,7514,PORT_SCAN
1,1,3.89,10.32,1844,NORMAL
25,1,24.29,111.2,4514,BRUTE_FORCE
15,3,20.02,97.59,2917,BRUTE_FORCE
12,1,15.57,90.19,2084,BRUTE_FORCE
2,1,3.64,11.93,2141,NORMAL
0,4,5.15,5.34,581,NORMAL
3,24,29.66,184.0,8363,PORT_SCAN
1,2,5.12,17.39,734,NORMAL
1,3,2.06,18.27,1945,NORMAL
1,14,52.82,203.33,8084,PORT_SCAN
1,4,1.02,10.37,1070,NORMAL
1,2,1.07,21.35,524,NORMAL
0,29,51.54,85.67,5488,PORT_SCAN
17,2,20.27,59.59,2222,BRUTE_FORCE
0,3,5.08,25.25,2389,NORMAL
2,36,58.45,131.57,8608,PORT_SCAN
2,58,26.77,155.21,8887,PORT_SCAN
2,4,5.13,19.57,824,NORMAL
28,2,8.19,56.09,2653,BRUTE_FORCE
18,3,14.89,59.9,2690,BRUTE_FORCE
1,4,4.09,25.36,2041,NORMAL
3,17,49.8,191.43,6714,PORT_SCAN
2,3,4.39,23.02,1850,NORMAL
1,4,5.27,9.8,1744,NORMAL
27,2,18.0,98.98,4740,BRUTE_FORCE
2,4,2.84,8.13,1950,NORMAL
1,3,2.6,6.5,918,NORMAL
14,1,11.71,50.2,4641,BRUTE_FORCE
18,4,20.72,60.35,4613,BRUTE_FORCE
0,2,1.59,24.11,1741,NORMAL
15,1,9.3,50.14,2239,BRUTE_FORCE
2,16,47.96,117.23,7453,PORT_SCAN
2,31,57.88,216.5,4611,PORT_SCAN
10,3,21.88,99.72,3839,BRUTE_FORCE
3,58,52.58,238.48,9188,PORT_SCAN
1,14,48.29,81.55,6642,PORT_SCAN
18,3,8.17,47.53,2359,BRUTE_FORCE
0,20,55.77,213.52,4585,PORT_SCAN
9,2,15.28,80.52,4361,BRUTE_FORCE
22,2,22.13,47.34,2409,BRUTE_FORCE
3,15,57.61,248.52,7385,PORT_SCAN
1,34,45.06,246.59,4256,PORT_SCAN
3,43,36.83,228.72,8215,PORT_SCAN
3,51,46.92,190.51,9494,PORT_SCAN
17,1,10.65,110.49,1631,BRUTE_FORCE
3,19,45.08,148.68,2778,PORT_SCAN
1,4,3.03,14.35,1972,NORMAL
8,2,18.45,43.99,4614,BRUTE_FORCE
0,60,28.05,197.3,7753,PORT_SCAN
0,4,3.95,13.97,1885,NORMAL
14,4,16.83,86.01,4020,BRUTE_FORCE
1,2,3.83,13.71,1127,NORMAL
23,4,22.97,59.92,2294,BRUTE_FORCE
2,4,2.41,7.02,684,NORMAL
25,3,23.09,110.84,2646,BRUTE_FORCE
9,1,9.18,72.95,4339,BRUTE_FORCE
0,2,4.32,16.96,938,NORMAL
17,4,15.47,45.95,4255,BRUTE_FORCE
1,43,25.73,94.73,3235,PORT_SCAN
3,12,55.75,109.32,9274,PORT_SCAN
2,30,22.44,103.06,4238,PORT_SCAN
2,3,5.12,10.61,897,NORMAL
9,2,16.14,43.37,4606,BRUTE_FORCE
16,1,18.64,110.29,4837,BRUTE_FORCE
0,60,44.68,163.81,4606,PORT_SCAN
0,1,2.92,23.82,1785,NORMAL
0,54,21.87,244.07,6832,PORT_SCAN
19,2,23.46,51.87,2117,BRUTE_FORCE
0,1,2.37,29.32,2347,NORMAL
20,2,11.31,102.32,1565,BRUTE_FORCE
30,3,13.01,69.88,2818,BRUTE_FORCE
1,3,2.44,16.97,2439,NORMAL
2,1,3.26,10.54,1759,NORMAL
1,45,49.97,150.58,3364,PORT_SCAN
0,1,5.71,25.43,2442,NORMAL
19,3,9.88,116.05,4162,BRUTE_FORCE
1,2,5.15,18.54,2492,NORMAL
11,2,10.11,108.84,2996,BRUTE_FORCE
1,30,44.9,236.25,7633,PORT_SCAN
0,2,3.07,10.9,2151,NORMAL
2,14,26.28,204.33,5180,PORT_SCAN
2,24,48.54,123.97,8975,PORT_SCAN
30,3,16.93,78.66,3526,BRUTE_FORCE
21,3,16.05,52.09,4994,BRUTE_FORCE
1,60,28.23,197.85,3169,PORT_SCAN
3,12,25.25,102.19,7707,PORT_SCAN
1,3,3.75,29.92,2230,NORMAL
2,1,2.27,20.96,906,NORMAL
2,36,36.08,195.75,7035,PORT_SCAN
17,2,10.44,117.13,1732,BRUTE_FORCE
3,21,38.28,225.39,6962,PORT_SCAN
29,4,15.92,71.03,4310,BRUTE_FORCE
0,55,40.91,209.93,9800,PORT_SCAN
22,4,13.94,56.85,4530,BRUTE_FORCE
0,4,2.33,9.07,1735,NORMAL
0,3,2.09,5.36,1704,NORMAL
0,51,33.73,234.73,8586,PORT_SCAN
10,1,23.38,91.55,3370,BRUTE_FORCE
2,31,55.07,217.14,2974,PORT_SCAN
1,39,32.78,205.75,8889,PORT_SCAN
18,4,20.08,78.23,3156,BRUTE_FORCE
1,51,57.43,163.71,6707,PORT_SCAN
20,2,9.8,66.63,2190,BRUTE_FORCE
1,3,4.37,7.15,1305,NORMAL
0,2,4.4,19.92,1231,NORMAL
23,3,20.48,85.96,4903,BRUTE_FORCE
19,4,22.49,85.87,3641,BRUTE_FORCE
21,1,11.48,72.99,4525,BRUTE_FORCE
1,1,4.55,26.85,2328,NORMAL
1,54,54.95,87.67,3717,PORT_SCAN
3,48,46.88,228.28,4504,PORT_SCAN
1,55,28.76,206.47,3757,PORT_SCAN
15,3,21.67,90.21,2962,BRUTE_FORCE
3,41,38.28,200.03,7996,PORT_SCAN
0,15,30.51,241.27,5429,PORT_SCAN
0,4,3.85,15.44,2191,NORMAL
22,3,20.92,50.54,3228,BRUTE_FORCE
9,1,24.25,48.59,2933,BRUTE_FORCE
1,3,3.67,17.93,1295,NORMAL
0,43,41.76,213.69,6658,PORT_SCAN
1,16,42.04,122.38,7928,PORT_SCAN
2,3,1.66,17.39,1674,NORMAL
2,1,4.25,13.91,1440,NORMAL
28,3,9.65,57.99,4404,BRUTE_FORCE
2,1,2.97,22.41,1430,NORMAL
1,59,29.72,155.6,8489,PORT_SCAN
23,3,10.98,43.04,1730,BRUTE_FORCE
2,2,3.41,14.82,1026,NORMAL
13,2,16.32,51.22,2788,BRUTE_FORCE
0,1,2.71,21.7,1922,NORMAL
20,3,14.46,40.81,2640,BRUTE_FORCE
2,4,4.41,23.45,1631,NORMAL
22,4,11.5,111.27,3116,BRUTE_FORCE
21,3,18.48,61.05,2043,BRUTE_FORCE
1,34,46.26,232.98,7137,PORT_SCAN
1,3,2.36,27.02,1206,NORMAL
25,2,19.11,67.82,2231,BRUTE_FORCE
2,1,3.92,13.1,660,NORMAL
1,60,50.48,209.36,3283,PORT_SCAN
1,2,2.15,25.87,2212,NORMAL
29,3,24.26,84.52,1667,BRUTE_FORCE
1,36,29.89,209.74,3472,PORT_SCAN
17,2,20.81,42.58,4834,BRUTE_FORCE
0,4,4.21,21.29,504,NORMAL
1,2,2.35,7.61,1242,NORMAL
2,58,59.78,144.76,7575,PORT_SCAN
0,2,5.19,14.89,1970,NORMAL
0,37,50.66,219.76,3204,PORT_SCAN
0,1,1.52,27.4,973,NORMAL
2,19,21.15,158.24,8297,PORT_SCAN
0,2,3.92,16.2,1880,NORMAL
23,3,14.06,111.98,4995,BRUTE_FORCE
0,28,55.93,112.73,6709,PORT_SCAN
17,2,11.42,52.97,4833,BRUTE_FORCE
2,24,40.03,137.33,9755,PORT_SCAN
10,3,19.66,48.11,3156,BRUTE_FORCE
1,4,5.5,27.44,671,NORMAL
2,39,43.86,91.7,5598,PORT_SCAN
22,3,10.79,114.51,4151,BRUTE_FORCE
0,13,25.97,160.81,8199,PORT_SCAN
13,2,19.55,41.04,3210,BRUTE_FORCE
3,41,39.13,134.0,5703,PORT_SCAN
2,4,2.66,6.53,1459,NORMAL
1,43,33.5,197.35,3973,PORT_SCAN
3,52,41.63,121.37,3896,PORT_SCAN
2,3,2.5,29.72,2447,NORMAL
2,54,54.56,142.83,6379,PORT_SCAN
20,1,15.73,65.16,2824,BRUTE_FORCE
2,19,56.26,233.63,6511,PORT_SCAN
0,47,45.25,88.06,9104,PORT_SCAN
2,4,1.27,9.52,532,NORMAL
0,2,1.27,17.36,1141,NORMAL
0,14,30.14,241.67,5956,PORT_SCAN
16,4,15.9,106.06,3926,BRUTE_FORCE
2,45,34.14,120.18,2688,PORT_SCAN
21,3,23.4,40.65,2500,BRUTE_FORCE
2,2,2.44,9.1,894,NORMAL
2,26,54.69,122.33,4755,PORT_SCAN
1,4,3.13,8.02,1507,NORMAL
1,4,4.94,7.59,2234,NORMAL
0,2,3.08,17.24,917,NORMAL
0,38,39.85,215.04,6022,PORT_SCAN
12,2,8.07,108.93,4491,BRUTE_FORCE
21,1,18.07,90.1,2869,BRUTE_FORCE
20,4,15.36,93.12,3234,BRUTE_FORCE
8,3,12.01,114.55,4152,BRUTE_FORCE
12,4,9.7,91.58,4873,BRUTE_FORCE
23,2,23.1,117.14,2928,BRUTE_FORCE
14,3,12.8,58.9,2274,BRUTE_FORCE
2,2,1.48,10.0,1581,NORMAL
2,56,22.42,230.41,6788,PORT_SCAN
2,1,5.95,5.37,1974,NORMAL
2,19,53.8,161.07,9547,PORT_SCAN
1,4,1.22,23.51,2394,NORMAL
0,58,46.89,125.82,2829,PORT_SCAN
10,2,21.0,78.27,2387,BRUTE_FORCE
2,2,4.99,18.89,1134,NORMAL
20,4,19.28,64.48,2553,BRUTE_FORCE
0,2,2.01,25.71,2145,NORMAL
3,15,35.95,110.26,8815,PORT_SCAN
0,4,4.16,24.85,873,NORMAL
22,4,17.9,82.75,4333,BRUTE_FORCE
2,1,3.37,26.96,2402,NORMAL
16,4,23.47,87.83,3778,BRUTE_FORCE
0,56,47.33,209.26,3642,PORT_SCAN
0,2,2.79,7.86,1926,NORMAL
0,3,2.09,16.12,983,NORMAL
2,1,4.74,6.43,1696,NORMAL
26,2,8.11,111.91,3704,BRUTE_FORCE
2,56,43.31,134.34,3170,PORT_SCAN
14,4,21.72,113.89,3872,BRUTE_FORCE
21,1,19.99,79.42,1670,BRUTE_FORCE
1,3,3.48,18.11,1790,NORMAL
8,1,22.58,109.06,4726,BRUTE_FORCE
2,2,3.41,23.07,943,NORMAL
0,1,1.63,29.15,1051,NORMAL
9,1,14.84,53.03,4269,BRUTE_FORCE
3,49,50.03,83.91,8767,PORT_SCAN
1,11,39.9,132.03,7622,PORT_SCAN
0,2,4.75,18.6,1453,NORMAL
10,3,15.41,117.03,2563,BRUTE_FORCE
9,4,8.03,114.05,3705,BRUTE_FORCE
3,23,47.17,141.48,6378,PORT_SCAN
16,1,8.26,89.84,3605,BRUTE_FORCE
15,4,24.95,95.24,3693,BRUTE_FORCE
2,3,2.33,14.36,1295,NORMAL
2,16,33.89,108.15,4858,PORT_SCAN
0,2,1.14,5.29,709,NORMAL
1,4,4.99,7.06,1222,NORMAL
18,4,16.08,96.29,2686,BRUTE_FORCE
2,2,1.04,29.71,1515,NORMAL
0,35,43.4,214.19,5649,PORT_SCAN
1,18,49.22,218.38,2831,PORT_SCAN
2,15,43.57,175.11,5268,PORT_SCAN
10,1,23.53,42.53,2124,BRUTE_FORCE
11,3,17.87,96.19,3839,BRUTE_FORCE
1,3,5.21,9.74,2095,NORMAL
0,58,55.65,138.01,3297,PORT_SCAN
19,4,16.12,102.52,2432,BRUTE_FORCE
9,3,20.75,100.78,3376,BRUTE_FORCE
0,2,1.92,12.18,1275,NORMAL
21,2,23.16,87.34,2110,BRUTE_FORCE
0,27,20.34,212.75,8960,PORT_SCAN
0,3,1.91,7.74,1835,NORMAL
1,1,3.72,9.54,2334,NORMAL
3,50,35.95,89.15,4960,PORT_SCAN
21,4,24.34,117.8,2083,BRUTE_FORCE
0,1,4.29,18.3,2470,NORMAL
8,4,13.12,102.58,4677,BRUTE_FORCE
10,3,20.83,86.29,2298,BRUTE_FORCE
3,13,39.25,234.45,5298,PORT_SCAN
20,4,18.13,77.44,2529,BRUTE_FORCE
2,3,5.41,8.64,1248,NORMAL
22,4,9.5,79.88,2794,BRUTE_FORCE
0,3,3.52,13.11,1440,NORMAL
2,2,2.22,13.38,1999,NORMAL
10,1,20.82,115.97,2316,BRUTE_FORCE
0,4,4.17,29.85,1886,NORMAL
1,2,4.82,7.4,763,NORMAL
19,1,16.11,67.58,3428,BRUTE_FORCE
3,41,47.49,165.36,3239,PORT_SCAN
0,2,5.58,10.65,1533,NORMAL
2,31,26.11,150.89,8106,PORT_SCAN
3,54,43.95,217.73,4473,PORT_SCAN
24,1,16.97,80.97,4503,BRUTE_FORCE
2,30,56.43,235.41,3048,PORT_SCAN
21,2,8.02,57.95,2428,BRUTE_FORCE
1,1,5.96,9.3,1463,NORMAL
0,45,33.39,236.14,7944,PORT_SCAN
1,4,4.98,14.81,1231,NORMAL
2,52,39.3,89.58,4288,PORT_SCAN
14,1,12.43,116.84,3602,BRUTE_FORCE
15,3,23.48,110.34,3384,BRUTE_FORCE
3,19,30.6,121.93,7098,PORT_SCAN
1,12,36.32,124.34,6611,PORT_SCAN
1,54,45.95,82.44,7682,PORT_SCAN
2,3,5.8,7.56,2008,NORMAL
3,53,38.76,84.82,9156,PORT_SCAN
2,53,48.85,223.48,5559,PORT_SCAN
12,1,18.23,109.52,2644,BRUTE_FORCE
1,2,2.01,19.32,1262,NORMAL
2,4,4.23,28.49,2029,NORMAL
3,45,41.66,148.66,6801,PORT_SCAN
0,3,3.19,6.26,1892,NORMAL
2,1,3.72,11.96,1679,NORMAL
2,54,41.67,169.44,4078,PORT_SCAN
0,2,1.58,12.11,1857,NORMAL
0,3,4.44,16.88,1768,NORMAL
1,3,1.38,28.28,1475,NORMAL
16,3,10.25,62.48,2552,BRUTE_FORCE
1,43,58.8,248.47,5118,PORT_SCAN
3,39,46.65,145.81,3986,PORT_SCAN
0,55,55.67,104.75,7754,PORT_SCAN
14,4,11.16,81.49,3136,BRUTE_FORCE
1,2,4.62,23.75,2004,NORMAL
2,1,5.18,26.63,2466,NORMAL
2,38,52.72,206.62,8670,PORT_SCAN
0,4,2.91,26.13,1910,NORMAL
15,4,11.28,91.55,4893,BRUTE_FORCE
0,2,4.96,25.79,1036,NORMAL
2,1,1.25,8.44,2299,NORMAL
18,2,19.39,106.32,4526,BRUTE_FORCE
14,3,13.68,50.59,2110,BRUTE_FORCE
0,4,1.67,13.08,1919,NORMAL
1,47,38.94,158.67,2618,PORT_SCAN
2,2,2.0,27.6,1662,NORMAL
9,2,11.94,87.09,2430,BRUTE_FORCE
2,29,30.58,88.36,3881,PORT_SCAN
2,1,2.09,23.61,1460,NORMAL
1,50,46.39,142.61,6007,PORT_SCAN
0,4,3.28,29.8,1376,NORMAL
1,30,33.11,232.29,3189,PORT_SCAN
1,4,4.78,20.11,1189,NORMAL
2,1,3.86,28.13,2418,NORMAL
0,4,3.95,8.12,2485,NORMAL
2,3,4.8,12.8,1429,NORMAL
19,1,20.7,67.07,1955,BRUTE_FORCE
1,4,5.6,8.83,1598,NORMAL
2,15,41.17,131.23,5937,PORT_SCAN
3,39,42.91,189.85,7207,PORT_SCAN
20,1,17.91,51.18,1590,BRUTE_FORCE
1,59,45.73,180.65,9263,PORT_SCAN
27,2,20.54,59.74,2254,BRUTE_FORCE
2,52,25.81,205.19,9469,PORT_SCAN
0,12,20.93,102.0,4605,PORT_SCAN
19,1,21.17,45.68,1760,BRUTE_FORCE
2,49,24.3,145.12,4136,PORT_SCAN
0,3,2.72,20.48,1662,NORMAL
3,51,32.69,200.22,7103,PORT_SCAN
0,17,36.6,238.14,9782,PORT_SCAN
13,2,18.08,54.71,1888,BRUTE_FORCE
0,40,43.55,246.94,6441,PORT_SCAN
2,47,27.36,133.22,3462,PORT_SCAN
2,4,4.21,20.81,876,NORMAL
0,4,3.93,17.64,1715,NORMAL
0,3,3.83,19.76,984,NORMAL
17,2,13.07,92.61,3031,BRUTE_FORCE
0,16,43.97,106.04,6847,PORT_SCAN
10,2,23.83,88.23,4988,BRUTE_FORCE
3,41,56.27,188.65,6615,PORT_SCAN
3,57,50.1,217.31,6892,PORT_SCAN
1,52,20.17,123.63,5528,PORT_SCAN
2,3,2.42,19.25,722,NORMAL
15,4,23.42,107.56,3917,BRUTE_FORCE
24,2,13.58,89.05,2165,BRUTE_FORCE
2,2,3.17,28.75,2138,NORMAL
0,47,42.92,177.35,4742,PORT_SCAN
1,47,59.89,110.59,8788,PORT_SCAN
2,2,3.99,12.5,519,NORMAL
2,2,5.23,22.14,2123,NORMAL
2,3,5.53,5.41,1169,NORMAL
2,3,3.3,21.67,2340,NORMAL
1,3,1.01,17.07,2188,NORMAL
0,11,22.35,208.14,9382,PORT_SCAN
0,21,34.03,211.41,9400,PORT_SCAN
2,42,48.15,185.56,6270,PORT_SCAN
0,30,23.7,182.7,7790,PORT_SCAN
0,28,44.81,157.23,9540,PORT_SCAN
0,4,3.89,26.52,819,NORMAL
1,30,49.16,162.05,9100,PORT_SCAN
0,3,3.01,27.25,2415,NORMAL
27,1,15.71,77.14,3253,BRUTE_FORCE
3,46,59.74,101.2,4204,PORT_SCAN
25,3,15.01,71.99,3820,BRUTE_FORCE
24,4,16.11,112.0,2909,BRUTE_FORCE
9,2,19.38,83.75,2054,BRUTE_FORCE
1,34,20.69,164.5,5724,PORT_SCAN
0,4,2.85,5.64,1822,NORMAL
0,1,3.6,11.18,712,NORMAL
1,34,50.85,155.3,8542,PORT_SCAN
10,3,21.45,82.95,4076,BRUTE_FORCE
0,17,53.87,173.01,4435,PORT_SCAN
27,2,13.67,86.62,2079,BRUTE_FORCE
11,4,10.3,51.26,3432,BRUTE_FORCE
1,3,5.25,17.58,1538,NORMAL
2,13,38.13,211.52,9568,PORT_SCAN
0,57,32.45,137.78,9821,PORT_SCAN
2,3,2.91,29.16,719,NORMAL
2,18,27.12,248.58,4303,PORT_SCAN
2,45,45.98,214.71,6864,PORT_SCAN
9,2,23.48,78.45,3785,BRUTE_FORCE
2,2,4.9,9.7,1069,NORMAL
2,2,3.82,9.71,2159,NORMAL
0,1,2.55,14.42,2121,NORMAL
11,4,21.24,115.31,1888,BRUTE_FORCE
1,2,4.07,7.37,1900,NORMAL
1,1,3.44,11.19,724,NORMAL
1,4,2.48,18.73,884,NORMAL
0,38,20.14,174.95,2928,PORT_SCAN
2,25,39.15,210.15,8229,PORT_SCAN
3,49,33.75,102.19,5293,PORT_SCAN
2,45,47.85,103.34,7543,PORT_SCAN
2,1,4.49,21.13,1035,NORMAL
16,3,24.03,57.65,4808,BRUTE_FORCE
2,40,26.06,223.6,8643,PORT_SCAN
0,2,5.68,29.13,2019,NORMAL
12,2,20.45,74.95,4118,BRUTE_FORCE
2,26,38.57,96.97,3931,PORT_SCAN
24,1,20.67,87.43,1947,BRUTE_FORCE
1,2,5.11,20.45,1191,NORMAL
13,1,10.59,40.62,3929,BRUTE_FORCE
15,3,13.46,101.19,1955,BRUTE_FORCE
0,59,51.11,83.86,6792,PORT_SCAN
22,1,24.37,47.41,3035,BRUTE_FORCE
0,1,1.48,26.5,1369,NORMAL
21,4,8.44,88.29,1817,BRUTE_FORCE
9,4,9.47,112.39,3605,BRUTE_FORCE
18,2,15.99,43.01,4527,BRUTE_FORCE
0,4,3.25,5.37,998,NORMAL
0,2,5.72,9.13,617,NORMAL
16,4,24.58,92.78,4357,BRUTE_FORCE
18,2,12.85,62.41,3984,BRUTE_FORCE
9,2,12.25,117.02,1953,BRUTE_FORCE
28,4,8.9,56.63,3180,BRUTE_FORCE
0,4,5.56,11.68,1195,NORMAL
0,2,4.07,20.84,1326,NORMAL
19,2,17.68,70.41,2815,BRUTE_FORCE
2,4,5.9,27.4,2366,NORMAL
2,3,3.22,25.61,1728,NORMAL
18,4,20.18,93.24,3274,BRUTE_FORCE
27,2,17.76,69.72,2462,BRUTE_FORCE
3,39,35.39,192.04,8222,PORT_SCAN
1,3,3.97,24.03,803,NORMAL
3,40,25.48,238.51,8792,PORT_SCAN
1,17,45.36,82.67,3877,PORT_SCAN
11,2,15.63,55.44,1947,BRUTE_FORCE
16,2,22.77,58.06,1540,BRUTE_FORCE
28,4,23.69,100.96,3687,BRUTE_FORCE
27,2,13.49,110.45,1773,BRUTE_FORCE
0,3,5.17,12.6,1645,NORMAL
1,1,1.05,29.7,512,NORMAL
25,1,12.51,65.28,4745,BRUTE_FORCE
2,47,34.72,84.73,6539,PORT_SCAN
1,51,39.44,117.21,7019,PORT_SCAN
9,4,17.72,107.19,2129,BRUTE_FORCE
2,41,51.37,180.7,5007,PORT_SCAN
14,2,18.69,67.16,3435,BRUTE_FORCE
18,2,19.19,56.14,2168,BRUTE_FORCE
24,1,18.18,79.09,1958,BRUTE_FORCE
0,46,24.57,211.77,9244,PORT_SCAN
12,4,10.99,97.67,3961,BRUTE_FORCE
1,30,48.55,211.56,8948,PORT_SCAN
2,1,5.45,15.64,1418,NORMAL
18,1,10.3,67.31,3452,BRUTE_FORCE
0,2,3.03,6.21,1751,NORMAL
2,1,2.64,19.71,1142,NORMAL
2,2,5.2,27.99,1774,NORMAL
2,43,44.18,160.26,4225,PORT_SCAN
26,3,20.16,110.69,2834,BRUTE_FORCE
1,1,4.7,12.53,765,NORMAL
0,53,45.35,215.68,5059,PORT_SCAN
30,3,11.99,66.87,3712,BRUTE_FORCE
0,1,1.41,24.9,517,NORMAL
11,2,21.48,71.77,4738,BRUTE_FORCE
3,42,49.66,194.72,7890,PORT_SCAN
2,4,3.16,15.26,1169,NORMAL
2,10,58.91,206.3,5240,PORT_SCAN
1,27,27.13,175.82,3537,PORT_SCAN
0,38,59.92,126.15,6404,PORT_SCAN
1,1,5.59,20.98,1258,NORMAL
2,3,1.22,6.57,1245,NORMAL
1,3,3.8,28.36,1977,NORMAL
1,19,47.48,187.58,6589,PORT_SCAN
1,2,5.19,13.51,2074,NORMAL
2,4,4.31,25.05,1887,NORMAL
27,3,17.76,62.34,2506,BRUTE_FORCE
18,1,8.85,57.71,2665,BRUTE_FORCE
2,4,2.0,5.64,849,NORMAL
21,3,8.83,63.33,4117,BRUTE_FORCE
0,4,5.61,26.55,1679,NORMAL
2,2,2.15,8.31,578,NORMAL
3,47,54.13,189.35,6932,PORT_SCAN
21,4,14.03,108.05,3598,BRUTE_FORCE
27,2,19.16,93.61,2468,BRUTE_FORCE
0,47,49.42,97.27,3018,PORT_SCAN
2,4,1.82,15.8,1760,NORMAL
0,1,2.26,18.89,1138,NORMAL
13,4,23.93,74.54,3314,BRUTE_FORCE
2,3,2.35,21.27,2156,NORMAL
0,59,55.67,157.76,7327,PORT_SCAN
0,44,44.73,207.69,4074,PORT_SCAN
19,4,22.19,47.37,4319,BRUTE_FORCE
30,4,17.92,87.78,4013,BRUTE_FORCE
1,4,4.47,16.85,1321,NORMAL
19,3,24.99,105.35,2979,BRUTE_FORCE
30,2,20.14,81.57,2514,BRUTE_FORCE
12,2,24.87,67.41,3832,BRUTE_FORCE
2,30,40.26,154.02,3987,PORT_SCAN
26,3,8.63,71.97,3602,BRUTE_FORCE
1,4,1.53,10.96,2146,NORMAL
2,4,4.68,28.83,514,NORMAL
22,2,13.23,78.31,2498,BRUTE_FORCE
29,3,18.19,52.69,3560,BRUTE_FORCE
2,2,1.7,23.84,501,NORMAL
0,1,3.43,18.71,1623,NORMAL
14,4,23.08,43.15,2902,BRUTE_FORCE
1,18,51.2,179.4,3773,PORT_SCAN
24,3,23.96,64.01,4886,BRUTE_FORCE
3,21,27.5,214.81,5833,PORT_SCAN
17,2,17.4,54.06,3058,BRUTE_FORCE
12,3,16.6,114.49,2236,BRUTE_FORCE
1,2,2.68,25.03,1812,NORMAL
1,29,31.41,156.21,7706,PORT_SCAN
10,1,22.31,64.67,3255,BRUTE_FORCE
10,3,20.6,92.91,4993,BRUTE_FORCE
2,3,1.65,18.49,2446,NORMAL
1,14,43.8,194.79,4426,PORT_SCAN
0,2,5.72,11.53,1238,NORMAL
26,1,12.27,119.33,1767,BRUTE_FORCE
2,4,2.87,10.89,2226,NORMAL
1,3,5.45,11.25,1024,NORMAL
2,49,23.7,144.12,2566,PORT_SCAN
1,33,43.32,190.03,3202,PORT_SCAN
2,4,3.93,13.41,1160,NORMAL
1,2,1.51,20.21,1257,NORMAL
3,47,24.09,166.96,7926,PORT_SCAN
16,1,11.94,88.06,2477,BRUTE_FORCE
2,4,2.2,29.93,1742,NORMAL
23,2,14.25,60.41,1921,BRUTE_FORCE
28,2,23.34,44.62,4087,BRUTE_FORCE
2,3,2.96,23.83,1164,NORMAL
2,40,41.9,149.15,3107,PORT_SCAN
0,30,40.41,249.25,4734,PORT_SCAN
8,1,9.91,82.58,3769,BRUTE_FORCE
2,14,35.88,206.15,6073,PORT_SCAN
3,45,22.72,114.02,2794,PORT_SCAN
0,4,1.47,12.84,2412,NORMAL
3,57,47.28,207.35,9687,PORT_SCAN
21,2,18.47,67.81,4991,BRUTE_FORCE
0,52,45.75,162.03,2972,PORT_SCAN
17,2,14.21,104.06,3464,BRUTE_FORCE
13,2,20.1,62.82,2218,BRUTE_FORCE
1,22,59.05,130.05,6127,PORT_SCAN
29,2,13.05,40.91,4043,BRUTE_FORCE
0,3,3.69,13.3,1638,NORMAL
23,4,16.2,59.36,4273,BRUTE_FORCE
19,2,11.2,114.66,2657,BRUTE_FORCE
1,1,3.17,16.38,2482,NORMAL
22,3,17.23,79.21,3821,BRUTE_FORCE
8,4,12.15,64.64,3040,BRUTE_FORCE
2,39,46.5,240.71,3482,PORT_SCAN
3,18,55.44,223.2,7733,PORT_SCAN
23,2,8.92,109.44,4607,BRUTE_FORCE
2,55,32.77,247.96,5329,PORT_SCAN
0,2,4.03,7.1,2488,NORMAL
21,3,13.72,104.03,2040,BRUTE_FORCE
0,40,28.9,218.82,6270,PORT_SCAN
2,28,42.96,238.94,8354,PORT_SCAN
2,2,1.26,27.73,1664,NORMAL
0,49,31.38,91.04,7465,PORT_SCAN
1,2,1.69,20.06,2315,NORMAL
3,13,24.5,112.98,3840,PORT_SCAN
2,3,4.45,5.18,1096,NORMAL
2,2,3.24,5.5,1507,NORMAL
2,2,3.76,22.0,2148,NORMAL
0,12,36.44,159.94,3103,PORT_SCAN
1,4,3.07,9.6,547,NORMAL
1,36,33.68,242.2,5592,PORT_SCAN
2,3,5.16,16.93,1083,NORMAL
18,1,22.54,97.37,1674,BRUTE_FORCE
13,3,23.0,83.02,4230,BRUTE_FORCE
2,3,2.68,28.98,1380,NORMAL
24,3,18.35,110.33,3464,BRUTE_FORCE
0,4,3.15,11.59,2003,NORMAL
2,29,52.95,243.4,2985,PORT_SCAN
23,1,21.98,72.06,1803,BRUTE_FORCE
2,34,29.7,232.36,6639,PORT_SCAN
1,3,5.02,10.03,1441,NORMAL
11,4,17.1,73.39,3562,BRUTE_FORCE
20,4,9.83,87.47,4020,BRUTE_FORCE
0,40,23.4,230.33,5650,PORT_SCAN
23,2,13.49,63.44,1626,BRUTE_FORCE
2,1,4.19,18.39,1680,NORMAL
3,25,22.67,190.12,6854,PORT_SCAN
15,1,18.56,85.81,4707,BRUTE_FORCE
0,2,5.59,27.39,663,NORMAL
10,1,24.03,75.58,4618,BRUTE_FORCE
0,29,39.63,153.5,9105,PORT_SCAN
16,3,17.55,61.25,2055,BRUTE_FORCE
0,4,5.14,6.46,963,NORMAL
2,2,1.55,23.03,1569,NORMAL
2,41,34.07,225.7,3652,PORT_SCAN
2,24,22.55,128.93,8332,PORT_SCAN
22,4,22.72,101.96,2791,BRUTE_FORCE
0,18,55.77,167.61,6493,PORT_SCAN
1,2,5.2,19.01,1503,NORMAL
1,1,4.14,13.45,804,NORMAL
0,2,3.54,15.66,1456,NORMAL
20,2,24.11,52.07,2877,BRUTE_FORCE
2,25,41.01,242.96,5232,PORT_SCAN
9,2,23.04,80.87,4172,BRUTE_FORCE
10,1,22.76,61.52,3200,BRUTE_FORCE
1,19,51.35,151.7,9825,PORT_SCAN
29,4,14.19,69.2,2351,BRUTE_FORCE
1,41,56.51,104.33,6277,PORT_SCAN
3,34,30.19,235.87,5885,PORT_SCAN
9,3,14.19,87.84,3368,BRUTE_FORCE
1,29,54.92,246.31,9699,PORT_SCAN
0,3,3.43,19.95,2205,NORMAL
0,14,22.17,215.02,7071,PORT_SCAN
14,4,9.82,64.37,3120,BRUTE_FORCE
18,2,13.33,92.24,4409,BRUTE_FORCE
9,2,24.3,74.54,2873,BRUTE_FORCE
12,4,13.58,118.14,3956,BRUTE_FORCE
12,2,10.36,79.56,3370,BRUTE_FORCE
9,3,9.36,90.39,1799,BRUTE_FORCE
2,32,58.53,127.01,7467,PORT_SCAN
3,39,37.36,99.48,9955,PORT_SCAN
1,2,3.63,7.62,2257,NORMAL
18,4,16.13,98.81,2567,BRUTE_FORCE
1,38,34.05,116.22,8629,PORT_SCAN
0,56,41.64,147.17,8622,PORT_SCAN
2,3,3.62,25.16,1536,NORMAL
2,17,44.46,154.9,7405,PORT_SCAN
2,1,4.23,28.57,2325,NORMAL
0,21,23.4,166.69,7050,PORT_SCAN
14,1,17.2,119.27,3085,BRUTE_FORCE
3,58,33.26,215.36,3367,PORT_SCAN
23,4,21.08,105.87,1802,BRUTE_FORCE
1,56,48.71,101.01,7452,PORT_SCAN
1,4,5.18,12.61,1173,NORMAL
2,22,52.04,109.75,8267,PORT_SCAN
0,18,44.2,146.69,9912,PORT_SCAN
25,2,13.63,99.3,2980,BRUTE_FORCE
28,4,14.85,114.17,1987,BRUTE_FORCE
2,1,4.97,9.53,1491,NORMAL
2,3,3.07,27.79,671,NORMAL
1,2,5.14,10.27,2000,NORMAL
2,3,4.5,7.82,1617,NORMAL
1,1,4.65,16.32,2462,NORMAL
1,3,3.0,20.81,2463,NORMAL
1,54,22.8,131.06,7211,PORT_SCAN
3,36,47.67,140.88,3527,PORT_SCAN
30,2,21.43,88.35,2237,BRUTE_FORCE
0,32,30.27,98.37,2510,PORT_SCAN
1,2,1.48,13.88,1948,NORMAL
2,1,2.73,7.77,1888,NORMAL
3,14,48.87,120.41,6942,PORT_SCAN
20,3,20.48,63.56,2227,BRUTE_FORCE
23,1,12.68,113.31,3861,BRUTE_FORCE
10,1,15.59,86.67,3140,BRUTE_FORCE
0,2,4.07,19.28,2062,NORMAL
0,4,5.2,15.49,1147,NORMAL
17,1,9.04,75.26,3634,BRUTE_FORCE
3,46,26.49,209.7,4591,PORT_SCAN
29,2,10.48,43.82,2844,BRUTE_FORCE
8,3,22.54,101.31,3602,BRUTE_FORCE
1,2,3.28,20.39,2441,NORMAL
29,3,13.93,67.38,1828,BRUTE_FORCE
1,3,4.74,28.16,1079,NORMAL
15,1,10.4,89.32,3439,BRUTE_FORCE
3,58,26.86,167.69,2696,PORT_SCAN
1,47,25.77,219.52,9224,PORT_SCAN
0,2,2.62,29.66,2423,NORMAL
2,1,4.5,6.81,2400,NORMAL
1,3,3.55,15.71,1009,NORMAL
0,20,32.8,228.71,5536,PORT_SCAN
0,4,3.8,13.21,1616,NORMAL
13,4,19.63,116.15,1593,BRUTE_FORCE
0,2,3.1,24.85,1436,NORMAL
28,4,20.0,54.43,4580,BRUTE_FORCE
1,50,35.65,145.44,4372,PORT_SCAN
0,2,4.46,15.56,2369,NORMAL
1,2,4.45,13.79,586,NORMAL
25,1,11.62,101.64,4668,BRUTE_FORCE
18,3,12.12,83.14,4223,BRUTE_FORCE
2,4,3.38,11.24,975,NORMAL
2,2,1.73,12.84,1730,NORMAL
15,4,11.72,74.0,3044,BRUTE_FORCE
1,4,4.07,29.44,1032,NORMAL
0,2,1.56,8.73,2228,NORMAL
10,4,12.83,67.94,4444,BRUTE_FORCE
1,44,46.45,128.88,3449,PORT_SCAN
2,19,32.11,185.95,8727,PORT_SCAN
2,3,2.86,15.34,1174,NORMAL
0,1,3.3,20.9,2326,NORMAL
1,2,5.92,15.8,1464,NORMAL
1,1,1.74,5.76,1974,NORMAL
0,27,37.62,129.76,6452,PORT_SCAN
12,4,12.88,81.78,4645,BRUTE_FORCE
1,2,2.21,15.6,2138,NORMAL
1,3,5.44,9.57,934,NORMAL
21,1,18.18,82.37,2897,BRUTE_FORCE
3,40,35.99,100.71,5435,PORT_SCAN
0,1,2.83,19.77,1522,NORMAL
0,48,37.95,108.65,9724,PORT_SCAN
9,2,9.5,48.94,3288,BRUTE_FORCE
1,4,4.83,26.78,2045,NORMAL
0,33,27.41,124.41,5326,PORT_SCAN
21,3,19.05,109.84,4354,BRUTE_FORCE
1,53,26.9,187.66,6964,PORT_SCAN
11,2,16.34,111.63,2838,BRUTE_FORCE
1,23,43.99,115.47,9565,PORT_SCAN
0,3,1.54,15.96,2219,NORMAL
13,1,16.01,41.55,1821,BRUTE_FORCE
1,3,3.58,19.62,2077,NORMAL
2,58,24.81,223.36,8866,PORT_SCAN
1,54,56.86,227.53,3008,PORT_SCAN
23,4,13.98,49.47,3754,BRUTE_FORCE
1,4,5.08,22.96,581,NORMAL
3,54,26.8,80.61,3561,PORT_SCAN
2,48,47.95,232.29,8326,PORT_SCAN
22,3,13.71,65.15,1982,BRUTE_FORCE
14,4,9.95,91.43,4746,BRUTE_FORCE
19,3,20.37,105.52,4838,BRUTE_FORCE
1,2,1.5,12.11,2117,NORMAL
1,4,3.15,11.43,518,NORMAL
11,3,13.86,107.4,3857,BRUTE_FORCE
2,38,30.24,209.87,9249,PORT_SCAN
3,58,48.01,93.22,9580,PORT_SCAN
0,4,3.13,9.94,1654,NORMAL
10,2,20.24,79.09,4605,BRUTE_FORCE
0,3,1.45,26.36,2008,NORMAL
2,36,31.99,213.05,5458,PORT_SCAN
2,51,20.17,119.83,7701,PORT_SCAN
1,3,4.16,13.16,818,NORMAL
0,11,49.96,124.66,4432,PORT_SCAN
29,4,10.72,54.94,2216,BRUTE_FORCE
1,2,2.42,23.19,861,NORMAL
13,3,20.08,100.86,3803,BRUTE_FORCE
1,16,53.97,155.39,8232,PORT_SCAN
12,4,11.34,102.7,4036,BRUTE_FORCE
1,3,4.37,13.78,1199,NORMAL
0,13,20.92,181.44,9390,PORT_SCAN
3,53,56.98,211.14,3588,PORT_SCAN
1,17,20.65,212.46,5463,PORT_SCAN
10,1,19.52,52.28,2966,BRUTE_FORCE
0,2,2.97,21.46,2438,NORMAL
3,26,53.4,159.95,8636,PORT_SCAN
0,60,31.06,118.72,3471,PORT_SCAN
2,2,5.89,10.05,1136,NORMAL
23,2,14.93,56.96,4142,BRUTE_FORCE
2,1,6.0,13.75,1831,NORMAL
1,41,41.09,190.03,3187,PORT_SCAN
1,1,1.69,27.47,1400,NORMAL
21,2,17.27,65.7,1827,BRUTE_FORCE
1,1,5.11,17.61,630,NORMAL
2,13,39.05,115.63,4408,PORT_SCAN
2,4,5.03,23.6,2415,NORMAL
28,1,21.49,101.27,3906,BRUTE_FORCE
28,4,15.89,85.1,3873,BRUTE_FORCE
1,2,4.83,7.03,1635,NORMAL
3,31,26.07,224.37,7600,PORT_SCAN
14,2,16.47,114.81,3326,BRUTE_FORCE
24,3,9.91,76.96,2683,BRUTE_FORCE
0,20,35.56,188.1,9089,PORT_SCAN
24,2,11.59,86.13,4985,BRUTE_FORCE
0,4,5.09,16.64,2321,NORMAL
1,40,20.83,102.08,8639,PORT_SCAN
1,50,58.8,164.09,5986,PORT_SCAN
0,59,52.27,135.98,7286,PORT_SCAN
30,4,16.13,55.73,2393,BRUTE_FORCE
0,3,5.42,5.9,949,NORMAL
25,1,9.76,40.83,2658,BRUTE_FORCE
1,20,44.4,106.71,6730,PORT_SCAN
16,1,18.77,83.1,2281,BRUTE_FORCE
23,1,19.28,46.64,4178,BRUTE_FORCE
2,46,29.78,207.27,9540,PORT_SCAN
2,4,1.49,13.09,2120,NORMAL
0,2,1.22,9.79,1627,NORMAL
10,2,15.07,82.96,1876,BRUTE_FORCE
11,1,12.13,66.04,3464,BRUTE_FORCE
24,1,22.83,110.7,1804,BRUTE_FORCE
8,3,11.94,76.06,3873,BRUTE_FORCE
0,58,37.09,173.58,4898,PORT_SCAN
1,54,31.58,106.09,5716,PORT_SCAN
25,4,18.14,109.94,2509,BRUTE_FORCE
9,2,14.14,71.83,3988,BRUTE_FORCE
0,2,3.19,14.74,2065,NORMAL
23,3,14.34,101.33,1651,BRUTE_FORCE
0,3,2.43,18.99,1505,NORMAL
23,4,20.57,46.82,3240,BRUTE_FORCE
3,60,27.37,144.65,8650,PORT_SCAN
27,4,19.93,62.64,3997,BRUTE_FORCE
1,45,21.21,183.04,9636,PORT_SCAN
0,52,59.61,217.51,7614,PORT_SCAN
0,1,3.32,9.32,613,NORMAL
1,11,55.94,206.97,7158,PORT_SCAN
1,12,54.26,228.57,8874,PORT_SCAN
0,36,39.56,164.25,8084,PORT_SCAN
0,51,21.97,115.78,6886,PORT_SCAN
2,3,1.83,8.17,2099,NORMAL
3,27,35.73,183.4,7741,PORT_SCAN
0,55,43.91,153.24,8761,PORT_SCAN
2,4,4.75,26.16,1589,NORMAL
3,23,27.33,143.44,6563,PORT_SCAN
21,1,17.53,102.59,2958,BRUTE_FORCE
2,43,23.72,197.82,6386,PORT_SCAN
2,2,3.37,15.5,2010,NORMAL
2,4,2.8,15.79,1733,NORMAL
0,31,47.13,109.35,2957,PORT_SCAN
2,36,43.65,188.31,6122,PORT_SCAN
3,36,37.02,132.8,5206,PORT_SCAN
16,2,12.27,83.54,3109,BRUTE_FORCE
24,1,16.58,110.18,4018,BRUTE_FORCE
14,4,19.98,84.2,1563,BRUTE_FORCE
0,48,22.47,89.88,2677,PORT_SCAN
3,13,48.14,106.84,2749,PORT_SCAN
10,3,17.51,113.74,4211,BRUTE_FORCE
0,13,54.92,141.38,2857,PORT_SCAN
11,3,20.53,80.83,2057,BRUTE_FORCE
2,25,46.94,95.53,4765,PORT_SCAN
2,2,2.02,18.08,1029,NORMAL
0,44,20.24,202.45,3018,PORT_SCAN
1,54,38.15,85.31,8765,PORT_SCAN
11,3,9.51,115.69,3851,BRUTE_FORCE
1,60,28.82,188.16,6743,PORT_SCAN
30,3,11.19,86.96,4350,BRUTE_FORCE
2,26,32.05,168.44,8726,PORT_SCAN
2,2,2.84,17.57,1716,NORMAL
13,1,8.67,77.74,4433,BRUTE_FORCE
2,2,5.82,5.11,2007,NORMAL
0,33,26.26,112.55,3041,PORT_SCAN
1,10,27.84,219.59,5744,PORT_SCAN
21,4,19.71,115.83,4497,BRUTE_FORCE
2,2,4.15,24.78,778,NORMAL
2,60,35.66,227.28,9596,PORT_SCAN
2,4,3.92,10.58,1638,NORMAL
8,1,16.29,56.3,1942,BRUTE_FORCE
1,1,4.65,21.51,1132,NORMAL
23,4,14.91,75.39,4714,BRUTE_FORCE
1,3,5.4,11.61,2217,NORMAL
0,59,32.94,219.66,3347,PORT_SCAN
12,3,11.95,104.06,1645,BRUTE_FORCE
0,38,56.36,177.18,4042,PORT_SCAN
18,3,17.2,67.16,3909,BRUTE_FORCE
22,2,10.38,99.77,1523,BRUTE_FORCE
29,3,17.95,40.71,4823,BRUTE_FORCE
1,46,50.58,163.23,8755,PORT_SCAN
2,1,3.93,19.04,1175,NORMAL
1,1,5.94,28.58,2255,NORMAL
2,18,31.72,178.8,5930,PORT_SCAN
2,27,47.95,94.14,3951,PORT_SCAN
1,3,2.42,14.24,1346,NORMAL
1,48,30.41,128.77,5071,PORT_SCAN
0,59,45.14,160.09,7910,PORT_SCAN
0,24,40.74,241.38,7395,PORT_SCAN
0,29,59.84,99.74,4423,PORT_SCAN
3,28,46.93,125.73,5287,PORT_SCAN
20,1,22.24,65.62,3533,BRUTE_FORCE
0,1,5.21,21.56,2426,NORMAL
23,4,16.01,109.67,4894,BRUTE_FORCE
1,3,3.4,18.04,1797,NORMAL
3,49,27.56,209.39,3935,PORT_SCAN
0,1,1.66,24.25,1048,NORMAL
14,2,9.37,69.78,2474,BRUTE_FORCE
19,1,22.05,79.67,2920,BRUTE_FORCE
0,1,2.82,23.06,1658,NORMAL
1,19,22.48,155.5,5262,PORT_SCAN
12,2,18.03,85.93,3801,BRUTE_FORCE
3,23,59.05,206.8,5886,PORT_SCAN
1,4,3.22,14.71,1244,NORMAL
13,4,20.07,100.42,2060,BRUTE_FORCE
3,38,43.24,199.56,3078,PORT_SCAN
0,39,25.33,158.99,6851,PORT_SCAN
2,3,3.08,16.96,1438,NORMAL
1,40,28.36,234.2,4983,PORT_SCAN
16,2,16.84,93.84,2501,BRUTE_FORCE
2,18,38.59,166.77,5750,PORT_SCAN
1,1,5.83,17.01,2229,NORMAL
1,32,28.8,83.48,4796,PORT_SCAN
8,1,23.75,107.9,2181,BRUTE_FORCE
17,4,12.27,104.37,3901,BRUTE_FORCE
2,38,47.9,83.54,4859,PORT_SCAN
2,1,1.44,26.6,1574,NORMAL
20,3,12.31,41.3,4729,BRUTE_FORCE
0,52,53.63,110.68,7654,PORT_SCAN
12,4,15.6,97.68,3298,BRUTE_FORCE
1,60,49.37,100.7,4310,PORT_SCAN
2,4,2.06,23.53,734,NORMAL
2,3,3.81,9.72,2026,NORMAL
23,3,9.76,92.73,2326,BRUTE_FORCE
3,43,25.09,246.38,9338,PORT_SCAN
1,2,2.37,16.56,2118,NORMAL
1,37,39.26,150.13,7671,PORT_SCAN
2,1,3.95,17.89,896,NORMAL
1,12,54.32,113.13,6247,PORT_SCAN
1,4,4.76,10.61,2168,NORMAL
0,30,51.85,129.87,5570,PORT_SCAN
2,60,24.05,211.05,9341,PORT_SCAN
11,4,23.15,50.73,2779,BRUTE_FORCE
22,4,16.83,78.1,2999,BRUTE_FORCE
2,25,52.22,248.13,7133,PORT_SCAN
2,2,1.35,6.8,1002,NORMAL
10,4,10.86,61.49,3254,BRUTE_FORCE
12,3,19.71,111.89,2053,BRUTE_FORCE
2,57,46.85,164.91,4369,PORT_SCAN
17,3,21.33,90.34,1690,BRUTE_FORCE
22,4,9.7,82.14,4476,BRUTE_FORCE
0,19,27.03,209.75,6607,PORT_SCAN
3,30,28.3,196.28,9230,PORT_SCAN
9,1,15.08,96.35,2785,BRUTE_FORCE
1,2,3.01,9.62,1443,NORMAL
2,36,35.66,155.13,5765,PORT_SCAN
1,20,32.91,98.95,7266,PORT_SCAN
2,4,2.32,23.72,1700,NORMAL
2,21,54.69,151.85,5741,PORT_SCAN
9,1,17.41,95.79,2017,BRUTE_FORCE
0,23,51.7,81.0,3503,PORT_SCAN
0,4,4.04,15.59,887,NORMAL
12,2,13.9,69.64,2442,BRUTE_FORCE
1,15,37.49,87.41,5806,PORT_SCAN
0,49,26.1,101.46,7984,PORT_SCAN
1,4,5.82,23.18,1925,NORMAL
15,1,11.01,45.2,3842,BRUTE_FORCE
2,1,1.54,6.26,1281,NORMAL
2,3,5.5,18.71,2064,NORMAL
0,53,53.8,224.4,6927,PORT_SCAN
1,22,20.15,168.74,8430,PORT_SCAN
0,20,40.34,207.72,7784,PORT_SCAN
0,1,3.03,14.44,2193,NORMAL
2,21,37.75,82.94,2572,PORT_SCAN
25,3,11.05,90.04,2729,BRUTE_FORCE
23,2,17.2,46.96,3845,BRUTE_FORCE
2,4,3.83,5.3,951,NORMAL
3,35,40.33,91.31,4189,PORT_SCAN
26,2,10.76,51.57,4650,BRUTE_FORCE
0,3,5.96,5.58,878,NORMAL
28,2,24.01,62.22,2044,BRUTE_FORCE
28,3,24.61,77.89,1973,BRUTE_FORCE
16,1,10.11,85.48,2814,BRUTE_FORCE
10,1,11.04,79.14,1683,BRUTE_FORCE
1,1,3.61,18.43,1208,NORMAL
23,3,22.69,49.72,3894,BRUTE_FORCE
2,1,2.16,20.41,2336,NORMAL
2,57,59.81,150.57,4223,PORT_SCAN
17,1,13.24,75.74,4831,BRUTE_FORCE
1,4,3.21,25.5,628,NORMAL
24,4,21.6,77.73,2593,BRUTE_FORCE
16,3,10.53,74.67,4652,BRUTE_FORCE
9,3,15.4,80.46,1511,BRUTE_FORCE
3,22,41.25,179.01,5745,PORT_SCAN
0,3,1.72,19.11,1155,NORMAL
8,3,24.52,100.96,3579,BRUTE_FORCE
2,2,4.59,8.09,733,NORMAL
16,4,8.06,115.41,2511,BRUTE_FORCE
1,46,33.02,202.17,8891,PORT_SCAN
16,1,17.25,75.82,2051,BRUTE_FORCE
3,56,52.11,218.78,2726,PORT_SCAN
1,22,36.07,233.74,5414,PORT_SCAN
21,4,8.45,87.94,1511,BRUTE_FORCE
0,2,3.07,13.14,1060,NORMAL
2,18,40.79,149.23,8620,PORT_SCAN
3,46,33.85,129.32,6834,PORT_SCAN
1,4,1.63,6.77,1619,NORMAL
26,3,17.53,53.02,3653,BRUTE_FORCE
3,31,32.35,85.25,6698,PORT_SCAN
3,50,51.87,205.37,4198,PORT_SCAN
24,4,22.76,116.62,4405,BRUTE_FORCE
2,1,2.58,29.14,1918,NORMAL
0,4,4.3,22.02,1977,NORMAL
12,4,17.3,60.41,2362,BRUTE_FORCE
19,2,21.27,89.93,4344,BRUTE_FORCE
0,4,3.59,16.06,1069,NORMAL
21,3,16.49,54.77,3144,BRUTE_FORCE
0,33,56.02,220.63,7422,PORT_SCAN
2,33,52.31,222.72,9588,PORT_SCAN
10,4,18.2,73.39,3800,BRUTE_FORCE
2,2,5.62,5.92,789,NORMAL
3,12,31.02,180.04,7545,PORT_SCAN
23,2,20.88,116.9,3379,BRUTE_FORCE
3,11,48.9,105.42,6643,PORT_SCAN
23,3,19.11,98.79,2289,BRUTE_FORCE
0,4,2.8,18.73,1859,NORMAL
1,1,4.59,21.7,1731,NORMAL
25,1,8.03,43.24,4547,BRUTE_FORCE
0,3,3.72,29.97,1466,NORMAL
19,3,21.14,69.58,2423,BRUTE_FORCE
1,4,5.71,9.96,1712,NORMAL
29,3,23.94,56.78,3438,BRUTE_FORCE
1,1,5.71,19.24,1685,NORMAL
1,1,4.92,23.55,876,NORMAL
2,2,5.17,16.13,1681,NORMAL
0,2,1.67,29.85,1777,NORMAL
30,2,21.31,95.5,4867,BRUTE_FORCE
2,3,1.73,6.55,2106,NORMAL
20,1,18.23,87.23,4750,BRUTE_FORCE
3,27,27.91,183.11,4832,PORT_SCAN
1,1,3.35,23.52,1985,NORMAL
0,24,52.87,216.86,5786,PORT_SCAN
1,11,55.87,98.44,3417,PORT_SCAN
0,1,5.18,9.32,2143,NORMAL
14,2,9.12,114.17,3299,BRUTE_FORCE
0,3,3.06,17.39,1856,NORMAL
30,4,9.0,91.83,3797,BRUTE_FORCE
0,4,2.19,24.61,2135,NORMAL
2,29,46.24,154.97,6034,PORT_SCAN
3,39,34.08,161.65,2504,PORT_SCAN
1,3,3.28,15.21,718,NORMAL
9,4,10.01,104.57,4233,BRUTE_FORCE
29,3,20.57,85.88,2084,BRUTE_FORCE
1,30,56.83,226.3,9063,PORT_SCAN
2,1,2.18,6.82,2441,NORMAL
1,57,32.05,203.86,4435,PORT_SCAN
2,1,5.96,21.54,1489,NORMAL
10,2,24.51,84.32,3036,BRUTE_FORCE
2,4,4.43,22.87,2346,NORMAL
0,4,5.73,26.49,1946,NORMAL
0,31,53.89,160.42,8261,PORT_SCAN
21,3,16.15,107.34,3090,BRUTE_FORCE
2,4,5.82,6.87,1227,NORMAL
1,1,2.75,28.77,2416,NORMAL
25,3,11.48,77.02,3630,BRUTE_FORCE
3,10,57.58,212.97,6657,PORT_SCAN
0,4,5.21,29.91,1304,NORMAL
0,4,1.54,22.03,1570,NORMAL
12,2,17.63,105.84,2079,BRUTE_FORCE
14,4,14.25,103.37,2048,BRUTE_FORCE
1,49,56.75,113.64,7697,PORT_SCAN
20,1,19.58,59.36,3502,BRUTE_FORCE
10,2,17.0,71.84,4160,BRUTE_FORCE
14,2,20.32,43.5,1558,BRUTE_FORCE
2,3,3.03,11.08,1335,NORMAL
19,3,12.85,99.91,3252,BRUTE_FORCE
0,21,51.15,239.43,8202,PORT_SCAN
2,1,2.26,29.16,2165,NORMAL
27,3,23.13,84.99,4181,BRUTE_FORCE
2,25,51.96,246.17,4391,PORT_SCAN
1,1,3.27,27.21,543,NORMAL
26,4,21.98,115.22,1943,BRUTE_FORCE
8,2,21.81,102.84,3076,BRUTE_FORCE
0,4,3.78,20.1,710,NORMAL
28,1,13.6,89.69,2211,BRUTE_FORCE
17,4,23.6,108.78,3036,BRUTE_FORCE
0,3,5.17,11.48,1903,NORMAL
2,1,1.06,28.36,1535,NORMAL
30,3,12.16,106.94,3006,BRUTE_FORCE
2,4,5.9,10.11,1300,NORMAL
2,3,3.9,20.16,690,NORMAL
0,54,26.08,201.25,4682,PORT_SCAN
1,1,1.68,27.77,984,NORMAL
0,1,4.31,23.41,2435,NORMAL
2,3,4.06,13.72,1076,NORMAL
0,39,41.64,105.43,8881,PORT_SCAN
1,35,45.49,161.43,5976,PORT_SCAN
0,2,5.35,12.74,2175,NORMAL
0,4,2.33,21.39,2490,NORMAL
18,2,13.28,108.52,3061,BRUTE_FORCE
0,15,33.61,180.67,4041,PORT_SCAN
0,2,2.09,23.71,2005,NORMAL
19,1,20.01,63.73,2009,BRUTE_FORCE
16,1,9.03,67.42,3332,BRUTE_FORCE
0,27,45.72,231.27,9816,PORT_SCAN
27,3,16.05,106.39,4213,BRUTE_FORCE
28,4,16.05,100.69,3573,BRUTE_FORCE
0,4,1.31,23.98,1852,NORMAL
21,3,23.56,101.69,4190,BRUTE_FORCE
0,4,3.29,6.7,1134,NORMAL
10,4,15.45,101.88,4629,BRUTE_FORCE
1,22,28.89,154.76,5954,PORT_SCAN
2,4,4.25,16.34,733,NORMAL
1,2,4.02,6.09,2047,NORMAL
15,1,8.08,87.45,4202,BRUTE_FORCE
26,1,9.05,83.81,3570,BRUTE_FORCE
2,1,2.71,27.64,959,NORMAL
10,2,18.35,41.3,4044,BRUTE_FORCE
1,12,59.17,141.98,8731,PORT_SCAN
1,27,36.95,155.6,5986,PORT_SCAN
1,2,5.43,8.45,1711,NORMAL
3,44,57.39,173.25,3606,PORT_SCAN
10,4,11.2,48.69,3832,BRUTE_FORCE
2,1,3.46,28.35,1196,NORMAL
2,1,2.74,29.6,2058,NORMAL
2,24,43.38,210.52,6861,PORT_SCAN
3,15,49.23,97.41,5066,PORT_SCAN
1,25,28.68,112.46,4094,PORT_SCAN
3,53,56.97,175.96,7704,PORT_SCAN
1,52,25.05,144.4,8524,PORT_SCAN
22,1,19.48,81.74,3935,BRUTE_FORCE
1,3,3.28,26.86,1356,NORMAL
24,1,18.7,100.85,2521,BRUTE_FORCE
0,1,5.76,13.02,579,NORMAL
22,1,22.83,109.32,3274,BRUTE_FORCE
2,21,21.01,142.17,6318,PORT_SCAN
2,1,2.96,29.45,841,NORMAL
1,3,1.34,6.12,1955,NORMAL
0,21,56.37,149.07,3366,PORT_SCAN
15,4,11.22,82.1,2518,BRUTE_FORCE
2,3,1.69,26.12,2287,NORMAL
14,4,23.66,104.19,2491,BRUTE_FORCE
26,3,21.63,60.61,4875,BRUTE_FORCE
0,47,43.16,210.76,4242,PORT_SCAN
1,18,24.35,173.46,6233,PORT_SCAN
3,43,54.33,206.08,2593,PORT_SCAN
3,15,52.28,183.17,5791,PORT_SCAN
12,2,16.63,81.22,3320,BRUTE_FORCE
23,1,24.21,44.17,2079,BRUTE_FORCE
0,4,2.12,22.38,948,NORMAL
2,17,44.06,149.47,3490,PORT_SCAN
21,1,23.33,60.69,4382,BRUTE_FORCE
27,1,18.53,73.54,3890,BRUTE_FORCE
30,1,22.92,43.19,2139,BRUTE_FORCE
1,1,4.58,16.7,2436,NORMAL
9,4,8.87,84.95,2984,BRUTE_FORCE
3,25,40.23,232.87,3111,PORT_SCAN
1,18,31.12,85.36,5117,PORT_SCAN
3,38,49.94,110.91,8884,PORT_SCAN
2,19,41.22,153.9,4865,PORT_SCAN
19,3,21.59,103.94,1955,BRUTE_FORCE
2,1,3.9,26.11,2061,NORMAL
11,4,17.13,54.7,1750,BRUTE_FORCE
2,47,42.74,99.37,7501,PORT_SCAN
2,47,22.25,166.25,5042,PORT_SCAN
21,4,21.86,52.32,3438,BRUTE_FORCE
2,4,4.27,24.63,2478,NORMAL
0,11,59.89,113.62,7791,PORT_SCAN
1,4,3.54,11.08,2400,NORMAL
0,1,5.27,25.11,1463,NORMAL
1,29,25.33,199.25,2591,PORT_SCAN
0,1,5.47,9.68,558,NORMAL
12,2,8.39,119.69,2610,BRUTE_FORCE
2,4,5.05,28.65,1949,NORMAL
0,2,3.8,14.43,1289,NORMAL
30,1,13.78,42.67,4935,BRUTE_FORCE
9,4,23.12,66.52,2473,BRUTE_FORCE
2,2,2.97,29.05,1780,NORMAL
3,57,32.48,92.76,3638,PORT_SCAN
18,4,9.34,93.21,1727,BRUTE_FORCE
19,3,11.29,96.04,1716,BRUTE_FORCE
1,4,2.83,15.79,1771,NORMAL
26,3,12.28,115.45,2433,BRUTE_FORCE
0,37,33.75,246.01,7747,PORT_SCAN
10,1,23.61,79.95,4017,BRUTE_FORCE
30,4,24.62,62.2,2871,BRUTE_FORCE
8,2,11.32,82.39,3225,BRUTE_FORCE
8,4,9.39,113.76,2956,BRUTE_FORCE
1,4,5.51,6.99,1682,NORMAL
0,59,21.63,85.93,5424,PORT_SCAN
1,44,24.97,158.63,8732,PORT_SCAN
0,13,50.9,210.41,4545,PORT_SCAN
2,16,25.3,111.86,6176,PORT_SCAN
25,4,16.09,84.61,2904,BRUTE_FORCE
3,47,43.51,137.81,7041,PORT_SCAN
25,2,12.34,45.57,3019,BRUTE_FORCE
3,39,20.16,92.21,6483,PORT_SCAN
13,4,21.53,78.59,4090,BRUTE_FORCE
3,16,54.91,177.59,6345,PORT_SCAN
11,3,18.56,84.56,4352,BRUTE_FORCE
0,46,52.79,232.95,3479,PORT_SCAN
2,18,30.72,147.85,2737,PORT_SCAN
2,38,37.45,247.33,3179,PORT_SCAN
8,3,8.29,49.48,4617,BRUTE_FORCE
15,3,10.71,96.1,3066,BRUTE_FORCE
1,2,3.29,24.54,1967,NORMAL
1,39,46.73,111.16,6211,PORT_SCAN
24,1,12.14,73.4,3741,BRUTE_FORCE
0,4,2.49,14.87,2248,NORMAL
0,2,3.05,9.17,636,NORMAL
1,2,4.95,14.26,1450,NORMAL
2,1,4.66,29.82,2467,NORMAL
8,4,13.52,75.01,3159,BRUTE_FORCE
11,1,17.36,63.66,2923,BRUTE_FORCE
8,1,16.46,106.44,3189,BRUTE_FORCE
1,19,53.7,206.34,6339,PORT_SCAN
24,3,15.61,50.5,2691,BRUTE_FORCE
0,2,1.03,17.05,2081,NORMAL
2,34,20.2,109.67,4530,PORT_SCAN
1,36,20.21,168.91,4738,PORT_SCAN
30,4,14.53,74.83,2822,BRUTE_FORCE
0,3,2.21,13.71,1288,NORMAL
22,2,21.03,89.16,2576,BRUTE_FORCE
3,47,43.04,153.94,5771,PORT_SCAN
15,2,22.35,119.44,2347,BRUTE_FORCE
0,20,48.0,123.34,9825,PORT_SCAN
18,3,17.48,48.54,3417,BRUTE_FORCE
3,23,20.33,104.26,5938,PORT_SCAN
11,2,12.7,79.71,4109,BRUTE_FORCE
0,3,4.85,22.25,1400,NORMAL
1,1,4.64,10.61,2066,NORMAL
1,33,47.44,137.88,2874,PORT_SCAN
3,54,33.0,157.78,4521,PORT_SCAN
12,4,13.36,52.69,2474,BRUTE_FORCE
0,1,5.87,7.47,938,NORMAL
1,2,2.94,26.88,875,NORMAL
1,4,2.22,16.62,1749,NORMAL
2,1,3.89,9.15,1682,NORMAL
30,3,22.19,61.07,3729,BRUTE_FORCE
2,3,3.07,11.7,1426,NORMAL
2,4,2.11,9.58,1459,NORMAL
23,3,22.26,107.72,3912,BRUTE_FORCE
2,48,29.63,172.76,5572,PORT_SCAN
27,4,14.75,88.37,4431,BRUTE_FORCE
3,40,25.63,170.69,6890,PORT_SCAN
0,59,42.92,109.93,6115,PORT_SCAN
8,2,11.5,48.07,1637,BRUTE_FORCE
0,2,3.66,22.36,1151,NORMAL
1,4,1.65,21.14,1436,NORMAL
12,1,8.41,46.91,2265,BRUTE_FORCE
0,3,2.82,21.03,1478,NORMAL
3,26,24.46,181.09,8910,PORT_SCAN
2,36,27.46,184.01,4114,PORT_SCAN
3,15,56.93,179.55,8969,PORT_SCAN
0,1,2.0,17.16,511,NORMAL
28,1,23.86,93.17,2591,BRUTE_FORCE
1,50,40.68,202.5,8933,PORT_SCAN
1,1,1.11,11.78,2350,NORMAL
18,1,15.04,77.0,2621,BRUTE_FORCE
3,59,53.03,125.8,5914,PORT_SCAN
0,40,27.67,217.63,7262,PORT_SCAN
13,2,9.47,108.56,3503,BRUTE_FORCE
25,3,15.6,96.27,3941,BRUTE_FORCE
0,1,1.42,13.17,651,NORMAL
29,3,19.28,98.43,4372,BRUTE_FORCE
2,2,4.83,24.12,2059,NORMAL
1,2,5.15,24.65,1105,NORMAL
3,31,26.3,132.98,5157,PORT_SCAN
0,4,5.55,27.76,2219,NORMAL
17,4,8.38,108.41,1996,BRUTE_FORCE
3,32,31.68,243.19,7597,PORT_SCAN
0,17,55.15,165.21,3648,PORT_SCAN
1,1,1.39,24.37,2051,NORMAL
0,50,23.73,202.14,9745,PORT_SCAN
12,4,20.62,81.66,3795,BRUTE_FORCE
1,2,2.63,25.9,570,NORMAL
12,2,10.49,63.39,3073,BRUTE_FORCE
0,46,33.43,190.07,8831,PORT_SCAN
1,1,4.62,20.93,955,NORMAL
10,4,8.2,84.87,1918,BRUTE_FORCE
16,4,9.89,94.81,3212,BRUTE_FORCE
11,1,12.9,95.18,1661,BRUTE_FORCE
0,48,52.26,113.19,3284,PORT_SCAN
24,4,22.71,82.97,3469,BRUTE_FORCE
29,1,16.65,62.95,3135,BRUTE_FORCE
1,4,3.2,27.82,723,NORMAL
1,1,1.88,28.91,1852,NORMAL
11,3,17.7,77.76,1873,BRUTE_FORCE
29,3,9.16,92.27,2076,BRUTE_FORCE
1,3,4.23,24.6,2125,NORMAL
1,33,47.7,122.73,3575,PORT_SCAN
1,3,5.82,22.98,2061,NORMAL
10,1,20.11,66.83,3294,BRUTE_FORCE
1,2,4.03,10.97,2115,NORMAL
1,1,2.96,13.37,2302,NORMAL
0,57,38.35,129.14,5886,PORT_SCAN
1,23,59.16,183.84,8537,PORT_SCAN
11,1,24.65,80.17,3409,BRUTE_FORCE
2,2,2.22,20.59,2313,NORMAL
1,28,22.54,87.7,4644,PORT_SCAN
2,2,2.35,28.53,2294,NORMAL
23,2,9.07,69.55,1675,BRUTE_FORCE
2,32,55.19,153.83,9609,PORT_SCAN
22,1,21.95,50.89,1679,BRUTE_FORCE
1,56,42.26,127.51,6038,PORT_SCAN
2,35,24.12,214.84,7313,PORT_SCAN
10,1,23.57,92.47,2358,BRUTE_FORCE
17,1,18.97,111.46,4039,BRUTE_FORCE
11,2,8.23,109.61,2631,BRUTE_FORCE
1,21,37.0,153.95,6716,PORT_SCAN
0,3,5.47,16.87,1300,NORMAL
13,3,21.83,98.54,3228,BRUTE_FORCE
0,2,2.64,8.69,2344,NORMAL
3,38,44.4,88.42,2556,PORT_SCAN
3,31,35.2,192.34,7357,PORT_SCAN
30,2,19.53,73.46,3375,BRUTE_FORCE
1,4,5.23,9.98,1287,NORMAL
3,32,44.87,128.44,2917,PORT_SCAN
1,4,3.65,16.35,1739,NORMAL
1,3,4.14,16.9,1921,NORMAL
0,1,1.06,17.93,1185,NORMAL
1,37,43.41,93.72,4292,PORT_SCAN
11,1,22.47,111.22,1539,BRUTE_FORCE
1,50,52.11,86.46,7441,PORT_SCAN
0,50,31.94,188.62,7488,PORT_SCAN
21,4,20.91,109.38,4862,BRUTE_FORCE
1,4,5.79,10.8,1329,NORMAL
0,3,1.86,22.02,1669,NORMAL
8,4,18.25,74.39,4111,BRUTE_FORCE
2,20,28.36,186.11,6566,PORT_SCAN
20,3,12.82,84.6,2944,BRUTE_FORCE
3,24,23.2,182.33,8811,PORT_SCAN
0,3,1.53,24.6,2387,NORMAL
19,2,19.39,96.15,4299,BRUTE_FORCE
1,2,2.67,29.52,962,NORMAL
8,3,20.06,103.09,1671,BRUTE_FORCE
1,45,27.03,202.8,3377,PORT_SCAN
1,4,2.66,24.78,991,NORMAL
1,50,21.19,169.79,5299,PORT_SCAN
1,3,1.88,18.97,637,NORMAL
18,2,14.8,66.17,2659,BRUTE_FORCE
1,3,3.94,7.7,525,NORMAL
1,3,5.55,6.61,538,NORMAL
14,2,21.45,95.11,2214,BRUTE_FORCE
0,22,50.23,182.2,9543,PORT_SCAN
1,3,3.8,13.57,2139,NORMAL
1,53,48.39,136.93,3457,PORT_SCAN
1,4,1.92,27.92,1271,NORMAL
21,4,16.91,71.66,2770,BRUTE_FORCE
2,35,32.24,207.09,7210,PORT_SCAN
2,32,50.89,168.92,9295,PORT_SCAN
1,2,4.55,5.72,2168,NORMAL
0,35,43.63,206.95,8163,PORT_SCAN
2,4,3.47,19.81,1109,NORMAL
27,1,15.06,68.36,2419,BRUTE_FORCE
28,2,11.29,48.7,2449,BRUTE_FORCE
2,40,29.95,244.83,5417,PORT_SCAN
30,2,17.32,47.16,2348,BRUTE_FORCE
3,49,34.84,205.52,6121,PORT_SCAN
0,4,2.09,25.1,1925,NORMAL
2,4,3.1,12.85,914,NORMAL
15,1,12.44,40.29,2451,BRUTE_FORCE
25,3,16.5,74.33,4239,BRUTE_FORCE
0,2,1.37,15.38,1390,NORMAL
2,3,1.46,27.28,501,NORMAL
2,1,1.16,21.5,1759,NORMAL
0,51,57.54,161.41,4511,PORT_SCAN
1,52,57.88,199.42,3724,PORT_SCAN
2,23,59.24,103.22,7331,PORT_SCAN
1,4,4.62,23.22,872,NORMAL
1,34,20.59,246.22,7032,PORT_SCAN
2,17,23.09,223.19,9070,PORT_SCAN
3,23,42.12,122.28,2611,PORT_SCAN
21,4,12.22,110.56,4954,BRUTE_FORCE
2,4,3.9,18.84,1576,NORMAL
1,34,55.62,152.53,2776,PORT_SCAN
0,34,28.89,190.88,4945,PORT_SCAN
16,1,22.25,103.34,1847,BRUTE_FORCE
8,4,18.94,67.7,3936,BRUTE_FORCE
16,4,13.6,114.67,4589,BRUTE_FORCE
0,43,24.37,157.67,9690,PORT_SCAN
0,1,4.12,18.34,588,NORMAL
22,4,14.8,92.07,4702,BRUTE_FORCE
8,4,10.19,95.3,1971,BRUTE_FORCE
2,3,5.48,26.34,2289,NORMAL
2,1,1.22,19.35,2244,NORMAL
1,3,4.08,14.77,1542,NORMAL
2,14,33.19,174.85,5666,PORT_SCAN
28,1,9.76,117.32,3887,BRUTE_FORCE
1,30,46.3,189.13,2521,PORT_SCAN
0,4,2.83,26.12,2449,NORMAL
0,4,4.69,28.05,1593,NORMAL
27,2,8.19,73.36,1797,BRUTE_FORCE
0,58,25.65,173.38,5591,PORT_SCAN
2,46,28.32,102.41,3503,PORT_SCAN
1,4,5.47,23.8,1364,NORMAL
0,2,1.53,22.25,2030,NORMAL
1,4,3.12,19.03,2348,NORMAL
0,4,5.99,25.26,2481,NORMAL
10,2,13.58,117.51,3237,BRUTE_FORCE
19,4,19.65,101.92,4708,BRUTE_FORCE
2,4,3.46,12.61,1401,NORMAL
0,3,5.14,10.06,943,NORMAL
0,1,5.89,16.58,1972,NORMAL
2,28,49.81,132.26,4608,PORT_SCAN
2,4,1.25,19.49,2435,NORMAL
0,2,2.9,7.52,1240,NORMAL
1,31,54.62,179.21,6541,PORT_SCAN
14,1,11.88,81.4,4648,BRUTE_FORCE
1,47,43.58,174.89,5402,PORT_SCAN
1,1,2.8,23.59,2323,NORMAL
1,1,3.35,16.93,1789,NORMAL
1,4,4.31,28.32,2160,NORMAL
3,12,31.38,83.05,7327,PORT_SCAN
0,3,3.49,11.11,2017,NORMAL
1,4,3.38,23.0,1740,NORMAL
1,11,44.7,139.57,7181,PORT_SCAN
27,1,11.64,41.33,2848,BRUTE_FORCE
2,24,52.26,105.05,2878,PORT_SCAN
3,43,46.46,137.4,7593,PORT_SCAN
17,4,18.56,103.99,4339,BRUTE_FORCE
23,4,16.72,77.54,4505,BRUTE_FORCE
1,3,3.74,14.87,1845,NORMAL
0,55,51.06,190.01,6875,PORT_SCAN
22,3,11.46,84.09,4656,BRUTE_FORCE
3,54,56.14,210.88,5149,PORT_SCAN
3,60,29.43,200.49,6586,PORT_SCAN
0,3,4.77,20.03,1508,NORMAL
2,16,47.95,144.2,7721,PORT_SCAN
2,22,41.42,121.69,8889,PORT_SCAN
0,4,3.57,29.68,1659,NORMAL
1,4,5.96,17.58,2383,NORMAL
1,4,1.06,21.81,1420,NORMAL
0,1,3.57,17.77,1345,NORMAL
1,46,53.87,148.25,6253,PORT_SCAN
8,4,21.31,107.78,3454,BRUTE_FORCE
13,4,23.25,41.14,1765,BRUTE_FORCE
1,2,2.81,10.44,1626,NORMAL
2,56,56.92,137.18,5503,PORT_SCAN
3,47,48.83,103.06,6015,PORT_SCAN
3,19,45.29,157.88,5381,PORT_SCAN
0,59,21.0,224.23,7875,PORT_SCAN
3,11,22.61,99.19,6421,PORT_SCAN
9,2,13.97,80.35,2252,BRUTE_FORCE
0,1,3.77,18.03,1989,NORMAL
0,34,52.29,123.59,9192,PORT_SCAN
1,48,21.86,111.65,3136,PORT_SCAN
27,1,14.69,61.94,2904,BRUTE_FORCE
2,2,5.23,11.67,1087,NORMAL
1,59,54.48,230.04,2598,PORT_SCAN
0,18,26.22,165.0,8786,PORT_SCAN
3,41,26.53,91.15,6039,PORT_SCAN
22,2,18.21,52.57,3997,BRUTE_FORCE
30,3,23.55,97.98,2103,BRUTE_FORCE
19,4,18.66,98.69,3644,BRUTE_FORCE
1,1,3.0,8.14,2182,NORMAL
1,52,45.6,217.05,9674,PORT_SCAN
2,4,3.46,15.79,1798,NORMAL
9,2,14.97,40.02,4903,BRUTE_FORCE
0,42,26.16,194.02,4074,PORT_SCAN
21,2,11.8,49.26,1859,BRUTE_FORCE
0,2,1.63,15.58,1899,NORMAL
1,3,4.88,28.54,2322,NORMAL
14,2,9.11,50.26,1766,BRUTE_FORCE
1,53,53.72,151.46,3194,PORT_SCAN
10,4,13.36,60.93,4152,BRUTE_FORCE
2,34,45.16,153.1,9922,PORT_SCAN
0,49,22.0,81.91,4746,PORT_SCAN
0,1,2.57,24.64,529,NORMAL
1,33,59.34,241.16,3932,PORT_SCAN
11,3,17.1,115.03,3023,BRUTE_FORCE
1,57,46.3,109.03,8575,PORT_SCAN
11,4,8.91,90.75,3876,BRUTE_FORCE
30,4,8.03,90.81,3447,BRUTE_FORCE
0,4,2.54,13.57,1255,NORMAL
0,4,2.5,17.94,1712,NORMAL
3,33,51.86,133.95,8338,PORT_SCAN
27,2,11.81,112.42,3594,BRUTE_FORCE
18,1,9.91,73.09,2996,BRUTE_FORCE
21,4,9.99,89.82,4146,BRUTE_FORCE
19,2,20.07,88.22,3765,BRUTE_FORCE
13,2,18.07,104.5,4357,BRUTE_FORCE
13,4,22.36,92.35,4759,BRUTE_FORCE
3,57,38.59,85.33,7260,PORT_SCAN
29,3,16.37,100.81,3757,BRUTE_FORCE
1,10,21.51,180.63,7322,PORT_SCAN
2,3,2.88,28.47,2033,NORMAL
1,25,32.81,151.54,7869,PORT_SCAN
0,4,4.61,20.4,829,NORMAL
3,42,24.42,90.19,5555,PORT_SCAN
0,2,5.27,21.67,2216,NORMAL
29,2,18.67,118.2,1513,BRUTE_FORCE
1,2,5.94,20.41,2144,NORMAL
2,3,2.8,16.31,2465,NORMAL
29,4,9.73,111.09,4688,BRUTE_FORCE
30,4,17.1,48.38,4884,BRUTE_FORCE
0,31,42.05,102.21,7613,PORT_SCAN
2,3,2.29,25.54,2479,NORMAL
1,2,4.87,24.27,972,NORMAL
17,1,20.69,86.99,2022,BRUTE_FORCE
0,4,1.87,7.81,1984,NORMAL
0,3,5.36,26.29,2483,NORMAL
1,54,50.97,120.63,8754,PORT_SCAN
10,3,20.41,75.73,3781,BRUTE_FORCE
0,1,5.38,23.36,1123,NORMAL
0,4,1.22,27.74,2059,NORMAL
14,3,20.81,70.21,4331,BRUTE_FORCE
20,4,21.14,99.93,4507,BRUTE_FORCE
2,3,4.4,23.7,1751,NORMAL
19,3,9.53,87.85,2156,BRUTE_FORCE
3,35,40.75,94.81,6235,PORT_SCAN
0,10,48.74,153.98,6216,PORT_SCAN
11,4,13.41,118.3,3671,BRUTE_FORCE
0,17,30.03,164.54,7647,PORT_SCAN
21,2,17.73,67.21,4898,BRUTE_FORCE
2,1,4.23,29.31,1397,NORMAL
9,1,22.71,62.42,4465,BRUTE_FORCE
21,2,17.55,90.29,4366,BRUTE_FORCE
2,3,5.4,24.17,1332,NORMAL
2,1,2.55,10.41,870,NORMAL
2,4,5.24,14.54,631,NORMAL
3,35,24.21,140.08,4943,PORT_SCAN
11,3,13.9,59.62,4134,BRUTE_FORCE
10,2,17.82,110.6,2967,BRUTE_FORCE
0,2,3.04,14.49,2498,NORMAL
0,4,4.57,28.54,2097,NORMAL
2,1,4.0,20.38,1607,NORMAL
2,2,3.2,14.24,920,NORMAL
3,18,44.22,161.09,4290,PORT_SCAN
21,1,17.56,65.86,4264,BRUTE_FORCE
1,58,26.97,129.98,5030,PORT_SCAN
0,21,56.41,204.9,7055,PORT_SCAN
2,12,52.92,202.87,5918,PORT_SCAN
20,4,20.87,62.9,3340,BRUTE_FORCE
1,39,47.89,222.0,7242,PORT_SCAN
2,10,37.08,139.32,5423,PORT_SCAN
30,1,9.94,56.57,4872,BRUTE_FORCE
3,11,52.24,87.47,7025,PORT_SCAN
2,14,37.98,212.16,8982,PORT_SCAN
1,2,4.38,7.5,854,NORMAL
0,4,1.55,28.68,1293,NORMAL
30,2,11.95,82.98,4261,BRUTE_FORCE
3,19,27.6,117.01,2979,PORT_SCAN
11,3,18.77,94.11,3356,BRUTE_FORCE
3,36,26.85,138.41,9761,PORT_SCAN
1,14,23.25,112.87,7512,PORT_SCAN
1,21,36.0,80.57,9298,PORT_SCAN
2,3,3.81,15.36,668,NORMAL
0,1,2.79,16.04,555,NORMAL
1,1,3.11,27.11,1567,NORMAL
0,4,5.28,13.34,1762,NORMAL
21,1,24.88,72.41,4670,BRUTE_FORCE
1,2,4.57,8.91,503,NORMAL
0,13,38.32,127.66,8710,PORT_SCAN
0,4,4.62,20.12,2114,NORMAL
2,33,37.94,201.95,9961,PORT_SCAN
2,53,37.77,183.15,5778,PORT_SCAN
0,1,1.93,27.69,1774,NORMAL
3,25,34.86,221.01,4979,PORT_SCAN
0,55,59.19,178.4,3889,PORT_SCAN
0,54,44.04,154.67,5375,PORT_SCAN
0,2,2.51,7.32,1286,NORMAL
30,1,15.69,59.24,3787,BRUTE_FORCE
0,42,24.36,82.63,2849,PORT_SCAN
18,1,9.12,77.53,4421,BRUTE_FORCE
1,22,49.96,248.66,9249,PORT_SCAN
27,2,18.06,62.19,4486,BRUTE_FORCE
20,2,13.68,40.64,2158,BRUTE_FORCE
2,25,57.49,244.48,9718,PORT_SCAN
0,4,3.71,22.52,864,NORMAL
1,41,46.97,111.66,8651,PORT_SCAN
14,1,8.41,89.58,3417,BRUTE_FORCE
0,2,3.16,9.77,1867,NORMAL
0,20,34.41,242.55,8647,PORT_SCAN
2,4,2.83,11.91,521,NORMAL
2,3,1.77,20.48,2099,NORMAL
0,33,29.59,80.36,6306,PORT_SCAN
0,3,5.35,20.44,819,NORMAL
3,26,55.28,142.57,2671,PORT_SCAN
2,3,4.1,28.48,2219,NORMAL
0,1,3.07,23.15,1933,NORMAL
22,1,11.77,41.58,2651,BRUTE_FORCE
26,2,18.45,91.46,4776,BRUTE_FORCE
1,4,2.85,12.51,1501,NORMAL
24,4,16.69,87.09,2154,BRUTE_FORCE
10,1,15.94,61.21,3858,BRUTE_FORCE
3,22,39.51,137.88,9168,PORT_SCAN
0,56,43.99,232.04,9533,PORT_SCAN
0,1,1.29,26.88,802,NORMAL
3,35,46.41,147.51,9769,PORT_SCAN
1,3,2.45,10.26,828,NORMAL
28,2,14.18,81.36,1978,BRUTE_FORCE
30,4,24.95,90.58,3508,BRUTE_FORCE
13,1,16.48,43.34,3734,BRUTE_FORCE
14,2,24.01,74.39,1630,BRUTE_FORCE
2,54,46.84,136.27,3473,PORT_SCAN
24,4,9.93,113.05,2780,BRUTE_FORCE
1,39,43.87,211.2,8125,PORT_SCAN
1,42,58.41,130.27,8715,PORT_SCAN
2,53,41.65,241.41,2540,PORT_SCAN
29,2,12.21,91.85,3927,BRUTE_FORCE
1,38,51.53,235.58,2887,PORT_SCAN
2,57,37.31,150.93,8126,PORT_SCAN
22,4,14.2,77.68,3580,BRUTE_FORCE
1,3,4.98,24.99,2229,NORMAL
3,10,54.87,234.93,4304,PORT_SCAN
14,3,23.02,75.22,2677,BRUTE_FORCE
2,3,4.34,9.14,1076,NORMAL
2,37,38.06,239.64,5792,PORT_SCAN
0,17,42.3,187.21,3489,PORT_SCAN
2,1,2.74,28.48,2428,NORMAL
18,1,23.44,68.89,2105,BRUTE_FORCE
1,2,4.59,6.4,1660,NORMAL
0,1,3.59,18.48,974,NORMAL
3,33,25.46,202.37,7677,PORT_SCAN
2,2,2.41,14.7,1850,NORMAL
15,3,21.62,112.85,2857,BRUTE_FORCE
1,2,5.47,9.65,1557,NORMAL
3,36,48.15,108.58,4105,PORT_SCAN
12,4,18.0,87.52,4010,BRUTE_FORCE
1,2,2.03,12.01,2155,NORMAL
3,53,54.61,213.54,8566,PORT_SCAN
1,18,53.78,142.42,9303,PORT_SCAN
3,17,56.08,200.91,4190,PORT_SCAN
0,4,1.43,8.92,2042,NORMAL
1,43,54.15,193.22,5575,PORT_SCAN
19,2,16.55,95.65,1781,BRUTE_FORCE
17,2,9.16,86.12,2947,BRUTE_FORCE
29,4,16.42,81.38,1678,BRUTE_FORCE
8,1,9.19,95.71,3650,BRUTE_FORCE
1,31,26.37,135.61,5587,PORT_SCAN
0,1,1.47,28.25,1529,NORMAL
8,2,14.77,62.29,1784,BRUTE_FORCE
3,56,35.8,85.01,8096,PORT_SCAN
1,4,3.84,15.45,2322,NORMAL
1,2,2.77,13.15,2206,NORMAL
2,20,21.21,202.05,7344,PORT_SCAN
10,1,10.38,49.85,4490,BRUTE_FORCE
2,23,57.68,151.59,5922,PORT_SCAN
23,4,16.09,108.35,3575,BRUTE_FORCE
30,3,19.57,110.65,1508,BRUTE_FORCE
1,36,52.66,131.17,5094,PORT_SCAN
18,1,18.82,81.65,3647,BRUTE_FORCE
13,2,12.18,61.88,2677,BRUTE_FORCE
19,2,14.64,79.28,1589,BRUTE_FORCE
0,10,47.67,159.97,5132,PORT_SCAN
21,4,8.78,60.93,2787,BRUTE_FORCE
2,22,45.41,113.58,9736,PORT_SCAN
3,22,36.06,90.96,5305,PORT_SCAN
22,3,23.51,118.69,2581,BRUTE_FORCE
25,2,11.01,62.73,4811,BRUTE_FORCE
19,3,15.85,113.61,2678,BRUTE_FORCE
20,2,18.84,78.74,4190,BRUTE_FORCE
17,4,24.6,100.7,3349,BRUTE_FORCE
0,56,48.75,113.17,5202,PORT_SCAN
27,1,18.04,99.42,2899,BRUTE_FORCE
3,18,54.1,90.61,9881,PORT_SCAN
29,4,14.84,65.69,2800,BRUTE_FORCE
29,3,19.05,111.88,3630,BRUTE_FORCE
1,12,31.34,94.06,3534,PORT_SCAN
21,1,14.55,62.52,1934,BRUTE_FORCE
22,3,16.24,97.66,3092,BRUTE_FORCE
1,3,1.42,7.53,2150,NORMAL
15,3,21.49,46.88,2991,BRUTE_FORCE
0,23,46.59,243.65,4794,PORT_SCAN
20,1,13.3,110.24,1880,BRUTE_FORCE
3,10,42.22,153.14,9104,PORT_SCAN
2,4,1.52,7.24,1635,NORMAL
2,2,5.55,7.43,580,NORMAL
3,25,28.53,180.43,3239,PORT_SCAN
3,13,33.35,97.45,9443,PORT_SCAN
0,26,38.38,175.77,2891,PORT_SCAN
10,4,23.04,119.4,2009,BRUTE_FORCE
20,1,11.76,118.65,2631,BRUTE_FORCE
13,3,9.63,55.1,3126,BRUTE_FORCE
3,49,47.51,99.5,2500,PORT_SCAN
30,1,8.44,72.86,2764,BRUTE_FORCE
2,3,2.07,27.48,916,NORMAL
0,4,1.2,13.16,578,NORMAL
29,4,10.86,110.63,2728,BRUTE_FORCE
1,4,5.27,21.97,991,NORMAL
0,1,1.66,27.03,2064,NORMAL
16,4,13.09,64.2,2025,BRUTE_FORCE
18,4,20.39,71.83,3610,BRUTE_FORCE
13,3,10.3,63.01,4481,BRUTE_FORCE
9,3,13.7,96.98,4453,BRUTE_FORCE
2,39,37.67,194.86,6687,PORT_SCAN
1,4,2.78,23.4,1567,NORMAL
2,33,38.35,220.72,4966,PORT_SCAN
22,2,16.7,103.22,2121,BRUTE_FORCE
0,11,22.26,197.32,8148,PORT_SCAN
0,1,5.0,14.07,971,NORMAL
3,58,21.73,135.56,9866,PORT_SCAN
14,1,11.44,103.48,2655,BRUTE_FORCE
8,2,12.51,50.14,3224,BRUTE_FORCE
30,4,23.64,53.62,1968,BRUTE_FORCE
3,19,52.87,121.17,7190,PORT_SCAN
1,1,2.33,17.79,810,NORMAL
28,2,8.24,74.36,2846,BRUTE_FORCE
30,2,19.64,107.43,4678,BRUTE_FORCE
26,3,15.08,104.59,4664,BRUTE_FORCE
2,25,22.63,97.18,4355,PORT_SCAN
1,12,25.86,136.7,7595,PORT_SCAN
0,37,32.02,157.06,3053,PORT_SCAN
2,2,1.1,14.78,601,NORMAL
0,4,5.47,12.6,783,NORMAL
9,3,18.52,112.7,2220,BRUTE_FORCE
0,26,44.43,111.88,9481,PORT_SCAN
2,28,59.67,136.52,7755,PORT_SCAN
0,34,49.91,191.19,3242,PORT_SCAN
1,3,2.21,21.82,789,NORMAL
25,2,14.15,58.88,1629,BRUTE_FORCE
0,1,1.47,20.0,1577,NORMAL
20,3,13.41,61.76,1805,BRUTE_FORCE
1,13,50.7,122.84,5051,PORT_SCAN
3,54,37.07,103.42,6087,PORT_SCAN
0,3,4.14,14.38,654,NORMAL
0,2,2.27,16.71,638,NORMAL
1,4,5.21,17.33,1714,NORMAL
1,20,23.08,192.95,5813,PORT_SCAN
2,2,4.95,13.83,1774,NORMAL
3,17,23.41,177.12,9271,PORT_SCAN
25,2,14.83,50.18,4126,BRUTE_FORCE
3,39,38.38,147.64,7288,PORT_SCAN
1,37,38.14,103.41,7162,PORT_SCAN
2,3,4.56,14.22,1202,NORMAL
21,4,20.7,110.34,4459,BRUTE_FORCE
2,60,44.26,119.8,5820,PORT_SCAN
2,3,5.38,9.28,1560,NORMAL
2,4,1.45,18.06,797,NORMAL
30,4,23.24,90.45,2971,BRUTE_FORCE
14,1,9.52,44.66,4458,BRUTE_FORCE
0,4,4.94,29.62,937,NORMAL
28,1,14.85,99.98,4345,BRUTE_FORCE
2,4,1.32,17.83,1526,NORMAL
2,4,3.57,26.62,2480,NORMAL
0,28,46.62,231.68,3437,PORT_SCAN
10,1,17.72,79.26,4038,BRUTE_FORCE
10,4,16.24,88.23,4815,BRUTE_FORCE
2,4,1.65,25.17,2460,NORMAL
2,1,4.24,16.17,1054,NORMAL
1,2,1.22,27.15,1874,NORMAL
2,1,1.35,23.39,2168,NORMAL
26,3,17.64,78.77,4230,BRUTE_FORCE
1,2,3.09,27.47,1547,NORMAL
1,1,2.65,22.34,1438,NORMAL
0,2,4.43,9.24,1050,NORMAL
20,4,10.37,73.19,3268,BRUTE_FORCE
1,2,5.93,14.5,1959,NORMAL
0,56,44.13,181.84,5470,PORT_SCAN
2,23,34.83,150.37,7108,PORT_SCAN
10,4,14.86,112.51,3390,BRUTE_FORCE
0,1,4.36,19.17,1598,NORMAL
19,3,9.87,40.67,4307,BRUTE_FORCE
28,1,13.24,72.78,3844,BRUTE_FORCE
0,3,5.7,10.32,2451,NORMAL
1,29,53.63,228.76,7972,PORT_SCAN
2,55,45.88,154.39,3254,PORT_SCAN
1,12,53.75,89.05,7605,PORT_SCAN
2,13,29.46,114.83,4549,PORT_SCAN
0,4,4.31,29.41,1159,NORMAL
19,3,9.16,85.81,4318,BRUTE_FORCE
0,60,21.29,202.0,7177,PORT_SCAN
21,1,11.52,108.52,2233,BRUTE_FORCE
1,10,43.07,87.49,3016,PORT_SCAN
18,4,17.43,95.0,4371,BRUTE_FORCE
0,26,52.37,140.13,9958,PORT_SCAN
1,46,53.13,160.5,5493,PORT_SCAN
2,2,2.47,9.44,1898,NORMAL
8,1,23.64,109.56,2857,BRUTE_FORCE
2,4,2.36,28.1,1901,NORMAL
12,3,11.05,96.62,4908,BRUTE_FORCE
0,17,36.05,202.13,7150,PORT_SCAN
10,3,11.77,46.4,1654,BRUTE_FORCE
0,2,3.23,25.61,1738,NORMAL
2,3,2.12,19.72,859,NORMAL
2,51,28.13,234.9,5428,PORT_SCAN
0,4,2.38,18.67,500,NORMAL
2,52,39.05,232.58,3508,PORT_SCAN
0,4,3.53,10.21,743,NORMAL
3,26,32.01,190.85,2817,PORT_SCAN
2,4,5.54,11.42,2147,NORMAL
1,1,4.86,17.05,514,NORMAL
3,36,58.27,245.89,5061,PORT_SCAN
1,3,1.16,11.82,579,NORMAL
25,2,11.04,41.72,4952,BRUTE_FORCE
2,33,37.76,87.35,5769,PORT_SCAN
2,43,21.31,152.4,4710,PORT_SCAN
0,25,42.77,217.13,7456,PORT_SCAN
1,34,52.75,167.86,4830,PORT_SCAN
30,3,16.42,53.68,2333,BRUTE_FORCE
25,4,19.45,41.01,1923,BRUTE_FORCE
1,3,3.37,6.4,1405,NORMAL
10,2,24.98,52.65,2071,BRUTE_FORCE
2,1,5.63,17.24,943,NORMAL
1,2,2.68,6.35,1079,NORMAL
2,3,1.89,8.22,2461,NORMAL
1,4,2.84,8.0,669,NORMAL
11,2,21.39,63.99,2620,BRUTE_FORCE
1,1,5.18,14.07,1208,NORMAL
30,4,18.27,79.8,4238,BRUTE_FORCE
0,2,1.37,29.76,1216,NORMAL
15,3,13.41,92.69,1715,BRUTE_FORCE
2,54,32.8,120.67,6445,PORT_SCAN
2,4,3.48,26.57,1287,NORMAL
23,3,10.83,63.96,3285,BRUTE_FORCE
2,45,31.18,141.03,8629,PORT_SCAN
0,4,5.08,15.52,820,NORMAL
1,31,33.05,182.4,7998,PORT_SCAN
17,3,16.05,82.47,3242,BRUTE_FORCE
21,2,19.67,116.12,3864,BRUTE_FORCE
20,3,21.88,71.43,1966,BRUTE_FORCE
2,3,5.74,9.08,2169,NORMAL
1,1,3.14,10.86,2056,NORMAL
3,44,26.56,191.96,5541,PORT_SCAN
20,1,21.31,116.61,4432,BRUTE_FORCE
21,1,20.02,105.31,2996,BRUTE_FORCE
1,25,54.52,83.69,3214,PORT_SCAN
1,44,48.74,107.53,6406,PORT_SCAN
27,1,19.65,87.71,4858,BRUTE_FORCE
0,4,2.8,10.76,1591,NORMAL
20,3,11.54,74.28,3915,BRUTE_FORCE
23,2,17.62,96.31,2227,BRUTE_FORCE
15,3,22.71,67.66,2974,BRUTE_FORCE
3,49,43.99,229.22,6853,PORT_SCAN
30,2,9.73,101.8,4982,BRUTE_FORCE
0,3,2.92,5.69,2353,NORMAL
0,1,3.39,12.13,580,NORMAL
3,25,49.97,131.92,9760,PORT_SCAN
2,14,54.83,216.81,4910,PORT_SCAN
2,2,4.2,17.08,1881,NORMAL
2,19,45.89,126.2,5774,PORT_SCAN
9,1,10.35,40.11,3306,BRUTE_FORCE
0,4,3.35,7.71,790,NORMAL
1,1,4.02,11.21,1675,NORMAL
22,1,15.97,90.51,4761,BRUTE_FORCE
21,2,20.21,70.72,3136,BRUTE_FORCE
1,33,38.08,196.65,9625,PORT_SCAN
18,2,9.34,97.72,1911,BRUTE_FORCE
3,57,36.52,223.0,8376,PORT_SCAN
30,2,17.65,67.5,2738,BRUTE_FORCE
26,1,19.76,77.73,3484,BRUTE_FORCE
17,1,22.92,111.51,4876,BRUTE_FORCE
1,1,4.77,24.56,2384,NORMAL
20,4,13.83,42.11,2070,BRUTE_FORCE
1,13,56.94,200.07,7688,PORT_SCAN
1,52,52.18,136.08,4999,PORT_SCAN
13,4,14.37,71.33,4437,BRUTE_FORCE
2,1,1.23,9.08,1018,NORMAL
1,4,5.64,14.91,938,NORMAL
0,12,51.42,226.45,4670,PORT_SCAN
0,46,23.8,244.34,4454,PORT_SCAN
1,4,4.03,28.49,2312,NORMAL
2,16,20.84,195.17,5604,PORT_SCAN
2,32,23.05,136.73,5453,PORT_SCAN
0,1,4.24,8.6,2312,NORMAL
1,4,5.66,19.87,1529,NORMAL
30,1,21.08,57.41,3130,BRUTE_FORCE
2,1,4.27,18.27,831,NORMAL
3,37,37.66,201.74,3282,PORT_SCAN
14,1,18.35,60.63,4306,BRUTE_FORCE
3,19,26.39,238.68,7251,PORT_SCAN
8,4,19.17,119.66,3561,BRUTE_FORCE
3,24,44.38,96.0,2756,PORT_SCAN
1,13,47.79,180.91,8390,PORT_SCAN
12,3,13.66,67.82,1916,BRUTE_FORCE
25,3,11.68,77.82,1796,BRUTE_FORCE
2,1,1.78,11.15,1882,NORMAL
2,3,1.36,19.16,2380,NORMAL
27,3,20.29,43.45,2935,BRUTE_FORCE
0,4,4.69,20.1,1130,NORMAL
1,3,3.79,8.91,950,NORMAL
2,4,1.92,29.03,1654,NORMAL
22,1,15.74,94.76,4409,BRUTE_FORCE
1,1,2.53,22.76,2420,NORMAL
2,4,3.64,20.98,1722,NORMAL
21,3,9.7,80.3,2439,BRUTE_FORCE
1,2,2.24,10.33,1401,NORMAL
11,2,18.3,82.88,3621,BRUTE_FORCE
9,1,21.55,81.13,1658,BRUTE_FORCE
27,1,19.97,90.13,3730,BRUTE_FORCE
2,14,35.45,156.56,7004,PORT_SCAN
2,60,58.84,117.53,5990,PORT_SCAN
2,2,3.67,14.18,1799,NORMAL
0,3,5.21,22.25,759,NORMAL
0,3,4.63,26.97,2043,NORMAL
0,4,2.22,29.67,602,NORMAL
2,3,3.54,12.3,766,NORMAL
2,2,4.48,25.39,813,NORMAL
23,1,22.16,75.51,1727,BRUTE_FORCE
2,21,58.89,150.65,5786,PORT_SCAN
1,4,4.71,11.7,687,NORMAL
1,27,35.91,138.29,4909,PORT_SCAN
26,3,12.1,101.93,4475,BRUTE_FORCE
0,1,5.98,21.3,700,NORMAL
15,4,23.94,118.66,4643,BRUTE_FORCE
0,35,58.79,243.07,9963,PORT_SCAN
15,4,22.88,60.16,4827,BRUTE_FORCE
19,4,24.6,66.91,3463,BRUTE_FORCE
3,15,25.86,88.17,3659,PORT_SCAN
0,3,2.46,14.61,1464,NORMAL
1,17,58.43,236.79,3048,PORT_SCAN
29,2,22.75,42.39,4729,BRUTE_FORCE
1,1,2.93,5.22,658,NORMAL
13,4,16.61,84.69,3560,BRUTE_FORCE
2,1,2.11,5.45,2257,NORMAL
2,3,5.19,8.98,1160,NORMAL
10,4,14.39,64.67,2759,BRUTE_FORCE
2,2,5.54,21.2,2487,NORMAL
9,3,21.43,45.84,3459,BRUTE_FORCE
20,4,12.97,62.25,4481,BRUTE_FORCE
1,1,2.81,9.05,972,NORMAL
1,1,4.29,13.38,1016,NORMAL
0,2,3.38,16.64,1641,NORMAL
24,3,12.58,75.01,1741,BRUTE_FORCE
1,1,4.5,25.38,2117,NORMAL
0,42,40.18,89.66,3605,PORT_SCAN
0,1,4.36,16.3,1590,NORMAL
1,3,4.93,19.44,2215,NORMAL
1,1,5.69,28.6,2291,NORMAL
3,57,49.1,199.98,6749,PORT_SCAN
18,4,15.87,68.7,2751,BRUTE_FORCE
0,1,4.09,16.52,1512,NORMAL
0,3,3.2,10.11,939,NORMAL
1,4,2.85,27.5,2418,NORMAL
2,4,2.38,13.99,1891,NORMAL
1,19,41.45,235.58,8596,PORT_SCAN
1,1,2.34,24.1,1298,NORMAL
0,26,36.02,180.79,6142,PORT_SCAN
21,3,17.62,108.64,1890,BRUTE_FORCE
1,2,2.34,15.16,2112,NORMAL
18,2,19.59,99.03,3185,BRUTE_FORCE
2,4,3.41,21.47,1224,NORMAL
0,2,5.49,11.3,1000,NORMAL
1,47,35.97,98.49,3438,PORT_SCAN
1,54,23.96,225.73,8774,PORT_SCAN
2,1,1.71,20.11,556,NORMAL
3,14,39.7,187.41,8109,PORT_SCAN
0,2,4.65,5.24,569,NORMAL
18,2,13.68,90.66,2176,BRUTE_FORCE
15,4,12.54,73.98,3585,BRUTE_FORCE
0,1,2.67,17.21,1594,NORMAL
2,3,3.1,23.68,2339,NORMAL
2,4,3.9,6.05,1969,NORMAL
21,1,9.57,73.99,2032,BRUTE_FORCE
1,1,3.66,14.91,858,NORMAL
24,4,8.85,59.94,4974,BRUTE_FORCE
2,3,1.04,12.49,2184,NORMAL
2,41,21.19,100.48,2544,PORT_SCAN
15,4,20.28,76.91,4743,BRUTE_FORCE
2,51,21.94,151.55,4545,PORT_SCAN
27,4,20.89,48.62,2620,BRUTE_FORCE
1,15,26.72,87.74,4502,PORT_SCAN
1,11,33.1,197.24,7037,PORT_SCAN
2,22,59.23,120.6,5637,PORT_SCAN
0,17,57.26,92.56,3373,PORT_SCAN
0,2,5.5,19.57,1189,NORMAL
12,4,10.93,43.88,4573,BRUTE_FORCE
1,3,2.84,24.17,2413,NORMAL
1,12,25.92,110.03,8098,PORT_SCAN
21,2,10.45,54.01,2624,BRUTE_FORCE
1,3,2.58,26.76,933,NORMAL
0,45,56.61,205.55,4643,PORT_SCAN
2,46,34.85,219.86,5907,PORT_SCAN
2,4,4.42,11.97,2490,NORMAL
2,54,24.7,235.74,4916,PORT_SCAN
23,1,16.99,96.04,2655,BRUTE_FORCE
1,51,26.45,175.62,9475,PORT_SCAN
3,49,43.12,113.26,8082,PORT_SCAN
3,45,55.42,200.39,2629,PORT_SCAN
2,3,3.29,17.65,1679,NORMAL
22,1,12.92,99.67,4870,BRUTE_FORCE
19,1,13.84,47.12,2077,BRUTE_FORCE
2,16,25.45,99.52,8511,PORT_SCAN
2,49,48.95,89.08,7964,PORT_SCAN
2,3,5.62,28.58,2488,NORMAL
3,43,51.24,205.71,6042,PORT_SCAN
0,4,5.57,19.06,2482,NORMAL
0,2,4.02,18.22,1215,NORMAL
23,3,8.82,81.41,3651,BRUTE_FORCE
2,25,45.75,100.97,6896,PORT_SCAN
3,55,48.6,148.19,3322,PORT_SCAN
17,4,23.44,74.74,2758,BRUTE_FORCE
0,13,48.8,140.89,9367,PORT_SCAN
1,1,3.79,28.72,742,NORMAL
2,4,2.83,13.55,869,NORMAL
0,25,50.73,195.07,9769,PORT_SCAN
1,54,42.02,80.38,4103,PORT_SCAN
2,4,1.6,27.59,1835,NORMAL
0,4,1.84,15.1,946,NORMAL
2,14,51.29,211.37,9636,PORT_SCAN
0,16,47.24,245.91,6114,PORT_SCAN
0,41,33.77,204.6,7577,PORT_SCAN
2,2,1.5,14.97,2063,NORMAL
25,4,13.02,57.51,4592,BRUTE_FORCE
0,4,2.36,13.79,2162,NORMAL
20,2,11.14,43.33,4795,BRUTE_FORCE
13,3,19.11,96.2,2501,BRUTE_FORCE
0,4,5.28,21.81,1974,NORMAL
3,37,37.4,224.77,6492,PORT_SCAN
0,58,57.02,219.22,5077,PORT_SCAN
3,39,57.39,173.61,9226,PORT_SCAN
2,2,2.18,19.27,1524,NORMAL
2,12,49.19,171.16,5600,PORT_SCAN
25,3,24.4,56.61,2762,BRUTE_FORCE
1,4,4.18,14.12,1258,NORMAL
1,2,4.97,28.84,1499,NORMAL
18,1,18.77,109.87,4807,BRUTE_FORCE
1,3,5.47,7.32,1512,NORMAL
2,4,1.47,11.25,2209,NORMAL
21,2,20.0,74.3,3546,BRUTE_FORCE
2,3,1.47,26.55,1201,NORMAL
0,45,31.74,87.12,6342,PORT_SCAN
2,2,5.98,21.26,1304,NORMAL
1,4,5.01,26.6,2160,NORMAL
2,15,36.51,207.64,6534,PORT_SCAN
2,3,1.32,18.59,2431,NORMAL
3,17,25.68,112.43,5441,PORT_SCAN
0,2,1.76,23.95,2411,NORMAL
1,45,28.95,213.19,9715,PORT_SCAN
22,2,23.69,106.78,2412,BRUTE_FORCE
0,30,48.91,100.93,8523,PORT_SCAN
3,19,41.83,106.36,6779,PORT_SCAN
1,4,4.89,23.01,1574,NORMAL
2,1,4.15,5.42,947,NORMAL
1,2,5.51,29.14,2100,NORMAL
9,4,20.44,73.81,2704,BRUTE_FORCE
3,41,21.87,126.65,3476,PORT_SCAN
3,16,44.64,194.84,7102,PORT_SCAN
1,4,4.55,13.61,825,NORMAL
3,21,41.41,245.88,3294,PORT_SCAN
0,48,55.75,106.36,9982,PORT_SCAN
0,19,25.97,175.68,4989,PORT_SCAN
28,2,9.48,77.7,3766,BRUTE_FORCE
1,46,46.22,244.33,9363,PORT_SCAN
14,2,23.14,48.67,4937,BRUTE_FORCE
3,42,56.68,176.62,9560,PORT_SCAN
2,1,5.97,7.75,1814,NORMAL
1,17,57.97,156.34,3869,PORT_SCAN
1,3,2.12,19.23,2167,NORMAL
10,2,12.68,90.65,3746,BRUTE_FORCE
2,22,21.34,181.92,6725,PORT_SCAN
1,1,1.6,5.15,2175,NORMAL
2,2,2.56,9.34,1473,NORMAL
25,2,13.38,64.47,4457,BRUTE_FORCE
3,10,24.06,130.32,7647,PORT_SCAN
0,2,1.31,14.5,1020,NORMAL
2,10,42.14,174.36,3509,PORT_SCAN
2,57,39.95,150.1,8036,PORT_SCAN
2,4,1.06,21.35,1872,NORMAL
2,34,23.45,113.57,9194,PORT_SCAN
0,4,4.22,22.06,2122,NORMAL
2,14,30.24,205.55,7139,PORT_SCAN
3,39,43.75,213.48,9181,PORT_SCAN
0,18,40.9,90.35,4364,PORT_SCAN
3,41,26.63,210.38,3080,PORT_SCAN
0,42,32.77,83.46,2968,PORT_SCAN
0,3,1.22,17.27,1442,NORMAL
1,4,1.07,16.89,2224,NORMAL
2,2,2.31,26.04,829,NORMAL
1,4,3.93,29.88,1504,NORMAL
0,20,20.07,247.47,2603,PORT_SCAN
2,4,1.05,22.39,2173,NORMAL
16,2,11.61,80.98,4640,BRUTE_FORCE
1,45,38.0,84.78,4000,PORT_SCAN
10,1,8.17,71.41,4275,BRUTE_FORCE
0,2,3.59,14.89,2005,NORMAL
1,60,51.76,101.56,7855,PORT_SCAN
13,3,10.46,81.95,4610,BRUTE_FORCE
11,4,15.53,55.92,3116,BRUTE_FORCE
1,35,27.07,126.91,7476,PORT_SCAN
0,22,24.71,156.79,9619,PORT_SCAN
13,3,12.35,48.97,3927,BRUTE_FORCE
13,2,15.52,114.5,3220,BRUTE_FORCE
0,4,3.06,24.22,1383,NORMAL
17,4,18.59,87.5,1595,BRUTE_FORCE
2,1,3.09,27.9,738,NORMAL
8,3,10.06,54.86,4678,BRUTE_FORCE
2,4,3.71,17.64,1109,NORMAL
0,3,2.16,18.75,691,NORMAL
18,4,23.18,46.72,2746,BRUTE_FORCE
1,27,25.62,133.64,4351,PORT_SCAN
0,39,57.09,100.86,3661,PORT_SCAN
30,4,21.23,48.21,1521,BRUTE_FORCE
18,4,14.27,65.22,4451,BRUTE_FORCE
10,2,21.37,117.96,2917,BRUTE_FORCE
27,4,14.82,59.82,3988,BRUTE_FORCE
1,4,3.85,29.94,838,NORMAL
1,2,2.1,15.27,792,NORMAL
3,41,54.53,92.76,6176,PORT_SCAN
0,1,4.0,17.39,2381,NORMAL
2,2,5.78,11.84,2127,NORMAL
30,3,23.16,100.75,4965,BRUTE_FORCE
21,1,19.73,119.19,2042,BRUTE_FORCE
0,36,51.39,146.86,6910,PORT_SCAN
2,50,20.57,112.75,4828,PORT_SCAN
0,2,2.32,14.0,2065,NORMAL
1,4,1.85,24.55,2211,NORMAL
16,4,24.05,62.57,3347,BRUTE_FORCE
16,2,13.54,87.59,4081,BRUTE_FORCE
2,2,3.02,19.73,2278,NORMAL
3,23,28.45,98.81,4870,PORT_SCAN
0,60,45.73,134.1,6795,PORT_SCAN
1,48,52.08,117.23,4057,PORT_SCAN
1,1,4.98,15.88,753,NORMAL
0,56,32.99,162.03,6499,PORT_SCAN
22,1,11.6,117.59,4210,BRUTE_FORCE
17,4,12.8,44.23,3280,BRUTE_FORCE
10,2,24.24,83.35,4603,BRUTE_FORCE
27,3,8.48,62.58,3718,BRUTE_FORCE
1,18,49.72,94.08,5654,PORT_SCAN
3,45,47.76,136.84,4123,PORT_SCAN
2,4,4.03,26.76,1867,NORMAL
0,17,35.8,206.0,4694,PORT_SCAN
20,3,11.17,43.57,3301,BRUTE_FORCE
2,46,44.01,95.34,5961,PORT_SCAN
0,2,5.57,12.66,1456,NORMAL
2,4,5.96,8.2,2291,NORMAL
29,3,12.23,93.31,3131,BRUTE_FORCE
0,16,55.96,129.6,3398,PORT_SCAN
2,41,52.3,126.29,4816,PORT_SCAN
2,2,4.23,6.62,1960,NORMAL
0,32,55.05,216.83,6677,PORT_SCAN
24,4,23.79,44.17,2959,BRUTE_FORCE
0,60,58.53,235.51,4949,PORT_SCAN
20,4,20.3,91.05,4356,BRUTE_FORCE
0,14,32.92,161.61,7526,PORT_SCAN
1,27,43.0,229.4,3397,PORT_SCAN
0,25,28.95,229.45,6983,PORT_SCAN
2,2,4.94,7.02,2303,NORMAL
1,24,32.75,166.29,8346,PORT_SCAN
19,4,16.61,67.31,2563,BRUTE_FORCE
25,4,8.95,111.09,2649,BRUTE_FORCE
0,4,4.63,14.8,2431,NORMAL
19,1,14.25,51.35,2749,BRUTE_FORCE
2,18,48.14,246.95,3917,PORT_SCAN
21,2,17.88,65.53,2258,BRUTE_FORCE
23,1,14.93,58.7,1576,BRUTE_FORCE
1,4,1.15,14.77,882,NORMAL
1,1,5.95,18.6,1564,NORMAL
2,4,3.55,11.07,810,NORMAL
1,1,3.48,28.0,1808,NORMAL
25,1,24.5,44.48,3821,BRUTE_FORCE
20,3,11.73,119.8,3587,BRUTE_FORCE
23,3,22.1,115.91,2296,BRUTE_FORCE
2,28,39.21,198.7,8971,PORT_SCAN
0,40,55.58,165.08,9606,PORT_SCAN
3,30,57.9,249.97,9929,PORT_SCAN
2,38,26.3,249.53,6865,PORT_SCAN
1,4,4.91,14.24,1010,NORMAL
3,18,54.04,159.56,4079,PORT_SCAN
0,1,2.62,29.36,1340,NORMAL
1,1,2.57,11.92,1475,NORMAL
0,3,4.5,10.43,2040,NORMAL
2,3,3.51,18.31,961,NORMAL
1,53,49.44,139.55,8327,PORT_SCAN
1,4,2.18,7.54,849,NORMAL
18,3,11.72,85.9,2248,BRUTE_FORCE
15,2,15.49,104.92,2095,BRUTE_FORCE
15,1,23.39,108.77,1790,BRUTE_FORCE
2,25,33.64,190.88,6722,PORT_SCAN
8,2,17.96,102.83,3473,BRUTE_FORCE
10,3,22.38,88.5,2288,BRUTE_FORCE
1,2,1.27,22.15,1428,NORMAL
1,4,3.18,7.06,548,NORMAL
2,4,1.43,6.2,1275,NORMAL
0,56,49.46,96.22,9833,PORT_SCAN
0,2,2.52,13.13,1544,NORMAL
1,1,3.26,19.45,550,NORMAL
0,4,4.92,18.48,1260,NORMAL
0,3,5.67,18.98,1628,NORMAL
0,4,3.76,28.98,2244,NORMAL
22,3,19.72,98.53,1664,BRUTE_FORCE
24,4,17.07,44.65,2158,BRUTE_FORCE
12,2,8.47,45.96,4211,BRUTE_FORCE
2,11,38.71,226.15,4574,PORT_SCAN
27,2,20.87,51.23,2152,BRUTE_FORCE
1,4,1.22,9.27,1186,NORMAL
0,3,5.99,16.96,1271,NORMAL
26,3,19.51,111.06,3894,BRUTE_FORCE
18,2,9.96,63.18,2808,BRUTE_FORCE
2,3,4.87,13.07,2335,NORMAL
2,4,4.43,25.34,1282,NORMAL
2,20,53.63,229.0,3983,PORT_SCAN
1,2,3.33,20.84,2402,NORMAL
2,1,2.3,13.3,778,NORMAL
1,17,42.98,220.14,5714,PORT_SCAN
27,4,24.47,66.11,4097,BRUTE_FORCE
12,3,17.18,106.56,2153,BRUTE_FORCE
9,1,20.63,52.72,4913,BRUTE_FORCE
2,1,1.7,7.19,973,NORMAL
22,2,16.29,90.56,2745,BRUTE_FORCE
3,28,46.58,249.48,4148,PORT_SCAN
0,3,3.6,10.92,649,NORMAL
0,3,2.71,28.56,1315,NORMAL
21,1,20.51,92.29,2513,BRUTE_FORCE
30,3,24.36,74.8,4348,BRUTE_FORCE
3,48,52.37,92.68,2626,PORT_SCAN
3,21,56.56,138.37,3873,PORT_SCAN
20,2,19.14,47.65,4216,BRUTE_FORCE
3,41,26.69,176.12,9019,PORT_SCAN
1,3,1.2,8.83,1260,NORMAL
1,4,4.49,11.39,1688,NORMAL
10,1,16.57,102.36,3179,BRUTE_FORCE
13,2,12.93,83.45,4429,BRUTE_FORCE
0,4,3.32,18.42,2100,NORMAL
0,2,4.88,13.76,1437,NORMAL
0,4,1.35,11.14,1582,NORMAL
2,25,20.11,194.18,9929,PORT_SCAN
1,4,1.35,6.48,2473,NORMAL
15,2,23.17,43.27,3291,BRUTE_FORCE
1,4,4.08,28.16,2448,NORMAL
2,16,28.94,248.54,6632,PORT_SCAN
3,13,23.39,125.93,7823,PORT_SCAN
0,4,4.57,8.04,1621,NORMAL
1,2,4.95,20.95,1752,NORMAL
12,2,22.81,50.53,3218,BRUTE_FORCE
17,1,15.63,74.29,2057,BRUTE_FORCE
20,4,17.15,95.73,3586,BRUTE_FORCE
16,4,14.89,105.31,4384,BRUTE_FORCE
0,3,5.42,9.43,1104,NORMAL
3,47,42.83,193.42,5919,PORT_SCAN
13,3,10.23,108.26,3003,BRUTE_FORCE
23,4,19.8,94.22,2924,BRUTE_FORCE
0,55,54.73,169.22,8591,PORT_SCAN
2,32,48.11,126.06,4559,PORT_SCAN
2,4,2.42,6.84,1263,NORMAL
12,3,9.63,42.27,4402,BRUTE_FORCE
1,3,1.6,15.33,2268,NORMAL
23,1,13.99,55.48,3575,BRUTE_FORCE
1,3,2.01,8.18,1917,NORMAL
1,10,54.41,184.35,5592,PORT_SCAN
22,4,14.04,54.86,3976,BRUTE_FORCE
2,42,54.98,165.46,3964,PORT_SCAN
1,3,2.63,13.07,696,NORMAL
0,1,3.55,24.39,1871,NORMAL
8,3,20.48,60.14,3512,BRUTE_FORCE
20,3,20.37,43.2,4065,BRUTE_FORCE
1,4,3.42,6.71,1623,NORMAL
21,4,22.21,77.7,4269,BRUTE_FORCE
30,3,13.38,76.21,4635,BRUTE_FORCE
0,1,5.49,29.91,1531,NORMAL
2,25,34.59,120.7,4527,PORT_SCAN
1,12,47.3,134.56,9022,PORT_SCAN
1,1,1.98,16.74,754,NORMAL
0,19,38.44,98.22,3402,PORT_SCAN
23,4,12.8,89.28,3341,BRUTE_FORCE
2,53,45.98,144.49,6092,PORT_SCAN
1,12,29.78,87.29,4778,PORT_SCAN
10,2,16.37,115.23,4291,BRUTE_FORCE
0,2,1.8,24.99,657,NORMAL
0,19,46.68,225.83,3691,PORT_SCAN
1,43,37.11,176.65,7013,PORT_SCAN
1,28,51.22,211.97,6021,PORT_SCAN
13,4,14.15,48.83,3163,BRUTE_FORCE
0,2,2.81,28.1,2265,NORMAL
10,2,22.56,78.41,3829,BRUTE_FORCE
2,1,3.9,11.51,1531,NORMAL
1,4,1.42,6.34,2495,NORMAL
11,1,13.45,72.64,4298,BRUTE_FORCE
0,1,1.9,7.23,1834,NORMAL
16,1,10.68,73.87,3702,BRUTE_FORCE
0,54,31.92,231.96,6758,PORT_SCAN
25,2,8.31,64.44,2857,BRUTE_FORCE
25,4,11.32,110.24,4945,BRUTE_FORCE
0,2,2.84,7.75,1583,NORMAL
2,4,5.99,11.22,1256,NORMAL
1,2,5.37,18.48,2295,NORMAL
1,29,21.85,240.79,9910,PORT_SCAN
3,34,47.96,89.96,7339,PORT_SCAN
17,4,8.04,84.89,4681,BRUTE_FORCE
2,3,2.47,10.31,1108,NORMAL
0,46,48.84,180.71,4232,PORT_SCAN
0,1,1.22,7.92,879,NORMAL
22,2,20.72,69.24,2319,BRUTE_FORCE
3,50,47.99,204.21,7956,PORT_SCAN
0,3,2.13,5.94,2406,NORMAL
19,2,12.05,96.4,3814,BRUTE_FORCE
0,18,37.66,180.9,6206,PORT_SCAN
1,49,26.14,161.46,9152,PORT_SCAN
0,3,1.48,27.01,1815,NORMAL
11,1,14.53,75.53,4754,BRUTE_FORCE
1,3,1.56,15.87,1429,NORMAL
25,4,22.34,68.82,3208,BRUTE_FORCE
0,3,1.91,8.88,2456,NORMAL
23,4,15.78,89.9,1706,BRUTE_FORCE
13,2,24.22,50.33,4794,BRUTE_FORCE
1,44,33.91,204.51,4755,PORT_SCAN
2,1,3.85,29.94,820,NORMAL
26,3,21.55,53.89,4848,BRUTE_FORCE
30,1,21.13,88.61,3286,BRUTE_FORCE
2,2,4.23,23.37,2435,NORMAL
2,37,55.28,137.08,6650,PORT_SCAN
14,4,10.09,107.05,4470,BRUTE_FORCE
1,2,4.22,22.5,696,NORMAL
3,38,35.62,113.32,8800,PORT_SCAN
11,3,16.44,47.22,3956,BRUTE_FORCE
27,4,24.61,59.56,1689,BRUTE_FORCE
2,3,5.72,13.82,1887,NORMAL
2,4,1.36,18.96,1058,NORMAL
16,3,15.72,102.07,3572,BRUTE_FORCE
1,4,5.86,29.78,605,NORMAL
21,4,24.21,105.15,1771,BRUTE_FORCE
22,1,19.69,113.91,4726,BRUTE_FORCE
2,1,4.36,9.9,1548,NORMAL
2,4,5.83,7.14,922,NORMAL
1,4,5.34,16.61,812,NORMAL
0,53,39.33,219.38,9561,PORT_SCAN
13,2,10.98,88.76,3066,BRUTE_FORCE
2,2,1.13,20.39,1062,NORMAL
2,2,2.94,14.28,2444,NORMAL
1,3,5.12,23.39,1586,NORMAL
1,4,4.93,12.97,1352,NORMAL
0,55,59.73,194.87,7482,PORT_SCAN
1,53,50.5,186.54,8261,PORT_SCAN
9,2,8.29,118.24,2467,BRUTE_FORCE
0,17,21.88,179.64,4297,PORT_SCAN
2,1,5.04,12.44,2200,NORMAL
1,4,2.18,28.1,1389,NORMAL
1,44,31.77,105.26,4524,PORT_SCAN
2,4,1.75,12.77,2493,NORMAL
27,3,16.64,105.18,2259,BRUTE_FORCE
28,3,12.05,71.3,2074,BRUTE_FORCE
0,32,29.77,188.33,6931,PORT_SCAN
1,40,55.1,122.58,5240,PORT_SCAN
0,4,1.89,15.73,1194,NORMAL
0,1,4.02,9.45,1586,NORMAL
2,1,2.11,20.21,2072,NORMAL
3,24,32.87,150.76,8400,PORT_SCAN
14,4,11.08,64.44,4263,BRUTE_FORCE
1,3,4.84,8.61,2188,NORMAL
28,4,23.41,93.75,3577,BRUTE_FORCE
21,3,24.83,86.62,4004,BRUTE_FORCE
23,1,19.07,96.12,4582,BRUTE_FORCE
26,4,22.81,61.45,2356,BRUTE_FORCE
20,2,17.21,41.4,2156,BRUTE_FORCE
0,4,1.5,21.88,1188,NORMAL
2,12,37.99,139.26,9190,PORT_SCAN
1,1,5.71,24.41,1190,NORMAL
0,2,4.31,5.64,1208,NORMAL
1,3,3.74,8.26,2245,NORMAL
30,1,18.14,97.38,4006,BRUTE_FORCE
1,3,4.75,12.88,2340,NORMAL
0,4,4.76,15.32,1284,NORMAL
1,3,2.8,19.01,2408,NORMAL
23,2,22.25,119.37,3700,BRUTE_FORCE
3,13,45.06,189.24,8840,PORT_SCAN
13,1,13.11,71.62,2003,BRUTE_FORCE
10,4,9.34,94.62,1753,BRUTE_FORCE
2,3,2.99,21.03,1046,NORMAL
2,1,5.45,23.36,1736,NORMAL
0,4,3.17,23.59,1115,NORMAL
1,3,5.57,22.05,1910,NORMAL
1,11,44.72,172.42,3145,PORT_SCAN
0,23,56.83,144.97,3154,PORT_SCAN
2,2,2.73,23.56,2234,NORMAL
3,45,39.5,152.47,2522,PORT_SCAN
0,1,1.78,12.67,1809,NORMAL
0,3,4.61,23.57,662,NORMAL
1,46,25.5,198.31,4884,PORT_SCAN
11,1,9.3,115.07,2343,BRUTE_FORCE
3,37,51.72,109.45,7281,PORT_SCAN
30,3,9.53,95.61,4192,BRUTE_FORCE
2,54,37.79,213.85,8230,PORT_SCAN
0,56,25.02,229.84,9682,PORT_SCAN
0,3,5.14,27.79,571,NORMAL
18,2,11.65,69.82,4961,BRUTE_FORCE
1,1,4.8,16.03,947,NORMAL
18,1,10.55,43.61,3837,BRUTE_FORCE
14,4,18.63,97.92,1648,BRUTE_FORCE
22,2,9.25,105.97,3916,BRUTE_FORCE
1,37,24.59,118.22,3720,PORT_SCAN
23,2,12.71,59.88,4933,BRUTE_FORCE
1,58,48.66,234.01,7581,PORT_SCAN
2,2,1.45,12.38,2030,NORMAL
0,1,4.91,17.46,900,NORMAL
0,40,20.31,81.95,5049,PORT_SCAN
2,2,2.47,14.46,1879,NORMAL
20,3,21.88,99.66,3868,BRUTE_FORCE
1,2,3.21,16.36,1718,NORMAL
19,4,9.76,107.54,4144,BRUTE_FORCE
11,2,15.74,42.61,2142,BRUTE_FORCE
2,3,3.3,26.47,786,NORMAL
3,46,21.56,95.49,7794,PORT_SCAN
1,3,1.05,22.99,793,NORMAL
14,1,15.54,41.99,3476,BRUTE_FORCE
3,22,49.8,173.0,4339,PORT_SCAN
26,3,12.44,82.89,3812,BRUTE_FORCE
27,1,11.38,47.24,3949,BRUTE_FORCE
2,2,1.41,21.12,1545,NORMAL
0,25,41.92,193.48,4742,PORT_SCAN
2,11,33.31,246.44,4198,PORT_SCAN
1,1,5.68,14.04,1380,NORMAL
1,3,1.92,20.74,632,NORMAL
0,2,5.04,24.45,1170,NORMAL
2,52,42.81,126.26,6144,PORT_SCAN
1,51,36.34,220.53,8420,PORT_SCAN
20,2,13.88,46.38,3734,BRUTE_FORCE
12,1,19.63,40.47,1514,BRUTE_FORCE
2,60,35.9,163.15,7915,PORT_SCAN
3,26,44.18,207.71,3840,PORT_SCAN
20,4,8.34,104.07,4294,BRUTE_FORCE
18,3,23.7,104.11,2003,BRUTE_FORCE
0,34,37.52,170.08,3407,PORT_SCAN
2,4,1.25,10.43,1629,NORMAL
2,10,32.25,178.75,8838,PORT_SCAN
3,28,55.48,97.89,4353,PORT_SCAN
0,48,45.4,170.8,4505,PORT_SCAN
0,4,5.33,7.93,2162,NORMAL
2,28,48.5,244.05,4954,PORT_SCAN
2,4,5.0,12.1,514,NORMAL
0,3,3.97,25.55,1658,NORMAL
0,3,1.9,26.91,1221,NORMAL
2,4,1.42,20.04,2493,NORMAL
24,4,12.55,57.11,1767,BRUTE_FORCE
23,4,14.17,84.45,3078,BRUTE_FORCE
0,29,22.95,249.78,3425,PORT_SCAN
16,4,14.99,119.93,2020,BRUTE_FORCE
1,1,2.08,9.52,1791,NORMAL
9,3,19.06,86.68,2515,BRUTE_FORCE
0,49,21.55,171.39,9001,PORT_SCAN
2,3,1.65,28.58,561,NORMAL
9,1,19.86,87.55,4450,BRUTE_FORCE
1,57,33.74,191.27,8196,PORT_SCAN
25,4,16.21,43.68,3121,BRUTE_FORCE
3,49,20.26,225.71,2846,PORT_SCAN
2,4,3.63,22.53,1024,NORMAL
2,2,3.0,6.4,1303,NORMAL
0,3,4.55,18.61,567,NORMAL
18,2,16.49,97.6,4448,BRUTE_FORCE
1,4,5.84,24.55,1167,NORMAL
0,4,3.11,13.28,564,NORMAL
2,2,1.53,16.17,2195,NORMAL
12,1,18.64,112.66,2432,BRUTE_FORCE
1,57,36.5,113.99,9802,PORT_SCAN
0,11,57.1,142.47,7817,PORT_SCAN
20,2,11.17,49.54,3933,BRUTE_FORCE
22,2,8.46,40.2,2575,BRUTE_FORCE
11,1,24.05,119.95,3803,BRUTE_FORCE
0,3,2.76,13.58,2380,NORMAL
25,1,10.9,74.39,3157,BRUTE_FORCE
0,53,30.6,176.8,8500,PORT_SCAN
2,39,54.69,165.09,2620,PORT_SCAN
1,23,21.08,162.12,6104,PORT_SCAN
2,17,50.5,177.6,9112,PORT_SCAN
27,4,18.63,100.8,2333,BRUTE_FORCE
11,4,19.8,78.22,2437,BRUTE_FORCE
1,34,36.17,209.27,5462,PORT_SCAN
21,3,8.1,44.18,3645,BRUTE_FORCE
12,4,24.37,95.23,2409,BRUTE_FORCE
2,21,24.53,156.72,3494,PORT_SCAN
2,32,45.66,147.95,9411,PORT_SCAN
1,4,3.06,16.16,1268,NORMAL
23,2,21.97,99.4,3176,BRUTE_FORCE
2,49,42.06,242.06,6108,PORT_SCAN
27,1,9.88,107.22,4946,BRUTE_FORCE
25,2,12.64,85.11,2579,BRUTE_FORCE
9,3,16.38,96.32,3982,BRUTE_FORCE
22,1,16.69,71.13,3539,BRUTE_FORCE
9,2,23.39,102.67,4866,BRUTE_FORCE
12,1,14.9,97.14,1938,BRUTE_FORCE
1,46,51.69,105.66,3423,PORT_SCAN
3,38,31.06,177.59,4374,PORT_SCAN
16,4,19.71,52.04,1884,BRUTE_FORCE
24,3,21.53,116.09,3335,BRUTE_FORCE
2,4,2.72,13.5,2091,NORMAL
22,3,12.69,106.02,2441,BRUTE_FORCE
1,31,34.17,155.84,9056,PORT_SCAN
24,4,22.66,102.64,2422,BRUTE_FORCE
2,49,54.24,153.25,9796,PORT_SCAN
25,1,10.14,58.61,3787,BRUTE_FORCE
18,3,14.63,113.79,3981,BRUTE_FORCE
0,4,5.45,6.11,732,NORMAL
12,1,12.77,94.61,2623,BRUTE_FORCE
1,21,44.44,188.58,5821,PORT_SCAN
25,2,8.05,62.26,2400,BRUTE_FORCE
0,4,5.66,11.22,1889,NORMAL
18,3,15.76,99.31,4399,BRUTE_FORCE
0,33,22.19,144.77,5166,PORT_SCAN
3,32,57.1,167.4,7957,PORT_SCAN
0,2,4.61,16.92,502,NORMAL
1,2,2.02,10.4,2486,NORMAL
11,4,24.42,43.36,4354,BRUTE_FORCE
1,3,1.58,11.32,1199,NORMAL
12,1,15.96,102.14,3474,BRUTE_FORCE
1,2,2.39,28.98,2443,NORMAL
1,1,1.2,15.6,849,NORMAL
24,4,15.69,71.73,2473,BRUTE_FORCE
2,54,27.31,229.97,4851,PORT_SCAN
2,10,57.66,186.52,8990,PORT_SCAN
0,23,20.91,246.6,7608,PORT_SCAN
2,1,5.25,23.32,1728,NORMAL
0,4,2.02,5.95,2391,NORMAL
29,4,9.15,41.41,3896,BRUTE_FORCE
1,32,48.3,191.01,3745,PORT_SCAN
12,1,17.52,42.03,1889,BRUTE_FORCE
2,32,43.31,106.85,3996,PORT_SCAN
21,1,17.75,119.33,4999,BRUTE_FORCE
18,1,11.02,61.11,1815,BRUTE_FORCE
2,2,1.78,11.27,1202,NORMAL
18,2,17.11,92.83,3365,BRUTE_FORCE
0,4,1.17,23.46,1138,NORMAL
1,36,43.87,179.55,3779,PORT_SCAN
17,1,17.7,85.53,2390,BRUTE_FORCE
23,4,18.7,57.65,3286,BRUTE_FORCE
0,1,2.45,17.08,1042,NORMAL
0,3,2.82,17.62,2315,NORMAL
3,27,40.02,163.95,3158,PORT_SCAN
1,25,39.11,236.65,5460,PORT_SCAN
19,1,16.59,55.03,2078,BRUTE_FORCE
21,3,21.83,55.85,1703,BRUTE_FORCE
12,1,13.02,44.25,3405,BRUTE_FORCE
2,3,3.04,28.03,643,NORMAL
11,4,24.42,76.61,3278,BRUTE_FORCE
1,53,47.85,117.82,9649,PORT_SCAN
28,1,16.33,63.95,3876,BRUTE_FORCE
0,14,55.8,202.64,7355,PORT_SCAN
0,4,3.27,12.4,2174,NORMAL
24,3,15.26,98.2,4291,BRUTE_FORCE
15,2,9.09,91.39,2224,BRUTE_FORCE
15,3,17.8,103.28,4633,BRUTE_FORCE
1,27,20.17,236.07,3615,PORT_SCAN
16,1,18.28,112.78,4277,BRUTE_FORCE
2,2,2.99,28.53,1546,NORMAL
2,2,2.29,26.93,2274,NORMAL
17,1,11.11,95.47,3592,BRUTE_FORCE
1,3,4.42,21.25,2427,NORMAL
1,4,3.52,26.49,799,NORMAL
0,2,5.69,29.05,740,NORMAL
9,3,22.73,105.86,3513,BRUTE_FORCE
20,2,15.29,65.86,1992,BRUTE_FORCE
24,3,16.51,45.6,2573,BRUTE_FORCE
2,3,1.45,24.34,1028,NORMAL
2,14,22.88,130.98,7525,PORT_SCAN
1,10,22.44,83.09,6751,PORT_SCAN
2,4,2.93,11.48,1694,NORMAL
1,4,1.13,14.51,867,NORMAL
0,54,50.69,101.91,8148,PORT_SCAN
20,4,24.88,76.26,2576,BRUTE_FORCE
2,2,1.34,29.48,1746,NORMAL
1,2,4.78,26.86,1116,NORMAL
29,4,24.77,110.37,1830,BRUTE_FORCE
2,4,3.84,10.22,995,NORMAL
1,2,3.36,7.56,2460,NORMAL
2,15,28.15,128.3,9339,PORT_SCAN
0,4,2.35,25.92,1442,NORMAL
2,14,37.48,197.32,4514,PORT_SCAN
20,1,21.38,75.41,4282,BRUTE_FORCE
1,2,2.82,24.44,1470,NORMAL
1,1,4.02,10.67,1674,NORMAL
17,2,18.56,42.45,2388,BRUTE_FORCE
18,3,20.94,70.33,4580,BRUTE_FORCE
0,57,29.07,191.69,9978,PORT_SCAN
0,1,5.76,26.37,1638,NORMAL
0,2,1.75,28.31,548,NORMAL
2,2,4.5,19.02,816,NORMAL
0,1,2.08,26.13,1296,NORMAL
3,50,58.76,130.65,9995,PORT_SCAN
26,1,19.72,42.48,4778,BRUTE_FORCE
0,54,28.2,104.51,8565,PORT_SCAN
17,4,17.86,102.65,4355,BRUTE_FORCE
28,2,15.24,62.8,3084,BRUTE_FORCE
0,1,4.25,9.0,1693,NORMAL
25,1,13.75,69.26,2480,BRUTE_FORCE
0,47,22.1,219.53,7322,PORT_SCAN
14,1,21.54,52.4,4465,BRUTE_FORCE
2,2,1.37,16.28,1186,NORMAL
1,20,27.73,85.48,8763,PORT_SCAN
0,2,3.7,28.87,1170,NORMAL
2,1,1.53,16.92,1460,NORMAL
29,1,21.85,104.31,2170,BRUTE_FORCE
3,20,56.79,168.3,4162,PORT_SCAN
11,2,18.91,63.25,3241,BRUTE_FORCE
0,33,57.68,110.46,8587,PORT_SCAN
1,44,50.82,233.99,9935,PORT_SCAN
0,29,48.06,113.88,3268,PORT_SCAN
1,55,37.96,171.95,5683,PORT_SCAN
15,4,15.12,79.77,3686,BRUTE_FORCE
14,3,22.38,70.09,2849,BRUTE_FORCE
1,2,1.13,7.44,1784,NORMAL
0,46,46.6,246.94,3729,PORT_SCAN
2,3,4.88,8.58,2285,NORMAL
11,3,14.26,72.28,3523,BRUTE_FORCE
28,3,11.17,92.2,2408,BRUTE_FORCE
2,1,5.04,13.6,795,NORMAL
0,1,4.71,9.45,2173,NORMAL
29,4,16.96,64.67,2403,BRUTE_FORCE
12,1,14.36,95.18,2546,BRUTE_FORCE
2,34,45.06,223.21,7177,PORT_SCAN
2,51,26.55,219.68,4356,PORT_SCAN
10,4,9.64,107.8,3972,BRUTE_FORCE
1,2,3.9,24.97,1681,NORMAL
3,36,48.46,137.8,5322,PORT_SCAN
0,11,45.13,235.03,9102,PORT_SCAN
26,1,8.51,45.8,3017,BRUTE_FORCE
1,46,53.93,132.15,8225,PORT_SCAN
0,2,3.36,20.01,680,NORMAL
27,2,13.11,88.26,4347,BRUTE_FORCE
2,15,28.55,236.63,4036,PORT_SCAN
1,3,4.39,27.95,1933,NORMAL
18,4,20.16,94.16,4367,BRUTE_FORCE
26,3,15.17,75.18,2114,BRUTE_FORCE
2,47,27.13,94.56,7291,PORT_SCAN
3,35,25.3,96.82,5143,PORT_SCAN
9,1,11.2,100.94,4466,BRUTE_FORCE
0,17,54.85,117.75,6829,PORT_SCAN
25,2,14.63,42.02,2213,BRUTE_FORCE
1,2,2.73,28.52,2332,NORMAL
22,2,23.5,96.37,4152,BRUTE_FORCE
2,4,1.02,28.65,1517,NORMAL
1,10,59.68,104.81,8325,PORT_SCAN
0,49,48.52,159.98,5229,PORT_SCAN
1,41,42.53,231.39,5067,PORT_SCAN
30,1,9.15,48.12,4847,BRUTE_FORCE
2,1,5.85,26.55,674,NORMAL
28,4,15.36,41.35,4257,BRUTE_FORCE
2,1,1.28,19.85,2330,NORMAL
15,3,23.67,108.28,4429,BRUTE_FORCE
3,59,40.67,179.69,9417,PORT_SCAN
1,50,57.06,246.49,3608,PORT_SCAN
1,4,1.4,29.1,2291,NORMAL
0,45,48.72,100.97,8963,PORT_SCAN
27,2,18.62,44.05,4529,BRUTE_FORCE
3,26,44.89,139.3,9393,PORT_SCAN
1,4,4.53,13.34,1759,NORMAL
1,1,4.61,11.46,1691,NORMAL
18,4,21.95,59.15,3496,BRUTE_FORCE
24,4,11.41,49.03,2066,BRUTE_FORCE
27,1,13.57,67.04,3378,BRUTE_FORCE
1,3,2.15,22.53,1832,NORMAL
25,4,11.23,94.66,4636,BRUTE_FORCE
1,13,36.47,235.1,4014,PORT_SCAN
2,55,26.57,153.22,5059,PORT_SCAN
1,27,53.24,136.02,8069,PORT_SCAN
2,54,20.75,135.49,9307,PORT_SCAN
25,2,10.18,78.02,3751,BRUTE_FORCE
18,4,23.9,112.99,4977,BRUTE_FORCE
2,13,45.69,208.43,3450,PORT_SCAN
13,4,17.54,111.12,2931,BRUTE_FORCE
1,3,2.06,21.48,1341,NORMAL
3,45,48.09,239.8,8455,PORT_SCAN
0,4,4.3,18.01,1149,NORMAL
1,49,41.4,109.7,3774,PORT_SCAN
8,2,16.63,93.72,3748,BRUTE_FORCE
15,3,15.62,116.26,2360,BRUTE_FORCE
1,4,4.0,5.94,1014,NORMAL
3,56,27.42,83.18,9519,PORT_SCAN
24,3,8.41,72.27,4770,BRUTE_FORCE
3,27,45.94,194.65,7857,PORT_SCAN
2,3,1.96,20.76,2106,NORMAL
0,16,35.86,136.78,7482,PORT_SCAN
28,1,8.08,61.88,4617,BRUTE_FORCE
1,2,2.1,8.34,813,NORMAL
3,22,34.71,241.01,6109,PORT_SCAN
2,49,57.8,133.34,9928,PORT_SCAN
2,58,56.37,189.77,8902,PORT_SCAN
2,4,2.65,24.3,1712,NORMAL
0,32,34.42,132.7,3034,PORT_SCAN
14,3,14.86,41.69,4104,BRUTE_FORCE
0,4,2.37,22.22,880,NORMAL
0,27,55.2,217.5,6377,PORT_SCAN
21,4,23.97,102.65,3363,BRUTE_FORCE
1,4,2.34,7.23,1319,NORMAL
1,4,2.0,6.27,1375,NORMAL
8,1,23.5,56.7,1608,BRUTE_FORCE
10,2,24.36,98.81,1988,BRUTE_FORCE
1,2,4.48,22.34,2278,NORMAL
3,33,28.2,155.01,6831,PORT_SCAN
12,4,11.27,83.51,4874,BRUTE_FORCE
1,3,4.0,25.27,622,NORMAL
0,4,5.24,22.59,1293,NORMAL
30,1,18.99,110.89,2586,BRUTE_FORCE
21,1,14.51,41.96,3360,BRUTE_FORCE
1,18,49.94,241.72,4023,PORT_SCAN
12,3,18.68,97.53,1526,BRUTE_FORCE
0,3,4.22,11.2,1730,NORMAL
2,45,45.67,209.11,8611,PORT_SCAN
2,10,29.95,225.88,4582,PORT_SCAN
2,27,26.4,234.09,5645,PORT_SCAN
1,4,3.51,28.94,1422,NORMAL
28,2,19.74,112.15,1877,BRUTE_FORCE
14,4,8.42,94.76,2911,BRUTE_FORCE
0,3,5.11,22.03,2259,NORMAL
16,3,22.45,118.5,3674,BRUTE_FORCE
1,1,1.33,20.73,726,NORMAL
0,23,41.7,173.39,4720,PORT_SCAN
1,13,29.78,237.19,3450,PORT_SCAN
2,44,50.49,177.23,6987,PORT_SCAN
8,4,9.3,45.41,1562,BRUTE_FORCE
3,16,49.78,143.35,3565,PORT_SCAN
0,23,37.42,188.54,3705,PORT_SCAN
2,4,4.27,7.31,802,NORMAL
25,1,12.3,99.77,4806,BRUTE_FORCE
12,4,16.04,78.15,4642,BRUTE_FORCE
3,22,55.34,172.07,2530,PORT_SCAN
1,3,4.67,23.81,2393,NORMAL
0,4,5.88,6.46,1965,NORMAL
2,60,22.71,131.05,7005,PORT_SCAN
3,22,41.81,122.55,2649,PORT_SCAN
15,4,14.61,103.42,4135,BRUTE_FORCE
0,16,50.46,222.11,9300,PORT_SCAN
0,1,5.46,11.16,2413,NORMAL
1,44,28.25,186.3,7524,PORT_SCAN
8,1,17.86,109.33,1769,BRUTE_FORCE
1,3,1.43,16.42,1255,NORMAL
1,59,53.2,80.69,3281,PORT_SCAN
2,32,23.2,243.36,3806,PORT_SCAN
2,2,1.43,14.31,2045,NORMAL
30,3,19.65,84.63,3283,BRUTE_FORCE
0,42,41.02,133.03,4620,PORT_SCAN
0,39,26.49,239.38,5104,PORT_SCAN
19,2,22.28,91.46,1743,BRUTE_FORCE
3,44,32.55,129.67,7620,PORT_SCAN
0,46,37.16,239.7,5698,PORT_SCAN
2,20,29.03,207.83,2550,PORT_SCAN
0,2,3.34,10.76,1947,NORMAL
1,1,2.1,27.88,839,NORMAL
2,1,4.31,17.59,2495,NORMAL
2,51,44.96,87.47,9753,PORT_SCAN
3,46,53.33,164.88,7862,PORT_SCAN
0,4,3.19,15.49,840,NORMAL
0,3,2.19,5.94,1784,NORMAL
2,12,54.35,89.34,4959,PORT_SCAN
26,3,12.82,111.25,2619,BRUTE_FORCE
2,53,24.88,227.38,9525,PORT_SCAN
13,4,14.43,53.71,1643,BRUTE_FORCE
0,17,35.84,112.58,2808,PORT_SCAN
0,2,1.6,24.63,1039,NORMAL
0,27,23.79,230.91,8185,PORT_SCAN
13,1,15.27,108.02,2340,BRUTE_FORCE
0,39,45.05,143.2,2541,PORT_SCAN
12,1,14.86,78.43,1922,BRUTE_FORCE
0,12,56.88,115.03,8147,PORT_SCAN
17,3,9.04,77.85,2192,BRUTE_FORCE
30,1,8.68,113.78,2748,BRUTE_FORCE
3,42,39.51,208.76,9377,PORT_SCAN
1,30,43.95,216.45,7291,PORT_SCAN
1,4,4.55,16.27,883,NORMAL
2,50,45.16,144.18,5549,PORT_SCAN
3,39,41.66,210.75,9915,PORT_SCAN
2,53,44.71,177.07,5822,PORT_SCAN
1,3,1.62,23.91,2427,NORMAL
0,2,2.01,22.73,1718,NORMAL
24,1,11.78,63.18,3115,BRUTE_FORCE
22,3,17.66,95.69,3001,BRUTE_FORCE
2,1,3.86,8.19,1141,NORMAL
0,3,3.22,13.79,1695,NORMAL
2,1,4.35,27.27,2340,NORMAL
3,35,31.6,182.31,3001,PORT_SCAN
2,4,2.9,10.22,2488,NORMAL
3,27,30.86,164.35,3878,PORT_SCAN
2,42,49.24,152.1,6398,PORT_SCAN
1,1,1.05,11.65,2456,NORMAL
24,4,15.42,88.98,4496,BRUTE_FORCE
2,33,53.43,195.15,3163,PORT_SCAN
0,50,53.06,131.2,5930,PORT_SCAN
1,1,1.55,20.87,1831,NORMAL
0,13,25.5,164.78,4154,PORT_SCAN
24,3,22.33,83.82,2785,BRUTE_FORCE
13,1,21.88,77.47,2782,BRUTE_FORCE
2,2,2.86,14.31,679,NORMAL
10,2,22.03,80.12,4485,BRUTE_FORCE
0,4,1.75,7.25,1547,NORMAL
0,4,1.22,23.62,1944,NORMAL
2,1,3.21,7.48,1105,NORMAL
2,3,4.27,22.74,1234,NORMAL
1,14,30.3,231.99,7633,PORT_SCAN
1,23,54.67,99.51,4277,PORT_SCAN
1,50,21.15,142.02,2690,PORT_SCAN
22,3,13.89,96.6,3643,BRUTE_FORCE
1,12,39.04,127.1,3868,PORT_SCAN
1,3,1.68,17.72,1432,NORMAL
30,2,20.95,78.47,2311,BRUTE_FORCE
13,1,21.9,48.51,3536,BRUTE_FORCE
2,37,55.59,154.26,3719,PORT_SCAN
0,1,4.87,24.08,1188,NORMAL
3,18,21.33,184.19,6061,PORT_SCAN
0,30,45.66,170.16,6723,PORT_SCAN
1,14,55.79,216.41,8063,PORT_SCAN
0,1,4.93,20.75,2381,NORMAL
11,3,16.71,86.02,4962,BRUTE_FORCE
0,20,22.22,121.9,9881,PORT_SCAN
29,3,21.71,102.26,2504,BRUTE_FORCE
2,2,5.77,15.62,1751,NORMAL
15,1,22.9,100.57,2774,BRUTE_FORCE
2,3,4.42,11.23,743,NORMAL
1,4,2.54,19.08,2061,NORMAL
18,3,9.42,73.06,3343,BRUTE_FORCE
2,2,4.25,16.41,2395,NORMAL
0,3,5.72,7.42,1108,NORMAL
1,2,3.22,7.33,956,NORMAL
1,3,5.98,9.66,1198,NORMAL
2,2,1.18,25.87,1289,NORMAL
3,29,29.17,205.39,6130,PORT_SCAN
15,1,17.58,75.2,3383,BRUTE_FORCE
8,2,18.79,106.83,2474,BRUTE_FORCE
2,4,1.78,28.65,1265,NORMAL
14,4,12.43,113.75,3617,BRUTE_FORCE
2,3,2.44,18.89,2138,NORMAL
14,2,10.41,52.91,4416,BRUTE_FORCE
23,3,16.71,45.96,1718,BRUTE_FORCE
3,11,40.55,169.37,6687,PORT_SCAN
2,2,5.66,14.22,543,NORMAL
0,3,4.29,11.13,611,NORMAL
1,4,2.81,8.87,1834,NORMAL
2,2,3.91,22.1,914,NORMAL
23,2,23.34,63.47,2166,BRUTE_FORCE
13,4,15.88,117.32,4710,BRUTE_FORCE
16,2,20.87,67.28,4896,BRUTE_FORCE
1,2,1.69,22.65,1544,NORMAL
29,3,8.25,66.8,3332,BRUTE_FORCE
1,47,52.23,184.45,6237,PORT_SCAN
2,15,28.66,183.11,6361,PORT_SCAN
2,4,4.1,21.46,1925,NORMAL
2,2,1.32,15.19,1611,NORMAL
1,1,4.13,5.26,1228,NORMAL
1,12,21.76,82.06,3589,PORT_SCAN
29,1,24.66,73.32,2622,BRUTE_FORCE
23,2,21.01,87.66,3878,BRUTE_FORCE
1,2,2.33,10.2,720,NORMAL
27,4,13.11,115.46,3181,BRUTE_FORCE
1,4,5.27,28.84,1358,NORMAL
20,4,9.32,95.76,2723,BRUTE_FORCE
10,1,15.24,46.2,2021,BRUTE_FORCE
23,4,13.42,53.64,2969,BRUTE_FORCE
23,2,22.4,68.01,3778,BRUTE_FORCE
1,10,30.97,198.23,5143,PORT_SCAN
1,1,3.04,22.49,1642,NORMAL
9,2,24.18,75.94,3126,BRUTE_FORCE
2,4,4.41,20.52,2170,NORMAL
28,3,9.42,116.57,4046,BRUTE_FORCE
30,4,15.64,113.03,2095,BRUTE_FORCE
1,2,4.01,6.9,1014,NORMAL
13,2,21.62,51.07,2524,BRUTE_FORCE
1,2,2.94,8.92,890,NORMAL
14,4,13.57,51.73,2295,BRUTE_FORCE
2,2,1.22,17.81,2170,NORMAL
27,1,24.45,104.99,3253,BRUTE_FORCE
2,4,1.89,17.3,794,NORMAL
1,2,3.96,14.94,2409,NORMAL
15,4,19.41,110.58,4765,BRUTE_FORCE
3,20,20.19,121.85,4314,PORT_SCAN
1,4,2.51,25.33,1763,NORMAL
14,1,20.55,85.51,2390,BRUTE_FORCE
2,2,3.07,7.4,2277,NORMAL
3,38,53.18,211.88,3681,PORT_SCAN
26,4,10.04,65.55,2106,BRUTE_FORCE
8,1,17.02,107.25,2483,BRUTE_FORCE
30,3,9.07,40.97,1513,BRUTE_FORCE
12,4,9.87,49.53,3304,BRUTE_FORCE
12,1,18.85,86.35,1923,BRUTE_FORCE
28,4,11.93,70.46,4406,BRUTE_FORCE
1,38,46.39,172.81,7065,PORT_SCAN
30,2,11.21,51.86,2763,BRUTE_FORCE
2,25,37.76,213.0,3468,PORT_SCAN
2,2,3.45,5.77,2276,NORMAL
0,4,5.65,19.37,1034,NORMAL
1,3,2.2,29.97,532,NORMAL
2,4,2.9,7.88,1884,NORMAL
1,47,40.49,101.64,6950,PORT_SCAN
2,42,22.24,115.06,7985,PORT_SCAN
1,55,37.78,227.03,5620,PORT_SCAN
2,55,37.66,166.0,8501,PORT_SCAN
19,4,10.06,57.46,1804,BRUTE_FORCE
1,2,5.5,25.29,1178,NORMAL
0,3,4.93,18.0,1311,NORMAL
23,1,20.48,63.51,2299,BRUTE_FORCE
1,48,27.99,124.71,6785,PORT_SCAN
29,2,9.7,66.34,4089,BRUTE_FORCE
2,38,51.73,123.97,5017,PORT_SCAN
2,13,38.37,115.92,3614,PORT_SCAN
3,12,30.44,242.35,3970,PORT_SCAN
3,39,43.98,229.06,5601,PORT_SCAN
1,4,4.9,11.73,2410,NORMAL
2,4,4.5,14.31,2495,NORMAL
26,3,17.94,106.39,1776,BRUTE_FORCE
2,4,5.33,16.16,1491,NORMAL
0,26,58.49,140.37,9731,PORT_SCAN
14,4,16.45,89.91,2244,BRUTE_FORCE
2,2,2.76,19.69,1768,NORMAL
0,52,50.93,162.61,5123,PORT_SCAN
1,1,2.85,24.73,2005,NORMAL
0,3,2.42,23.57,2156,NORMAL
2,41,51.6,173.53,3097,PORT_SCAN
2,3,1.34,9.88,915,NORMAL
25,4,21.61,49.84,2027,BRUTE_FORCE
3,57,31.46,248.77,3858,PORT_SCAN
1,1,5.09,10.06,1855,NORMAL
0,44,43.76,86.51,9047,PORT_SCAN
1,1,1.47,26.61,1758,NORMAL
12,2,13.15,119.07,3651,BRUTE_FORCE
3,56,36.54,221.33,7911,PORT_SCAN
13,3,23.3,54.07,4557,BRUTE_FORCE
1,26,57.34,225.43,9717,PORT_SCAN
1,25,51.55,172.09,3288,PORT_SCAN
28,4,22.1,43.53,2866,BRUTE_FORCE
25,4,15.63,92.22,1729,BRUTE_FORCE
1,1,4.98,14.32,1231,NORMAL
2,29,54.65,191.75,6709,PORT_SCAN
0,16,59.97,225.56,4475,PORT_SCAN
28,1,22.29,74.7,1886,BRUTE_FORCE
11,4,9.08,40.23,1553,BRUTE_FORCE
1,42,48.67,158.02,4152,PORT_SCAN
0,2,1.19,22.2,1756,NORMAL
0,3,3.46,7.23,882,NORMAL
0,35,42.91,126.29,8840,PORT_SCAN
1,3,2.14,13.64,1705,NORMAL
0,4,4.61,25.9,1743,NORMAL
19,4,8.21,49.71,2543,BRUTE_FORCE
30,3,14.61,98.17,2914,BRUTE_FORCE
0,4,4.41,25.86,1452,NORMAL
13,2,14.09,117.15,2944,BRUTE_FORCE
2,23,35.15,179.06,7882,PORT_SCAN
0,4,4.23,7.47,1264,NORMAL
17,1,13.36,107.05,4286,BRUTE_FORCE
1,17,49.97,142.08,9138,PORT_SCAN
3,35,56.37,178.71,8542,PORT_SCAN
0,3,1.8,5.07,981,NORMAL
0,33,54.64,85.64,3114,PORT_SCAN
2,50,57.98,98.27,4839,PORT_SCAN
1,48,37.91,165.65,3642,PORT_SCAN
2,3,4.61,28.57,2376,NORMAL
23,1,17.17,86.86,1793,BRUTE_FORCE
3,49,22.14,141.04,2578,PORT_SCAN
0,2,5.43,22.97,1195,NORMAL
2,34,47.6,161.3,5954,PORT_SCAN
2,2,2.44,6.19,1674,NORMAL
23,4,9.68,118.51,3423,BRUTE_FORCE
11,2,10.37,99.23,3978,BRUTE_FORCE
3,35,46.09,113.34,7546,PORT_SCAN
26,3,14.28,119.01,4621,BRUTE_FORCE
2,28,23.7,211.31,5315,PORT_SCAN
0,1,2.47,9.81,1278,NORMAL
3,18,30.38,216.84,6196,PORT_SCAN
1,34,26.61,103.25,5046,PORT_SCAN
21,1,8.53,90.48,2335,BRUTE_FORCE
1,2,5.01,16.47,838,NORMAL
28,2,12.33,76.12,4294,BRUTE_FORCE
2,2,3.45,28.73,1395,NORMAL
0,2,1.7,23.99,2327,NORMAL
26,1,16.94,85.66,3205,BRUTE_FORCE
25,2,9.9,118.28,4469,BRUTE_FORCE
2,2,2.75,9.67,2009,NORMAL
2,55,42.06,130.03,8604,PORT_SCAN
2,55,25.16,152.98,3916,PORT_SCAN
2,54,54.46,243.57,4550,PORT_SCAN
18,3,20.06,84.0,2689,BRUTE_FORCE
11,1,11.48,92.32,4634,BRUTE_FORCE
30,4,24.3,65.87,2338,BRUTE_FORCE
2,3,1.55,6.66,2210,NORMAL
2,1,3.98,23.11,945,NORMAL
3,44,41.45,119.12,3184,PORT_SCAN
29,1,10.86,49.43,3267,BRUTE_FORCE
0,12,30.41,84.91,7174,PORT_SCAN
1,2,4.23,14.77,896,NORMAL
2,3,4.77,8.16,1561,NORMAL
0,4,1.05,16.22,1811,NORMAL
10,4,9.51,112.86,4287,BRUTE_FORCE
24,2,12.12,63.24,2578,BRUTE_FORCE
2,47,41.6,99.03,2803,PORT_SCAN
3,33,37.72,152.53,8997,PORT_SCAN
1,4,5.22,15.17,749,NORMAL
25,2,21.53,49.02,4501,BRUTE_FORCE
30,1,8.27,51.67,3493,BRUTE_FORCE
15,3,12.98,102.92,2039,BRUTE_FORCE
0,32,29.65,191.71,3349,PORT_SCAN
2,40,53.56,96.37,8599,PORT_SCAN
15,3,21.76,92.87,3658,BRUTE_FORCE
2,23,47.5,225.0,6640,PORT_SCAN
2,1,5.77,8.17,2381,NORMAL
1,37,21.54,148.55,6297,PORT_SCAN
28,4,14.37,91.61,4825,BRUTE_FORCE
22,1,22.4,80.58,3326,BRUTE_FORCE
2,29,31.0,156.25,7005,PORT_SCAN
0,51,39.68,160.38,2914,PORT_SCAN
1,2,5.65,26.21,1159,NORMAL
24,1,15.36,98.13,3473,BRUTE_FORCE
29,1,15.35,90.9,2256,BRUTE_FORCE
3,28,41.3,158.25,7494,PORT_SCAN
1,4,4.39,29.04,1898,NORMAL
26,4,9.33,44.47,4657,BRUTE_FORCE
11,2,11.11,54.67,3180,BRUTE_FORCE
2,11,25.45,224.67,9729,PORT_SCAN
16,1,9.55,114.17,1652,BRUTE_FORCE
0,4,4.08,16.06,944,NORMAL
11,4,24.44,77.85,3694,BRUTE_FORCE
2,59,55.59,135.86,8316,PORT_SCAN
0,1,1.62,27.75,1059,NORMAL
19,3,17.38,83.47,3365,BRUTE_FORCE
1,2,5.44,21.67,1246,NORMAL
1,4,5.78,24.32,2489,NORMAL
0,53,28.17,185.46,5701,PORT_SCAN
0,4,2.08,10.24,891,NORMAL
1,41,58.01,142.12,5713,PORT_SCAN
2,1,1.51,19.11,719,NORMAL
8,1,9.08,45.11,4672,BRUTE_FORCE
1,22,30.53,229.29,7213,PORT_SCAN
2,4,3.06,28.45,1750,NORMAL
2,55,26.56,119.55,4396,PORT_SCAN
3,37,46.59,135.61,6599,PORT_SCAN
1,4,1.36,6.5,1400,NORMAL
20,2,24.35,110.45,4602,BRUTE_FORCE
0,1,5.69,6.24,1794,NORMAL
1,54,33.19,146.53,2530,PORT_SCAN
0,42,49.82,138.8,3300,PORT_SCAN
21,3,11.37,77.59,3603,BRUTE_FORCE
20,2,8.02,88.2,1535,BRUTE_FORCE
2,41,33.23,157.1,7307,PORT_SCAN
0,54,48.87,88.2,5585,PORT_SCAN
12,1,23.31,112.29,2535,BRUTE_FORCE
18,4,16.52,68.68,4171,BRUTE_FORCE
0,4,4.02,21.29,1548,NORMAL
22,4,9.06,106.63,3095,BRUTE_FORCE
2,45,25.09,151.48,5605,PORT_SCAN
29,4,22.49,119.24,3010,BRUTE_FORCE
1,18,30.43,143.15,3111,PORT_SCAN
3,41,23.5,161.46,8580,PORT_SCAN
2,11,21.32,81.96,2723,PORT_SCAN
2,14,31.6,80.45,7707,PORT_SCAN
30,4,10.16,90.7,4637,BRUTE_FORCE
3,50,56.2,219.56,4766,PORT_SCAN
2,4,2.99,26.11,872,NORMAL
2,50,53.37,160.33,7856,PORT_SCAN
0,4,4.8,6.27,911,NORMAL
2,3,1.36,24.15,1141,NORMAL
1,4,5.07,22.89,1357,NORMAL
12,4,16.38,47.39,4750,BRUTE_FORCE
0,17,26.31,167.78,8788,PORT_SCAN
27,1,23.2,116.39,4701,BRUTE_FORCE
19,4,17.21,61.14,3920,BRUTE_FORCE
1,2,2.2,20.37,2425,NORMAL
0,47,47.27,237.46,9192,PORT_SCAN
0,14,22.58,194.82,5707,PORT_SCAN
27,3,17.56,67.15,2530,BRUTE_FORCE
3,20,27.69,202.42,3497,PORT_SCAN
22,3,12.54,94.42,4280,BRUTE_FORCE
3,59,22.27,102.39,2981,PORT_SCAN
14,2,21.78,96.52,4934,BRUTE_FORCE
0,1,3.1,19.1,1243,NORMAL
29,2,15.09,85.83,3246,BRUTE_FORCE
3,19,31.73,225.95,4781,PORT_SCAN
22,4,19.51,93.41,4817,BRUTE_FORCE
0,47,52.38,215.52,8812,PORT_SCAN
1,3,1.94,28.14,701,NORMAL
2,1,3.82,6.85,1828,NORMAL
13,1,15.67,110.41,2958,BRUTE_FORCE
0,1,1.18,13.72,1623,NORMAL
1,31,40.82,183.79,9635,PORT_SCAN
12,4,19.74,72.83,4674,BRUTE_FORCE
0,4,3.49,26.26,760,NORMAL
30,3,17.76,65.2,4234,BRUTE_FORCE
0,2,5.72,28.46,2024,NORMAL
28,1,12.96,45.04,4784,BRUTE_FORCE
1,1,3.03,29.44,1171,NORMAL
3,44,21.01,92.15,6305,PORT_SCAN
1,15,26.87,155.03,8367,PORT_SCAN
1,3,1.6,9.08,961,NORMAL
0,24,30.1,216.86,5002,PORT_SCAN
2,21,24.4,227.3,3579,PORT_SCAN
0,1,1.62,20.4,2359,NORMAL
0,20,44.79,248.72,7087,PORT_SCAN
0,52,45.5,141.76,9062,PORT_SCAN
2,3,4.76,22.18,732,NORMAL
8,3,24.59,58.84,3347,BRUTE_FORCE
19,1,15.52,101.61,4439,BRUTE_FORCE
20,1,16.68,61.91,3652,BRUTE_FORCE
2,54,21.44,186.98,4347,PORT_SCAN
0,2,3.09,13.66,2312,NORMAL
3,55,44.65,96.79,7696,PORT_SCAN
1,2,2.95,18.26,1595,NORMAL
0,3,5.38,29.64,1567,NORMAL
0,1,4.82,7.74,1169,NORMAL
17,3,21.57,99.5,3741,BRUTE_FORCE
1,27,23.68,201.17,5799,PORT_SCAN
1,1,3.33,21.64,1248,NORMAL
23,1,13.47,78.73,3092,BRUTE_FORCE
1,1,4.31,21.04,1722,NORMAL
1,18,48.81,243.61,4807,PORT_SCAN
26,1,11.94,62.12,4946,BRUTE_FORCE
1,2,1.12,27.26,1605,NORMAL
3,55,50.55,169.81,3025,PORT_SCAN
1,50,36.08,223.12,7428,PORT_SCAN
1,3,2.0,25.73,1778,NORMAL
0,4,4.68,29.67,778,NORMAL
27,4,20.5,60.33,2283,BRUTE_FORCE
20,1,15.84,68.03,4854,BRUTE_FORCE
2,15,26.9,87.57,7485,PORT_SCAN
2,1,5.1,19.07,1933,NORMAL
28,1,14.21,108.27,2892,BRUTE_FORCE
3,31,25.86,119.28,7711,PORT_SCAN
2,52,31.83,155.81,8379,PORT_SCAN
11,2,14.59,90.67,3717,BRUTE_FORCE
1,2,4.31,16.87,885,NORMAL
1,4,4.92,19.8,1109,NORMAL
0,2,1.86,20.37,1112,NORMAL
1,17,20.1,137.32,2703,PORT_SCAN
8,1,8.32,57.25,2112,BRUTE_FORCE
1,4,1.46,21.2,672,NORMAL
1,47,35.05,240.34,8016,PORT_SCAN
30,3,11.45,88.21,4080,BRUTE_FORCE
0,35,49.14,217.14,9102,PORT_SCAN
15,1,18.48,110.75,4992,BRUTE_FORCE
1,1,5.49,29.0,2317,NORMAL
3,56,41.55,192.26,7927,PORT_SCAN
2,1,5.97,5.99,1093,NORMAL
0,20,32.74,103.59,4064,PORT_SCAN
1,4,3.64,27.24,1908,NORMAL
27,2,9.14,90.91,2425,BRUTE_FORCE
1,4,2.04,12.59,2396,NORMAL
2,4,4.25,26.29,2245,NORMAL
1,4,4.66,23.55,1250,NORMAL
0,40,53.5,227.98,2747,PORT_SCAN
2,4,4.31,6.72,1826,NORMAL
8,1,17.71,91.45,3227,BRUTE_FORCE
2,2,3.27,15.6,2179,NORMAL
2,2,2.29,10.47,2269,NORMAL
2,10,48.25,110.64,3586,PORT_SCAN
2,4,3.56,21.72,1074,NORMAL
1,2,5.86,5.93,2166,NORMAL
2,20,30.28,220.2,6447,PORT_SCAN
0,50,39.46,247.44,3180,PORT_SCAN
15,3,24.65,40.13,1598,BRUTE_FORCE
27,1,15.12,68.35,2434,BRUTE_FORCE
0,1,4.66,25.4,2057,NORMAL
20,2,21.13,43.51,2248,BRUTE_FORCE
26,1,9.36,104.61,1632,BRUTE_FORCE
0,4,2.45,20.99,2416,NORMAL
8,1,20.74,46.68,3326,BRUTE_FORCE
1,2,4.79,10.88,975,NORMAL
1,3,5.72,22.01,2052,NORMAL
1,1,4.28,6.67,2341,NORMAL
0,2,1.5,7.11,596,NORMAL
2,27,43.13,128.47,7209,PORT_SCAN
0,4,4.31,20.02,805,NORMAL
0,4,1.91,10.43,1246,NORMAL
3,33,40.13,135.09,8567,PORT_SCAN
1,1,2.97,25.44,2104,NORMAL
3,58,35.71,93.8,9682,PORT_SCAN
29,4,12.94,48.03,2608,BRUTE_FORCE
1,4,4.6,29.58,2210,NORMAL
2,2,4.3,14.24,859,NORMAL
2,29,27.62,178.52,8249,PORT_SCAN
22,3,18.4,118.98,4178,BRUTE_FORCE
3,18,55.33,202.91,5697,PORT_SCAN
19,1,22.68,57.42,1962,BRUTE_FORCE
2,40,52.08,202.23,6275,PORT_SCAN
0,1,2.17,28.19,695,NORMAL
3,18,34.94,226.88,4886,PORT_SCAN
0,59,38.55,219.09,5630,PORT_SCAN
2,45,39.61,84.39,9858,PORT_SCAN
2,34,49.74,156.77,9446,PORT_SCAN
2,11,33.61,146.18,8699,PORT_SCAN
0,42,22.76,228.34,6108,PORT_SCAN
3,13,49.47,165.03,9723,PORT_SCAN
8,3,23.54,63.6,3634,BRUTE_FORCE
3,55,54.96,195.78,9571,PORT_SCAN
13,3,18.53,57.16,3218,BRUTE_FORCE
27,1,16.98,66.03,4630,BRUTE_FORCE
0,34,24.17,190.54,2801,PORT_SCAN
21,4,20.22,85.37,1862,BRUTE_FORCE
15,3,15.86,50.02,4437,BRUTE_FORCE
24,1,15.66,105.15,2260,BRUTE_FORCE
20,4,20.4,101.4,4986,BRUTE_FORCE
3,10,59.83,87.5,7113,PORT_SCAN
8,4,22.22,61.62,3909,BRUTE_FORCE
0,2,5.55,15.19,1423,NORMAL
9,2,19.6,56.68,2169,BRUTE_FORCE
1,21,55.95,139.24,4076,PORT_SCAN
0,4,1.44,7.75,1575,NORMAL
2,1,1.94,29.84,791,NORMAL
29,1,14.98,109.89,4573,BRUTE_FORCE
0,1,5.05,25.16,719,NORMAL
18,4,12.15,108.53,4845,BRUTE_FORCE
2,1,5.17,28.8,1273,NORMAL
0,1,3.88,19.38,591,NORMAL
1,24,49.5,204.51,4104,PORT_SCAN
0,1,3.24,15.43,928,NORMAL
23,3,24.83,60.59,3492,BRUTE_FORCE
8,4,22.22,46.67,3321,BRUTE_FORCE
0,28,59.05,141.77,8667,PORT_SCAN
0,3,2.65,6.64,1279,NORMAL
1,4,5.74,22.45,694,NORMAL
25,1,20.97,84.57,4815,BRUTE_FORCE
0,1,4.78,18.16,1527,NORMAL
2,2,2.94,15.16,1018,NORMAL
15,3,17.07,103.3,4518,BRUTE_FORCE
3,38,38.43,198.49,5241,PORT_SCAN
2,3,3.53,24.66,1650,NORMAL
11,3,16.77,71.14,4772,BRUTE_FORCE
0,3,1.37,9.82,1746,NORMAL
17,1,11.17,103.09,4453,BRUTE_FORCE
2,21,21.09,89.95,5694,PORT_SCAN
0,3,1.22,28.26,2367,NORMAL
2,3,1.54,12.31,973,NORMAL
1,48,28.62,220.1,8453,PORT_SCAN
3,37,20.32,112.24,7388,PORT_SCAN
0,53,29.68,186.94,6375,PORT_SCAN
1,40,28.0,151.08,3186,PORT_SCAN
1,1,5.35,24.52,556,NORMAL
2,56,31.35,246.43,3480,PORT_SCAN
2,23,29.32,192.13,3073,PORT_SCAN
17,4,24.89,117.88,2014,BRUTE_FORCE
3,49,26.9,194.51,9058,PORT_SCAN
0,2,3.56,29.72,2330,NORMAL
29,1,24.84,105.75,2117,BRUTE_FORCE
1,2,1.68,7.09,1041,NORMAL
2,42,22.06,96.98,8207,PORT_SCAN
0,34,43.32,192.8,2856,PORT_SCAN
18,4,8.19,56.77,4339,BRUTE_FORCE
2,1,1.05,10.41,589,NORMAL
2,1,3.01,23.22,2265,NORMAL
1,2,3.75,25.58,1365,NORMAL
2,1,4.9,17.33,552,NORMAL
1,3,2.08,25.48,1501,NORMAL
1,3,2.43,16.68,2015,NORMAL
0,30,40.66,112.73,8877,PORT_SCAN
1,3,2.25,26.46,597,NORMAL
17,4,12.38,70.55,4160,BRUTE_FORCE
1,4,3.04,26.12,1353,NORMAL
3,54,37.51,81.8,9455,PORT_SCAN
0,23,42.09,166.48,3883,PORT_SCAN
28,1,20.58,40.04,2198,BRUTE_FORCE
0,2,3.25,12.85,747,NORMAL
22,2,9.52,50.61,2786,BRUTE_FORCE
28,1,19.28,40.63,4421,BRUTE_FORCE
0,2,2.26,20.29,1436,NORMAL
9,1,15.7,40.3,2955,BRUTE_FORCE
13,2,12.8,99.94,4232,BRUTE_FORCE
0,1,5.91,13.19,1957,NORMAL
2,3,2.32,29.9,1191,NORMAL
2,55,28.29,199.85,5097,PORT_SCAN
0,29,37.46,223.63,9819,PORT_SCAN
11,4,10.11,77.18,4543,BRUTE_FORCE
1,51,30.12,249.71,8074,PORT_SCAN
1,4,1.49,22.79,2196,NORMAL
1,3,3.21,15.68,1309,NORMAL
11,4,9.88,50.87,4622,BRUTE_FORCE
18,2,10.76,90.82,3926,BRUTE_FORCE
18,1,20.2,71.58,3139,BRUTE_FORCE
1,54,43.64,213.33,6066,PORT_SCAN
0,4,5.87,7.72,1545,NORMAL
3,35,28.71,82.81,7840,PORT_SCAN
20,4,24.81,80.99,4176,BRUTE_FORCE
29,2,18.01,71.49,2156,BRUTE_FORCE
24,3,13.83,79.85,3021,BRUTE_FORCE
1,1,1.33,25.56,1040,NORMAL
1,2,1.73,29.49,2474,NORMAL
18,3,17.55,55.16,2348,BRUTE_FORCE
27,3,24.2,51.97,4135,BRUTE_FORCE
1,2,1.99,28.55,1486,NORMAL
19,1,8.69,104.77,4170,BRUTE_FORCE
0,2,4.38,26.98,1704,NORMAL
2,4,5.01,15.65,550,NORMAL
25,2,14.92,88.46,4358,BRUTE_FORCE
11,4,15.35,58.45,3609,BRUTE_FORCE
24,4,16.95,45.54,2310,BRUTE_FORCE
2,4,3.07,13.34,1647,NORMAL
21,3,11.68,50.54,2411,BRUTE_FORCE
2,24,56.61,94.37,2812,PORT_SCAN
0,50,34.43,138.3,7537,PORT_SCAN
1,2,3.11,11.21,2498,NORMAL
9,1,17.66,96.39,1963,BRUTE_FORCE
2,4,3.94,11.93,2248,NORMAL
25,4,9.15,111.11,4954,BRUTE_FORCE
11,2,12.94,55.55,3898,BRUTE_FORCE
1,1,4.13,7.42,1482,NORMAL
1,13,36.98,227.84,2686,PORT_SCAN
18,2,22.36,111.31,2762,BRUTE_FORCE
2,1,1.48,29.48,1045,NORMAL
2,1,4.34,16.75,1130,NORMAL
9,3,17.38,47.31,2278,BRUTE_FORCE
1,32,59.91,162.07,4920,PORT_SCAN
10,4,15.87,112.03,4481,BRUTE_FORCE
0,46,53.02,226.58,4496,PORT_SCAN
23,1,22.33,115.02,1920,BRUTE_FORCE
3,50,27.29,102.92,8365,PORT_SCAN
1,35,20.71,94.44,6974,PORT_SCAN
0,1,5.81,22.6,1273,NORMAL
1,3,1.22,25.87,704,NORMAL
0,53,48.83,195.89,6898,PORT_SCAN
0,4,3.7,24.95,2355,NORMAL
14,3,19.06,100.83,1880,BRUTE_FORCE
2,4,1.61,29.33,1746,NORMAL
2,4,1.94,5.48,601,NORMAL
1,1,3.79,5.0,686,NORMAL
11,4,11.92,88.12,2855,BRUTE_FORCE
2,37,23.14,111.14,5252,PORT_SCAN
3,21,58.42,160.68,7016,PORT_SCAN
0,10,44.3,160.25,3915,PORT_SCAN
2,36,47.61,150.7,5888,PORT_SCAN
3,44,21.44,91.63,7670,PORT_SCAN
9,3,13.41,85.49,4773,BRUTE_FORCE
3,20,22.14,136.29,4056,PORT_SCAN
0,16,23.59,82.79,5869,PORT_SCAN
0,2,3.58,16.03,2316,NORMAL
3,28,57.83,147.88,5046,PORT_SCAN
22,4,20.29,79.71,1526,BRUTE_FORCE
1,32,37.74,131.08,9108,PORT_SCAN
13,2,11.86,55.12,3976,BRUTE_FORCE
1,33,54.53,184.42,7603,PORT_SCAN
29,2,11.13,100.67,4061,BRUTE_FORCE
2,18,29.4,240.02,3598,PORT_SCAN
2,45,58.54,194.77,4517,PORT_SCAN
27,3,11.18,61.03,2603,BRUTE_FORCE
0,53,22.61,168.07,2643,PORT_SCAN
0,31,35.69,220.98,5931,PORT_SCAN
0,18,26.03,145.12,3751,PORT_SCAN
14,1,9.01,72.83,2088,BRUTE_FORCE
10,3,23.16,97.29,2472,BRUTE_FORCE
26,3,20.03,94.4,1509,BRUTE_FORCE
18,1,24.3,86.29,3824,BRUTE_FORCE
1,1,3.86,24.56,1131,NORMAL
1,3,2.74,13.27,2313,NORMAL
0,58,35.35,221.46,4719,PORT_SCAN
0,4,5.0,24.23,1589,NORMAL
2,4,4.18,10.88,2386,NORMAL
0,42,51.66,91.15,8312,PORT_SCAN
0,3,2.3,12.88,2140,NORMAL
0,4,1.56,15.68,1512,NORMAL
19,3,9.42,96.44,3749,BRUTE_FORCE
3,49,56.72,225.92,5244,PORT_SCAN
2,50,29.12,224.66,7277,PORT_SCAN
1,53,43.72,135.69,4808,PORT_SCAN
2,49,31.02,195.7,8684,PORT_SCAN
0,1,5.93,16.8,1087,NORMAL
2,48,36.49,188.9,4287,PORT_SCAN
0,22,31.6,215.88,4733,PORT_SCAN
3,14,45.82,103.47,4039,PORT_SCAN
2,1,4.65,16.46,1860,NORMAL
1,4,2.0,21.1,1301,NORMAL
1,4,3.42,19.06,1633,NORMAL
30,3,11.13,71.0,3440,BRUTE_FORCE
15,3,19.13,115.58,4080,BRUTE_FORCE
16,3,8.04,44.73,4507,BRUTE_FORCE
3,38,30.37,122.03,7723,PORT_SCAN
3,27,57.49,170.56,7533,PORT_SCAN
0,54,49.06,233.38,9944,PORT_SCAN
8,3,12.65,68.05,2898,BRUTE_FORCE
14,2,22.28,57.75,1568,BRUTE_FORCE
0,2,1.96,29.67,2500,NORMAL
12,3,16.77,55.69,4571,BRUTE_FORCE
2,3,4.74,15.71,1695,NORMAL
0,29,20.39,247.16,3203,PORT_SCAN
2,30,50.82,187.15,7941,PORT_SCAN
1,4,1.07,6.4,1331,NORMAL
25,2,10.69,42.33,3609,BRUTE_FORCE
2,1,5.82,17.32,2125,NORMAL
3,17,42.69,238.96,5440,PORT_SCAN
0,3,3.53,26.49,1780,NORMAL
29,4,24.22,90.14,4610,BRUTE_FORCE
21,3,16.22,112.61,3684,BRUTE_FORCE
2,56,49.65,226.86,9354,PORT_SCAN
23,2,23.34,92.85,2680,BRUTE_FORCE
2,3,5.02,8.48,2072,NORMAL
2,20,47.25,138.87,8339,PORT_SCAN
12,1,19.5,111.37,1856,BRUTE_FORCE
2,18,20.37,212.45,6253,PORT_SCAN
1,32,45.9,180.32,9021,PORT_SCAN
23,3,18.45,75.89,1724,BRUTE_FORCE
2,23,38.39,181.92,2630,PORT_SCAN
21,4,10.22,46.81,3047,BRUTE_FORCE
0,33,46.13,182.89,6177,PORT_SCAN
2,2,1.4,28.96,745,NORMAL
0,13,37.66,249.19,5428,PORT_SCAN
2,1,3.19,25.69,622,NORMAL
27,4,19.28,63.24,2677,BRUTE_FORCE
0,50,38.92,200.37,8463,PORT_SCAN
1,1,3.22,26.27,1719,NORMAL
3,35,44.56,168.57,8329,PORT_SCAN
0,27,38.59,154.78,7353,PORT_SCAN
3,25,30.79,224.6,2851,PORT_SCAN
26,2,20.26,86.68,2198,BRUTE_FORCE
1,2,3.34,7.91,865,NORMAL
0,18,46.31,153.47,3881,PORT_SCAN
20,4,21.11,64.24,2559,BRUTE_FORCE
18,3,11.23,52.75,3608,BRUTE_FORCE
2,24,55.77,227.31,7805,PORT_SCAN
0,4,3.99,24.07,2336,NORMAL
8,4,22.38,58.85,3056,BRUTE_FORCE
30,4,16.61,110.48,1911,BRUTE_FORCE
0,3,2.88,27.68,1557,NORMAL
1,59,23.5,92.82,8423,PORT_SCAN
2,35,36.36,185.35,8075,PORT_SCAN
1,30,34.78,88.33,5040,PORT_SCAN
2,52,40.57,111.39,7721,PORT_SCAN
3,40,42.87,179.54,7534,PORT_SCAN
10,2,8.06,116.33,4850,BRUTE_FORCE
20,4,24.8,103.39,4170,BRUTE_FORCE
29,2,14.52,52.96,2207,BRUTE_FORCE
30,3,17.15,109.58,3725,BRUTE_FORCE
0,1,1.75,19.05,2305,NORMAL
2,4,3.07,18.88,936,NORMAL
21,4,14.71,53.06,4519,BRUTE_FORCE
0,1,2.3,13.18,1431,NORMAL
2,2,2.79,23.89,1728,NORMAL
12,1,24.52,79.06,2988,BRUTE_FORCE
9,2,16.57,63.14,4841,BRUTE_FORCE
21,2,17.11,45.64,4501,BRUTE_FORCE
1,1,3.41,18.69,1016,NORMAL
2,3,1.5,10.38,1054,NORMAL
24,3,13.33,47.83,4382,BRUTE_FORCE
3,46,53.44,94.64,6292,PORT_SCAN
25,1,13.45,111.01,4674,BRUTE_FORCE
0,1,4.24,17.21,2374,NORMAL
2,3,4.05,9.81,1004,NORMAL
10,3,16.65,67.55,3730,BRUTE_FORCE
3,58,22.51,237.74,6790,PORT_SCAN
16,4,8.67,94.12,1888,BRUTE_FORCE
2,29,43.88,109.46,6070,PORT_SCAN
1,2,2.12,21.89,2245,NORMAL
14,1,9.65,74.48,3234,BRUTE_FORCE
1,46,58.56,186.81,7722,PORT_SCAN
15,4,11.25,80.67,2961,BRUTE_FORCE
18,2,23.47,112.2,4096,BRUTE_FORCE
0,3,1.93,11.22,2380,NORMAL
3,59,32.51,95.32,3151,PORT_SCAN
1,36,20.36,165.67,3602,PORT_SCAN
0,47,46.8,220.63,7328,PORT_SCAN
29,4,19.88,118.32,3757,BRUTE_FORCE
28,4,9.17,47.17,1620,BRUTE_FORCE
11,4,16.71,109.21,4529,BRUTE_FORCE
2,2,4.58,27.33,2485,NORMAL
2,1,4.31,26.91,1765,NORMAL
2,60,58.71,118.41,7033,PORT_SCAN
24,2,14.05,108.61,4737,BRUTE_FORCE
0,42,51.02,222.2,9222,PORT_SCAN
0,4,4.62,24.18,1729,NORMAL
16,2,17.37,107.24,3057,BRUTE_FORCE
9,2,15.12,100.61,4620,BRUTE_FORCE
2,3,5.83,7.72,2493,NORMAL
1,16,39.61,98.76,6975,PORT_SCAN
19,2,19.98,43.67,2433,BRUTE_FORCE
1,15,33.36,111.47,7161,PORT_SCAN
0,3,1.04,8.06,2128,NORMAL
0,3,2.04,19.51,1911,NORMAL
1,1,1.56,23.05,2100,NORMAL
1,1,5.86,25.58,2267,NORMAL
1,1,1.8,27.99,586,NORMAL
0,33,54.54,89.6,4745,PORT_SCAN
1,23,48.58,231.76,6860,PORT_SCAN
1,1,2.87,15.15,1657,NORMAL
0,14,32.45,92.06,3509,PORT_SCAN
28,2,22.41,48.45,2032,BRUTE_FORCE
3,21,31.14,122.47,3117,PORT_SCAN
10,2,12.31,114.63,3064,BRUTE_FORCE
12,2,22.62,97.94,3127,BRUTE_FORCE
1,10,24.67,95.69,8329,PORT_SCAN
1,42,37.87,236.82,4867,PORT_SCAN
20,3,14.81,105.57,3691,BRUTE_FORCE
2,1,5.78,8.69,1886,NORMAL
2,1,1.02,14.05,990,NORMAL
1,48,45.28,104.73,5139,PORT_SCAN
29,3,13.87,116.24,3020,BRUTE_FORCE
2,2,1.57,28.94,718,NORMAL
21,3,17.56,59.57,2544,BRUTE_FORCE
2,3,1.91,8.12,593,NORMAL
2,54,41.66,97.74,5339,PORT_SCAN
1,4,2.86,28.35,1655,NORMAL
2,50,49.97,151.83,2683,PORT_SCAN
14,3,14.64,88.51,2420,BRUTE_FORCE
0,1,1.66,29.7,2172,NORMAL
2,2,4.56,14.97,1875,NORMAL
1,47,37.31,146.14,6322,PORT_SCAN
2,53,50.88,202.56,7769,PORT_SCAN
0,12,36.95,199.07,6933,PORT_SCAN
0,37,42.86,237.97,2705,PORT_SCAN
0,4,3.76,18.94,866,NORMAL
2,10,59.14,84.99,7392,PORT_SCAN
2,1,3.5,21.98,1162,NORMAL
12,3,11.21,50.52,2025,BRUTE_FORCE
3,52,32.15,233.36,2878,PORT_SCAN
13,1,22.8,112.88,2143,BRUTE_FORCE
1,1,4.82,23.45,2315,NORMAL
1,4,3.21,23.96,974,NORMAL
13,4,14.2,89.95,3970,BRUTE_FORCE
15,3,13.31,48.22,3561,BRUTE_FORCE
0,56,43.54,133.2,8640,PORT_SCAN
0,1,1.53,21.69,1154,NORMAL
1,1,5.93,10.94,1676,NORMAL
13,3,21.39,109.79,3592,BRUTE_FORCE
0,3,4.08,15.73,2460,NORMAL
18,3,23.02,100.68,1783,BRUTE_FORCE
3,20,25.77,101.61,8325,PORT_SCAN
22,3,12.51,42.14,4028,BRUTE_FORCE
14,4,10.66,104.79,3300,BRUTE_FORCE
13,2,19.23,118.37,1696,BRUTE_FORCE
2,56,44.27,171.1,5888,PORT_SCAN
0,17,52.13,247.83,6336,PORT_SCAN
18,1,11.78,105.99,1931,BRUTE_FORCE
0,3,1.07,18.35,1061,NORMAL
21,2,8.07,112.72,1633,BRUTE_FORCE
2,56,29.76,126.29,9679,PORT_SCAN
9,3,15.42,96.16,1774,BRUTE_FORCE
16,1,10.67,53.91,1807,BRUTE_FORCE
2,58,53.66,153.13,5504,PORT_SCAN
8,1,15.99,79.72,2665,BRUTE_FORCE
17,1,12.26,90.8,3756,BRUTE_FORCE
2,53,48.6,198.15,4833,PORT_SCAN
23,2,9.56,101.3,4413,BRUTE_FORCE
1,3,4.88,26.77,2275,NORMAL
0,49,28.97,183.65,6623,PORT_SCAN
24,4,14.23,87.15,3300,BRUTE_FORCE
24,3,8.38,100.68,4116,BRUTE_FORCE
2,29,37.69,125.11,8313,PORT_SCAN
14,2,12.31,60.11,3263,BRUTE_FORCE
2,2,4.28,20.81,1246,NORMAL
1,49,49.58,199.63,5321,PORT_SCAN
8,4,11.4,64.44,3858,BRUTE_FORCE
2,1,1.02,17.1,2355,NORMAL
0,3,1.78,29.29,733,NORMAL
3,45,21.02,153.82,5153,PORT_SCAN
0,2,3.38,11.49,1065,NORMAL
0,34,59.18,117.78,3360,PORT_SCAN
1,45,47.36,223.78,4922,PORT_SCAN
12,4,19.78,68.74,3637,BRUTE_FORCE
19,4,20.99,74.45,4473,BRUTE_FORCE
22,2,9.34,89.14,3004,BRUTE_FORCE
2,4,5.82,24.95,2096,NORMAL
12,1,23.9,75.55,3556,BRUTE_FORCE
20,3,18.04,116.1,4928,BRUTE_FORCE
20,1,17.56,50.06,3548,BRUTE_FORCE
2,2,2.57,12.39,880,NORMAL
1,28,41.92,240.14,9831,PORT_SCAN
2,27,24.87,117.12,4114,PORT_SCAN
1,2,4.09,18.89,1958,NORMAL
2,37,55.77,191.15,6556,PORT_SCAN
2,60,31.07,158.63,9878,PORT_SCAN
1,60,45.33,118.47,4970,PORT_SCAN
1,4,1.61,21.11,2430,NORMAL
12,2,22.9,117.12,2164,BRUTE_FORCE
0,2,5.44,27.58,1802,NORMAL
0,55,41.96,178.15,8156,PORT_SCAN
1,39,37.11,93.3,6097,PORT_SCAN
29,1,24.69,112.18,3819,BRUTE_FORCE
1,27,23.34,93.43,4164,PORT_SCAN
3,26,44.59,159.44,3394,PORT_SCAN
26,3,14.14,44.35,4064,BRUTE_FORCE
0,52,47.2,86.13,7216,PORT_SCAN
22,2,20.34,101.04,3186,BRUTE_FORCE
1,26,37.36,199.43,3953,PORT_SCAN
20,1,19.74,44.8,4833,BRUTE_FORCE
2,3,4.19,17.21,2215,NORMAL
30,3,19.78,43.76,3062,BRUTE_FORCE
9,4,14.83,63.9,3458,BRUTE_FORCE
2,33,56.6,155.47,4101,PORT_SCAN
28,2,12.3,101.97,2488,BRUTE_FORCE
15,3,17.19,46.16,4339,BRUTE_FORCE
2,1,3.86,11.93,2395,NORMAL
25,1,17.04,103.89,4966,BRUTE_FORCE
1,3,1.17,21.02,1702,NORMAL
3,49,28.69,214.84,7551,PORT_SCAN
0,32,51.45,110.77,6669,PORT_SCAN
1,11,33.3,131.73,3142,PORT_SCAN
3,25,27.92,185.91,8477,PORT_SCAN
0,58,50.12,244.17,9853,PORT_SCAN
23,4,13.58,60.69,2010,BRUTE_FORCE
20,3,16.9,72.61,3560,BRUTE_FORCE
2,3,4.66,5.85,2044,NORMAL
23,4,20.38,70.47,3243,BRUTE_FORCE
1,2,4.8,17.87,717,NORMAL
2,23,33.6,221.59,7231,PORT_SCAN
0,51,39.14,239.66,7252,PORT_SCAN
24,2,22.78,100.82,4590,BRUTE_FORCE
1,3,2.1,20.89,749,NORMAL
20,4,22.44,62.92,4000,BRUTE_FORCE
1,4,1.8,8.69,2279,NORMAL
3,36,43.86,177.72,5965,PORT_SCAN
1,4,5.74,11.13,1345,NORMAL
2,2,5.85,20.26,2040,NORMAL
2,3,2.41,23.02,633,NORMAL
24,1,22.73,117.42,1918,BRUTE_FORCE
25,3,23.34,65.96,1674,BRUTE_FORCE
2,53,47.97,234.81,3308,PORT_SCAN
0,3,3.87,9.28,1137,NORMAL
1,4,5.18,25.53,2095,NORMAL
3,45,56.1,148.15,5565,PORT_SCAN
24,4,10.16,77.09,1740,BRUTE_FORCE
21,3,12.33,79.5,2374,BRUTE_FORCE
0,15,45.71,103.07,6282,PORT_SCAN
2,29,23.84,132.16,8895,PORT_SCAN
0,4,2.66,29.67,1141,NORMAL
29,3,14.3,92.23,3513,BRUTE_FORCE
0,3,1.05,13.95,1636,NORMAL
2,2,3.7,9.83,1311,NORMAL
2,1,3.62,25.98,652,NORMAL
9,4,19.7,52.4,4657,BRUTE_FORCE
3,11,42.02,103.41,6349,PORT_SCAN
2,52,26.51,160.35,6206,PORT_SCAN
18,1,16.16,67.05,2539,BRUTE_FORCE
12,2,19.21,99.45,4437,BRUTE_FORCE
0,1,3.35,17.11,2323,NORMAL
2,4,5.29,12.85,1516,NORMAL
22,3,14.7,86.39,3269,BRUTE_FORCE
11,2,10.19,95.54,4318,BRUTE_FORCE
17,3,22.92,61.13,4182,BRUTE_FORCE
0,3,4.3,10.6,2045,NORMAL
1,3,2.52,29.22,769,NORMAL
2,32,21.74,219.3,6662,PORT_SCAN
28,1,23.02,117.08,4823,BRUTE_FORCE
1,3,1.69,18.13,1241,NORMAL
2,38,58.18,147.85,7472,PORT_SCAN
10,1,24.14,57.78,4990,BRUTE_FORCE
3,52,46.36,210.61,9795,PORT_SCAN
28,1,12.65,52.19,4152,BRUTE_FORCE
0,2,1.99,5.28,1113,NORMAL
3,31,40.84,217.58,9122,PORT_SCAN
2,31,59.04,214.46,8677,PORT_SCAN
0,3,4.32,11.4,1983,NORMAL
24,2,13.93,96.5,3099,BRUTE_FORCE
3,14,31.68,214.68,5201,PORT_SCAN
2,36,28.47,212.07,7018,PORT_SCAN
30,4,24.77,43.35,2109,BRUTE_FORCE
2,32,54.14,90.09,7564,PORT_SCAN
1,3,1.5,18.76,540,NORMAL
3,39,32.88,202.66,4957,PORT_SCAN
0,3,5.82,8.91,2437,NORMAL
15,1,21.42,53.29,4650,BRUTE_FORCE
0,18,59.4,194.64,6015,PORT_SCAN
1,20,29.52,87.0,5093,PORT_SCAN
21,2,20.75,113.05,3986,BRUTE_FORCE
22,2,9.04,80.0,2001,BRUTE_FORCE
2,2,3.42,7.57,691,NORMAL
29,2,12.98,110.49,1739,BRUTE_FORCE
1,33,54.44,166.41,3137,PORT_SCAN
9,1,15.91,52.78,4310,BRUTE_FORCE
1,4,4.45,7.46,1514,NORMAL
2,60,22.19,203.36,2723,PORT_SCAN
27,4,9.92,94.86,4482,BRUTE_FORCE
2,1,5.91,22.14,1976,NORMAL
8,3,8.66,66.26,4879,BRUTE_FORCE
28,2,21.77,103.54,1583,BRUTE_FORCE
12,2,23.44,80.67,3985,BRUTE_FORCE
0,10,26.87,161.11,8167,PORT_SCAN
21,4,10.67,48.86,3697,BRUTE_FORCE
2,2,3.34,16.11,1339,NORMAL
2,2,3.44,14.63,878,NORMAL
0,22,42.04,117.59,2741,PORT_SCAN
3,16,41.71,156.89,9911,PORT_SCAN
0,4,3.67,26.89,1266,NORMAL
21,1,11.34,42.62,4202,BRUTE_FORCE
2,13,31.59,86.44,3656,PORT_SCAN
29,1,18.86,113.82,2632,BRUTE_FORCE
19,2,10.45,90.97,2214,BRUTE_FORCE
21,2,12.32,92.16,2411,BRUTE_FORCE
0,47,45.59,229.94,7481,PORT_SCAN
23,4,21.08,97.72,4763,BRUTE_FORCE
2,2,5.29,21.83,921,NORMAL
2,1,4.16,13.34,680,NORMAL
1,1,2.93,19.41,1021,NORMAL
0,4,4.4,29.68,1297,NORMAL
1,3,3.22,21.12,527,NORMAL
19,4,12.31,64.53,2910,BRUTE_FORCE
22,1,16.53,103.6,3517,BRUTE_FORCE
3,26,35.32,232.54,3662,PORT_SCAN
26,4,18.75,101.81,2236,BRUTE_FORCE
1,2,4.52,9.95,872,NORMAL
28,2,17.68,111.45,3164,BRUTE_FORCE
3,51,49.9,243.51,4322,PORT_SCAN
1,14,26.17,122.36,2720,PORT_SCAN
3,41,45.77,210.41,2958,PORT_SCAN
0,1,1.06,15.46,1425,NORMAL
0,49,36.77,140.73,8041,PORT_SCAN
3,38,37.0,95.81,7766,PORT_SCAN
19,3,19.55,117.67,3138,BRUTE_FORCE
23,2,17.07,62.94,4240,BRUTE_FORCE
1,3,3.33,23.46,594,NORMAL
9,3,11.75,97.43,1553,BRUTE_FORCE
0,39,22.84,153.13,5071,PORT_SCAN
22,4,15.2,98.84,3019,BRUTE_FORCE
9,3,24.88,86.47,1765,BRUTE_FORCE
2,2,2.33,19.93,1856,NORMAL
1,4,2.11,15.55,2342,NORMAL
1,22,32.59,149.47,7322,PORT_SCAN
30,1,19.97,111.34,2420,BRUTE_FORCE
3,25,37.28,182.51,2782,PORT_SCAN
21,3,22.67,81.04,4837,BRUTE_FORCE
2,1,4.3,27.76,1174,NORMAL
1,16,57.99,109.39,3124,PORT_SCAN
1,3,4.51,6.14,836,NORMAL
1,40,50.09,80.17,7969,PORT_SCAN
0,49,52.93,234.98,7223,PORT_SCAN
1,3,1.72,16.5,1955,NORMAL
1,4,4.54,8.31,1209,NORMAL
29,4,21.78,87.3,1655,BRUTE_FORCE
1,2,3.16,27.65,2133,NORMAL
0,19,35.79,198.16,3333,PORT_SCAN
2,25,46.01,115.71,5646,PORT_SCAN
0,48,20.5,235.23,5359,PORT_SCAN
0,3,5.03,12.47,2489,NORMAL
0,46,30.44,110.59,2601,PORT_SCAN
18,4,15.07,116.44,4665,BRUTE_FORCE
2,3,4.23,5.61,680,NORMAL
3,39,54.55,89.21,7853,PORT_SCAN
1,1,1.25,29.98,2212,NORMAL
26,3,11.74,105.12,3774,BRUTE_FORCE
2,1,5.99,12.32,1696,NORMAL
0,40,53.21,93.97,8900,PORT_SCAN
0,41,23.07,248.49,5351,PORT_SCAN
1,16,31.41,91.87,4085,PORT_SCAN
2,1,3.93,22.52,1398,NORMAL
2,16,59.89,220.46,6496,PORT_SCAN
9,1,18.3,99.68,1865,BRUTE_FORCE
8,3,20.67,81.8,4036,BRUTE_FORCE
1,1,3.8,20.61,2429,NORMAL
0,1,4.73,8.5,1364,NORMAL
0,2,4.35,19.21,2168,NORMAL
0,58,43.03,161.09,5381,PORT_SCAN
3,42,42.01,154.16,3391,PORT_SCAN
0,14,41.87,201.91,6411,PORT_SCAN
2,2,2.03,5.77,529,NORMAL
1,14,53.19,174.22,7303,PORT_SCAN
1,3,1.9,10.35,2440,NORMAL
12,1,14.49,118.42,1822,BRUTE_FORCE
1,3,5.56,17.56,1295,NORMAL
0,2,4.67,26.17,1274,NORMAL
12,4,22.0,102.11,2437,BRUTE_FORCE
13,4,21.41,99.25,4452,BRUTE_FORCE
2,35,28.88,178.03,2943,PORT_SCAN
2,12,58.23,90.33,8183,PORT_SCAN
24,1,18.32,42.68,2626,BRUTE_FORCE
18,2,15.93,61.4,2515,BRUTE_FORCE
30,1,8.75,71.76,4894,BRUTE_FORCE
2,3,5.39,15.56,526,NORMAL
0,3,4.87,28.48,1595,NORMAL
1,2,1.03,21.67,2072,NORMAL
1,17,48.98,228.94,7731,PORT_SCAN
13,4,19.46,87.23,4741,BRUTE_FORCE
8,2,14.89,48.52,1719,BRUTE_FORCE
11,3,16.07,52.53,3374,BRUTE_FORCE
0,4,1.64,18.35,939,NORMAL
9,4,19.05,107.01,3077,BRUTE_FORCE
1,2,2.0,5.4,557,NORMAL
1,14,23.51,183.08,4186,PORT_SCAN
0,3,1.32,8.61,874,NORMAL
3,54,23.2,204.13,6812,PORT_SCAN
1,13,53.79,212.78,5459,PORT_SCAN
2,2,4.0,24.79,2012,NORMAL
3,22,25.08,249.24,6341,PORT_SCAN
2,2,1.63,6.52,2142,NORMAL
19,4,24.08,105.75,4603,BRUTE_FORCE
3,27,30.08,109.94,3661,PORT_SCAN
2,3,2.25,25.26,1176,NORMAL
16,1,21.11,42.35,4805,BRUTE_FORCE
11,4,23.61,95.58,2943,BRUTE_FORCE
1,47,23.66,195.39,6535,PORT_SCAN
16,4,11.65,88.95,4342,BRUTE_FORCE
0,48,37.38,203.85,5069,PORT_SCAN
2,2,2.09,10.52,727,NORMAL
0,4,3.72,6.98,521,NORMAL
12,2,23.83,108.6,3764,BRUTE_FORCE
3,38,42.78,165.45,6430,PORT_SCAN
2,17,53.55,80.87,9204,PORT_SCAN
13,4,14.33,118.68,4642,BRUTE_FORCE
14,2,12.51,46.09,2456,BRUTE_FORCE
2,1,1.3,23.21,2139,NORMAL
0,46,21.66,126.58,5382,PORT_SCAN
11,2,8.68,46.14,3938,BRUTE_FORCE
3,40,37.41,235.56,8304,PORT_SCAN
2,3,5.56,14.8,1932,NORMAL
0,4,1.6,28.39,1093,NORMAL
0,37,25.36,161.11,4404,PORT_SCAN
0,21,33.73,142.89,6886,PORT_SCAN
2,47,57.13,145.31,9332,PORT_SCAN
12,1,19.71,52.18,2064,BRUTE_FORCE
17,3,22.02,46.22,3957,BRUTE_FORCE
15,3,23.63,73.81,2804,BRUTE_FORCE
16,1,11.05,108.03,1564,BRUTE_FORCE
0,44,49.45,137.53,8295,PORT_SCAN
8,3,8.21,79.81,3542,BRUTE_FORCE
2,56,52.66,104.13,4425,PORT_SCAN
25,1,12.08,117.36,1631,BRUTE_FORCE
0,4,3.53,22.96,815,NORMAL
1,20,43.88,196.59,3723,PORT_SCAN
1,17,54.62,110.77,8131,PORT_SCAN
0,2,3.96,5.22,2401,NORMAL
1,4,1.46,6.22,2499,NORMAL
13,2,16.14,113.98,4086,BRUTE_FORCE
0,40,24.76,123.01,3042,PORT_SCAN
24,1,14.48,89.05,3844,BRUTE_FORCE
2,3,2.51,16.29,1501,NORMAL
30,4,12.33,88.42,1505,BRUTE_FORCE
19,3,10.84,65.85,4603,BRUTE_FORCE
14,3,19.15,112.02,2492,BRUTE_FORCE
0,4,4.24,23.99,637,NORMAL
1,48,25.49,83.31,9042,PORT_SCAN
3,34,40.44,206.11,6624,PORT_SCAN
1,3,2.63,17.76,2086,NORMAL
0,23,58.24,215.48,6623,PORT_SCAN
2,19,56.52,215.24,4221,PORT_SCAN
3,59,23.39,233.19,9915,PORT_SCAN
0,4,5.74,14.3,2062,NORMAL
2,55,27.39,164.5,8411,PORT_SCAN
1,3,5.11,18.53,1749,NORMAL
30,2,19.0,59.9,4019,BRUTE_FORCE
28,4,15.83,98.62,2942,BRUTE_FORCE
2,58,47.54,131.5,7913,PORT_SCAN
16,1,14.62,119.11,4572,BRUTE_FORCE
1,4,2.7,29.14,1017,NORMAL
0,1,1.75,29.33,1149,NORMAL
3,13,20.28,193.36,8920,PORT_SCAN
0,2,5.95,13.42,1760,NORMAL
2,1,5.11,9.81,848,NORMAL
13,4,18.8,118.05,2428,BRUTE_FORCE
2,18,44.57,164.39,8473,PORT_SCAN
0,1,1.6,19.06,1625,NORMAL
15,3,9.45,85.61,1683,BRUTE_FORCE
0,4,2.51,6.07,605,NORMAL
1,4,2.34,19.88,1822,NORMAL
2,3,5.32,5.48,2276,NORMAL
1,28,24.98,139.38,5116,PORT_SCAN
2,53,22.78,111.85,9871,PORT_SCAN
11,3,11.66,112.29,3563,BRUTE_FORCE
25,2,21.2,72.61,3895,BRUTE_FORCE
3,52,59.84,168.29,9851,PORT_SCAN
23,1,24.53,58.24,2730,BRUTE_FORCE
1,4,4.52,6.7,2284,NORMAL
29,1,20.01,51.79,4087,BRUTE_FORCE
0,4,4.68,17.9,1805,NORMAL
1,3,4.82,16.05,2392,NORMAL
8,4,23.11,83.65,4129,BRUTE_FORCE
3,44,24.41,228.55,5186,PORT_SCAN
20,4,24.56,72.82,4106,BRUTE_FORCE
1,27,40.18,180.96,8008,PORT_SCAN
8,3,24.37,55.05,4324,BRUTE_FORCE
2,1,1.96,17.92,931,NORMAL
0,4,2.39,25.04,948,NORMAL
0,1,4.33,9.56,2345,NORMAL
29,4,9.94,93.55,4824,BRUTE_FORCE
1,1,1.74,12.11,2458,NORMAL
1,2,1.8,7.73,1607,NORMAL
3,26,21.46,189.97,4843,PORT_SCAN
0,3,5.45,28.27,1530,NORMAL
1,3,2.17,28.23,567,NORMAL
3,36,35.25,160.65,9440,PORT_SCAN
2,24,32.37,118.13,4779,PORT_SCAN
0,3,2.58,5.01,2266,NORMAL
17,1,8.07,70.82,2418,BRUTE_FORCE
3,36,33.7,92.17,5292,PORT_SCAN
2,2,1.3,7.22,1070,NORMAL
1,30,54.56,217.99,5019,PORT_SCAN
27,3,21.24,95.24,4972,BRUTE_FORCE
16,1,21.03,62.14,1665,BRUTE_FORCE
13,4,18.79,79.34,1873,BRUTE_FORCE
0,3,1.52,7.68,1587,NORMAL
0,34,32.82,169.99,6399,PORT_SCAN
23,1,23.28,75.64,1727,BRUTE_FORCE
3,58,41.57,195.66,9788,PORT_SCAN
1,3,3.17,22.17,774,NORMAL
2,58,37.1,235.22,4736,PORT_SCAN
2,3,3.4,13.55,1370,NORMAL
2,51,26.58,178.17,8019,PORT_SCAN
3,57,48.65,87.6,2572,PORT_SCAN
18,1,24.9,43.62,4525,BRUTE_FORCE
30,4,9.74,74.4,4536,BRUTE_FORCE
0,2,4.29,29.44,786,NORMAL
24,1,12.93,94.87,3984,BRUTE_FORCE
9,2,17.37,89.2,3698,BRUTE_FORCE
1,3,1.09,17.89,1989,NORMAL
15,1,10.63,67.93,3227,BRUTE_FORCE
1,4,1.09,17.44,1837,NORMAL
1,4,2.32,18.15,1884,NORMAL
0,1,4.53,12.28,1578,NORMAL
2,1,1.06,11.28,1770,NORMAL
27,2,16.49,100.38,1927,BRUTE_FORCE
0,3,2.8,26.23,2094,NORMAL
0,22,56.94,127.91,9393,PORT_SCAN
12,3,9.24,91.83,2891,BRUTE_FORCE
18,3,22.82,44.76,2146,BRUTE_FORCE
22,2,24.8,49.86,3768,BRUTE_FORCE
24,3,18.84,95.5,3502,BRUTE_FORCE
3,40,59.77,89.23,5893,PORT_SCAN
20,3,24.32,51.53,4274,BRUTE_FORCE
3,39,38.59,193.43,9526,PORT_SCAN
2,27,57.19,228.02,7648,PORT_SCAN
1,42,23.74,137.03,2885,PORT_SCAN
1,2,3.35,24.82,1800,NORMAL
14,3,15.55,64.05,3404,BRUTE_FORCE
2,4,2.25,27.94,990,NORMAL
11,3,14.39,85.61,4997,BRUTE_FORCE
0,2,1.59,9.18,969,NORMAL
0,46,28.78,143.03,4144,PORT_SCAN
0,4,5.04,28.7,737,NORMAL
25,4,17.04,105.87,2513,BRUTE_FORCE
28,4,19.5,93.46,2455,BRUTE_FORCE
14,3,20.78,98.06,2030,BRUTE_FORCE
2,12,46.63,240.42,9273,PORT_SCAN
2,4,4.66,20.88,794,NORMAL
26,2,10.41,81.86,2337,BRUTE_FORCE
1,4,2.78,21.67,2445,NORMAL
0,22,55.68,157.84,3156,PORT_SCAN
18,2,17.55,70.85,3964,BRUTE_FORCE
11,4,8.44,55.67,3537,BRUTE_FORCE
25,2,12.63,88.39,4439,BRUTE_FORCE
19,3,21.7,111.66,4591,BRUTE_FORCE
29,1,9.88,89.1,4458,BRUTE_FORCE
2,4,4.29,27.53,1160,NORMAL
3,40,29.27,118.05,9554,PORT_SCAN
0,56,48.69,102.42,3023,PORT_SCAN
28,2,13.59,78.66,2662,BRUTE_FORCE
2,57,44.97,220.87,4638,PORT_SCAN
0,2,3.48,8.75,951,NORMAL
3,20,38.14,102.01,3883,PORT_SCAN
13,4,9.88,92.93,2155,BRUTE_FORCE
1,30,25.91,155.94,9027,PORT_SCAN
0,25,52.73,196.96,3882,PORT_SCAN
1,3,1.17,17.59,2040,NORMAL
2,60,55.95,228.26,7654,PORT_SCAN
2,3,5.2,29.09,1052,NORMAL
10,1,9.99,118.37,3085,BRUTE_FORCE
23,3,10.59,90.85,3726,BRUTE_FORCE
1,4,3.8,19.56,1117,NORMAL
1,1,4.89,27.39,1480,NORMAL
0,3,2.04,16.21,1644,NORMAL
2,3,1.89,12.3,1909,NORMAL
25,1,14.15,116.5,1631,BRUTE_FORCE
2,48,34.76,160.21,6040,PORT_SCAN
3,55,40.11,237.45,3074,PORT_SCAN
0,1,5.44,25.75,1861,NORMAL
3,13,39.24,188.21,9989,PORT_SCAN
0,1,3.63,9.32,1780,NORMAL
0,4,5.54,29.92,2423,NORMAL
1,3,5.95,15.33,1293,NORMAL
16,2,19.52,67.5,4142,BRUTE_FORCE
0,1,5.21,25.09,1297,NORMAL
2,13,56.69,119.99,7030,PORT_SCAN
29,1,20.57,96.95,4927,BRUTE_FORCE
3,31,37.0,116.9,8987,PORT_SCAN
0,12,41.63,82.87,3458,PORT_SCAN
1,50,47.15,174.49,2884,PORT_SCAN
2,38,25.32,135.57,8294,PORT_SCAN
9,1,17.76,51.26,1842,BRUTE_FORCE
2,1,5.8,29.52,842,NORMAL
26,2,9.31,71.02,2631,BRUTE_FORCE
0,54,44.95,248.42,4354,PORT_SCAN
0,2,1.17,28.15,1301,NORMAL
22,3,8.63,88.34,3521,BRUTE_FORCE
1,1,3.94,27.31,2140,NORMAL
17,4,22.08,98.01,1663,BRUTE_FORCE
1,4,2.32,19.68,569,NORMAL
17,1,19.45,97.31,3000,BRUTE_FORCE
1,1,4.31,26.2,2151,NORMAL
26,2,20.7,51.6,4395,BRUTE_FORCE
0,4,4.18,22.34,1821,NORMAL
21,3,19.3,46.87,4497,BRUTE_FORCE
3,14,41.99,124.31,7822,PORT_SCAN
2,1,2.27,29.48,1871,NORMAL
1,3,5.76,14.6,1985,NORMAL
0,31,56.21,180.6,4496,PORT_SCAN
16,4,23.02,42.77,4036,BRUTE_FORCE
23,2,20.85,62.98,2669,BRUTE_FORCE
3,23,42.5,148.59,6491,PORT_SCAN
0,55,47.52,231.69,2814,PORT_SCAN
2,25,43.98,103.06,8219,PORT_SCAN
2,32,20.24,227.88,7139,PORT_SCAN
3,51,33.29,149.19,3275,PORT_SCAN
26,3,14.07,98.84,1770,BRUTE_FORCE
30,4,22.02,98.67,4426,BRUTE_FORCE
2,2,2.71,15.53,2481,NORMAL
1,3,5.35,22.75,1072,NORMAL
15,2,17.79,42.31,1980,BRUTE_FORCE
2,2,4.7,12.92,718,NORMAL
28,1,24.17,70.1,2903,BRUTE_FORCE
0,4,4.78,17.11,2366,NORMAL
0,33,51.55,151.63,8925,PORT_SCAN
1,33,35.42,156.91,7582,PORT_SCAN
3,54,27.04,158.49,6979,PORT_SCAN
2,3,1.67,13.81,1193,NORMAL
2,3,1.42,25.16,1828,NORMAL
23,2,21.0,91.09,2960,BRUTE_FORCE
2,2,1.79,5.37,2337,NORMAL
24,4,18.95,64.34,2602,BRUTE_FORCE
22,2,11.06,40.81,2231,BRUTE_FORCE
28,1,16.93,72.96,4433,BRUTE_FORCE
1,2,5.03,13.52,863,NORMAL
1,2,4.24,29.77,1733,NORMAL
3,35,21.76,198.23,4572,PORT_SCAN
2,57,29.99,129.24,9687,PORT_SCAN
2,2,4.65,17.25,1517,NORMAL
0,4,5.84,8.81,2075,NORMAL
1,57,58.49,237.43,9682,PORT_SCAN
2,1,4.87,28.15,616,NORMAL
2,4,4.2,27.75,1373,NORMAL
3,44,52.45,204.08,5996,PORT_SCAN
2,60,27.85,220.07,7190,PORT_SCAN
15,3,10.67,73.38,2425,BRUTE_FORCE
25,4,20.12,108.76,4196,BRUTE_FORCE
1,3,4.3,11.87,2414,NORMAL
3,60,35.3,174.87,8554,PORT_SCAN
1,3,4.59,10.07,1047,NORMAL
23,4,13.46,60.84,1933,BRUTE_FORCE
24,2,9.75,40.78,2003,BRUTE_FORCE
1,1,2.55,23.54,2016,NORMAL
1,19,48.97,213.55,9617,PORT_SCAN
2,1,1.13,11.88,957,NORMAL
13,1,21.22,53.1,2774,BRUTE_FORCE
0,31,36.29,206.05,3327,PORT_SCAN
3,39,55.86,236.74,9425,PORT_SCAN
24,1,11.35,89.96,1549,BRUTE_FORCE
16,4,15.25,64.96,2755,BRUTE_FORCE
0,1,3.8,18.99,634,NORMAL
2,16,21.39,91.97,8460,PORT_SCAN
25,4,19.14,106.36,3919,BRUTE_FORCE
13,3,17.56,100.86,3253,BRUTE_FORCE
14,1,20.04,49.6,3976,BRUTE_FORCE
2,18,25.98,240.43,8211,PORT_SCAN
21,3,24.47,43.23,4648,BRUTE_FORCE
0,4,1.67,26.43,2286,NORMAL
22,3,21.72,85.95,3280,BRUTE_FORCE
10,1,14.91,93.27,2432,BRUTE_FORCE
28,4,15.2,72.18,4123,BRUTE_FORCE
0,2,3.32,16.91,1475,NORMAL
2,27,49.64,103.27,3272,PORT_SCAN
2,2,3.23,7.31,612,NORMAL
1,53,45.56,167.54,5390,PORT_SCAN
0,1,1.64,17.93,706,NORMAL
0,34,42.73,228.54,3611,PORT_SCAN
0,2,4.05,13.36,1576,NORMAL
2,40,33.07,106.44,4077,PORT_SCAN
0,48,59.79,192.53,7854,PORT_SCAN
11,2,11.26,82.9,2074,BRUTE_FORCE
19,2,14.73,47.62,4182,BRUTE_FORCE
19,2,17.05,55.9,3685,BRUTE_FORCE
0,15,40.66,108.29,8631,PORT_SCAN
0,15,46.39,216.92,8831,PORT_SCAN
3,22,24.91,224.98,6203,PORT_SCAN
12,2,15.62,97.95,3366,BRUTE_FORCE
1,3,5.12,26.82,1963,NORMAL
21,4,23.2,112.99,3066,BRUTE_FORCE
26,2,24.72,81.37,3608,BRUTE_FORCE
2,1,2.84,12.42,1921,NORMAL
0,28,57.0,161.34,9980,PORT_SCAN
16,1,22.15,79.25,2395,BRUTE_FORCE
0,1,2.87,20.01,1954,NORMAL
26,2,20.6,110.52,1912,BRUTE_FORCE
2,25,24.31,120.52,5291,PORT_SCAN
2,33,30.73,111.03,6789,PORT_SCAN
30,2,22.77,83.56,3730,BRUTE_FORCE
3,55,48.2,153.89,9115,PORT_SCAN
0,4,3.51,14.01,2212,NORMAL
10,3,17.65,85.92,4998,BRUTE_FORCE
3,16,25.38,148.29,9292,PORT_SCAN
0,4,4.29,20.15,1159,NORMAL
2,10,36.42,215.45,4921,PORT_SCAN
2,60,52.14,191.97,3941,PORT_SCAN
23,2,8.97,80.63,4987,BRUTE_FORCE
2,14,33.69,179.56,6414,PORT_SCAN
28,1,10.17,90.72,1707,BRUTE_FORCE
0,25,20.79,234.44,5438,PORT_SCAN
1,40,21.0,230.32,7099,PORT_SCAN
23,3,16.77,102.51,2829,BRUTE_FORCE
1,35,58.95,149.96,7237,PORT_SCAN
23,1,11.12,66.19,4531,BRUTE_FORCE
24,2,23.63,63.03,1785,BRUTE_FORCE
0,1,4.97,26.59,2314,NORMAL
3,36,48.41,114.82,9497,PORT_SCAN
0,25,21.32,88.6,5452,PORT_SCAN
29,1,8.09,80.36,3060,BRUTE_FORCE
1,47,22.4,115.31,2623,PORT_SCAN
19,1,23.88,109.44,2563,BRUTE_FORCE
1,4,3.17,7.76,1636,NORMAL
28,4,23.24,118.01,4214,BRUTE_FORCE
21,1,13.08,111.91,1739,BRUTE_FORCE
1,4,5.08,26.49,2495,NORMAL
2,49,30.69,207.39,7363,PORT_SCAN
1,2,5.72,9.98,1408,NORMAL
3,57,38.39,123.14,9265,PORT_SCAN
29,3,22.32,85.09,4880,BRUTE_FORCE
1,1,2.81,23.02,1720,NORMAL
2,1,3.01,10.86,944,NORMAL
2,13,21.26,240.58,4584,PORT_SCAN
3,37,36.36,216.77,5097,PORT_SCAN
12,1,10.73,116.48,2690,BRUTE_FORCE
2,1,1.94,10.28,2187,NORMAL
0,1,5.35,15.65,893,NORMAL
2,2,2.94,6.71,1542,NORMAL
0,4,4.48,25.91,2161,NORMAL
3,11,59.19,179.53,4618,PORT_SCAN
9,3,21.57,116.11,4333,BRUTE_FORCE
22,1,12.82,61.31,2987,BRUTE_FORCE
29,1,15.52,80.61,1825,BRUTE_FORCE
1,2,5.16,12.37,724,NORMAL
0,50,24.25,183.26,4578,PORT_SCAN
2,27,20.2,115.21,8906,PORT_SCAN
0,1,1.13,23.97,2135,NORMAL
3,48,20.26,229.95,6103,PORT_SCAN
21,4,14.34,75.8,3482,BRUTE_FORCE
3,35,37.05,98.35,8335,PORT_SCAN
1,39,34.73,245.22,8829,PORT_SCAN
3,43,29.61,101.7,6927,PORT_SCAN
1,1,2.5,19.1,1660,NORMAL
1,27,35.35,163.41,4021,PORT_SCAN
3,27,43.91,222.71,5614,PORT_SCAN
8,3,12.78,52.9,1752,BRUTE_FORCE
0,3,5.42,28.64,1800,NORMAL
21,4,14.72,66.49,2203,BRUTE_FORCE
24,1,11.05,104.35,1688,BRUTE_FORCE
0,57,22.54,156.21,5465,PORT_SCAN
3,37,33.98,192.07,7572,PORT_SCAN
9,4,20.56,81.92,2230,BRUTE_FORCE
8,4,18.46,118.26,3202,BRUTE_FORCE
20,2,10.77,85.99,1811,BRUTE_FORCE
18,1,20.74,96.03,2631,BRUTE_FORCE
2,37,39.55,116.89,9465,PORT_SCAN
0,13,21.05,212.91,4107,PORT_SCAN
1,3,5.39,7.32,2169,NORMAL
2,37,47.87,229.48,7021,PORT_SCAN
2,16,27.78,203.05,4327,PORT_SCAN
21,2,8.86,69.47,4111,BRUTE_FORCE
2,1,4.38,24.67,675,NORMAL
0,3,5.17,24.25,1417,NORMAL
23,1,24.53,70.61,4282,BRUTE_FORCE
2,3,2.97,28.57,1476,NORMAL
21,2,21.07,101.27,4487,BRUTE_FORCE
2,3,4.32,7.31,907,NORMAL
27,1,15.38,63.16,3490,BRUTE_FORCE
1,36,57.07,153.52,6808,PORT_SCAN
2,3,3.54,17.92,1457,NORMAL
1,15,54.57,144.66,6800,PORT_SCAN
0,1,2.52,23.4,1426,NORMAL
1,23,40.83,162.58,6931,PORT_SCAN
0,15,56.66,210.1,5920,PORT_SCAN
1,1,3.71,16.28,1834,NORMAL
1,30,40.1,117.54,2913,PORT_SCAN
30,1,17.81,103.96,3699,BRUTE_FORCE
0,49,55.17,230.26,5848,PORT_SCAN
1,3,3.8,20.49,1468,NORMAL
1,2,2.49,16.3,1226,NORMAL
17,1,13.82,60.88,2149,BRUTE_FORCE
0,52,52.68,130.89,7934,PORT_SCAN
1,3,5.4,7.94,944,NORMAL
8,4,9.94,59.32,3796,BRUTE_FORCE
13,1,8.22,50.98,1546,BRUTE_FORCE
22,1,9.46,98.54,3125,BRUTE_FORCE
1,2,1.36,9.15,1129,NORMAL
2,2,3.38,12.25,1867,NORMAL
2,16,53.31,130.36,5456,PORT_SCAN
1,4,4.88,20.2,2188,NORMAL
2,1,1.95,16.03,1357,NORMAL
0,26,26.75,245.99,7961,PORT_SCAN
1,49,51.79,194.86,4884,PORT_SCAN
0,23,39.07,102.56,4352,PORT_SCAN
0,30,53.83,152.89,8217,PORT_SCAN
0,3,4.41,14.32,2206,NORMAL
2,4,3.48,14.14,1023,NORMAL
2,51,51.75,115.74,9343,PORT_SCAN
3,21,44.45,212.46,7508,PORT_SCAN
2,2,2.52,12.21,2137,NORMAL
0,3,4.87,15.92,1247,NORMAL
1,49,23.45,198.29,4169,PORT_SCAN
1,41,45.42,245.6,3117,PORT_SCAN
0,1,2.85,20.32,1960,NORMAL
2,2,2.08,14.94,1272,NORMAL
1,1,4.02,17.99,1156,NORMAL
2,42,37.49,100.73,3722,PORT_SCAN
0,4,2.06,22.07,930,NORMAL
2,2,5.32,22.76,2097,NORMAL
16,4,11.43,109.55,3341,BRUTE_FORCE
3,46,45.69,211.94,7532,PORT_SCAN
21,2,11.67,88.75,2229,BRUTE_FORCE
2,36,20.05,206.62,8991,PORT_SCAN
1,19,24.13,139.92,8720,PORT_SCAN
1,2,2.33,27.67,2257,NORMAL
2,35,46.27,129.84,4945,PORT_SCAN
27,4,21.84,103.07,2481,BRUTE_FORCE
1,52,53.67,153.64,8391,PORT_SCAN
0,1,4.61,12.89,2021,NORMAL
29,3,22.59,115.04,3398,BRUTE_FORCE
2,2,2.21,21.75,1587,NORMAL
0,34,51.28,141.05,6960,PORT_SCAN
0,57,33.91,142.12,6577,PORT_SCAN
22,1,21.71,82.97,2829,BRUTE_FORCE
20,2,17.81,99.99,4317,BRUTE_FORCE
0,2,1.23,13.62,1299,NORMAL
2,4,4.59,28.93,1756,NORMAL
11,4,11.59,69.71,3753,BRUTE_FORCE
1,3,1.69,28.6,2387,NORMAL
1,2,5.19,7.62,2219,NORMAL
15,3,14.63,80.04,4816,BRUTE_FORCE
0,11,41.37,196.66,3499,PORT_SCAN
26,1,12.77,48.89,3406,BRUTE_FORCE
0,2,1.36,19.27,1170,NORMAL
0,1,3.81,25.22,701,NORMAL
1,38,56.76,197.07,3398,PORT_SCAN
2,2,5.65,17.14,2499,NORMAL
2,11,32.93,201.26,7654,PORT_SCAN
2,2,5.0,23.21,2388,NORMAL
2,2,3.98,6.17,718,NORMAL
14,3,17.58,64.31,4050,BRUTE_FORCE
20,3,11.99,102.42,3971,BRUTE_FORCE
1,2,3.52,14.88,2029,NORMAL
0,11,26.14,143.65,9190,PORT_SCAN
2,2,4.87,6.86,1831,NORMAL
0,17,48.33,88.66,7507,PORT_SCAN
1,19,24.52,109.95,8063,PORT_SCAN
28,2,16.93,58.11,2644,BRUTE_FORCE
1,3,3.86,11.45,650,NORMAL
2,2,4.87,11.27,1202,NORMAL
3,17,25.79,139.44,4918,PORT_SCAN
0,55,56.36,215.19,4014,PORT_SCAN
3,41,26.79,190.07,7080,PORT_SCAN
3,20,42.22,109.34,9623,PORT_SCAN
2,10,39.26,90.02,5378,PORT_SCAN
3,53,44.13,188.92,5789,PORT_SCAN
26,2,10.87,59.93,1807,BRUTE_FORCE
1,11,52.24,205.24,5879,PORT_SCAN
20,3,14.48,55.69,3017,BRUTE_FORCE
1,18,38.81,93.41,6314,PORT_SCAN
12,3,24.7,118.93,3296,BRUTE_FORCE
24,3,13.48,79.92,4021,BRUTE_FORCE
2,3,1.65,13.1,2456,NORMAL
0,1,1.35,9.03,2034,NORMAL
3,58,52.5,236.23,3146,PORT_SCAN
1,44,43.72,93.34,5380,PORT_SCAN
1,59,21.41,181.07,8885,PORT_SCAN
23,1,14.58,70.18,2012,BRUTE_FORCE
8,3,16.75,104.51,3990,BRUTE_FORCE
21,3,23.48,107.49,3749,BRUTE_FORCE
16,4,12.5,79.19,3870,BRUTE_FORCE
16,4,10.69,57.53,3898,BRUTE_FORCE
1,3,3.1,16.82,1763,NORMAL
1,2,5.05,12.77,2449,NORMAL
29,1,16.06,50.59,2209,BRUTE_FORCE
1,29,53.55,248.32,8106,PORT_SCAN
1,40,25.59,179.76,5549,PORT_SCAN
2,1,4.53,19.83,741,NORMAL
28,4,18.48,65.0,4848,BRUTE_FORCE
1,4,1.08,26.71,2000,NORMAL
2,1,1.72,23.1,730,NORMAL
1,2,4.9,11.93,627,NORMAL
1,1,4.58,10.34,1662,NORMAL
12,4,24.81,111.13,2627,BRUTE_FORCE
1,41,25.9,162.05,5452,PORT_SCAN
2,3,5.41,15.57,1668,NORMAL
0,1,5.74,10.19,932,NORMAL
15,1,10.32,73.57,3095,BRUTE_FORCE
1,3,2.09,23.82,1586,NORMAL
2,3,1.89,16.8,975,NORMAL
3,12,43.86,86.97,8066,PORT_SCAN
0,33,52.69,127.42,5198,PORT_SCAN
3,34,20.28,133.66,6989,PORT_SCAN
3,40,51.78,111.04,7619,PORT_SCAN
19,4,22.44,90.48,3864,BRUTE_FORCE
1,4,5.01,9.09,1678,NORMAL
2,26,59.85,170.19,4724,PORT_SCAN
23,1,21.39,80.17,3424,BRUTE_FORCE
27,2,24.18,85.44,2071,BRUTE_FORCE
10,2,8.4,64.11,1938,BRUTE_FORCE
1,2,4.35,21.7,822,NORMAL
23,1,18.31,44.65,4722,BRUTE_FORCE
0,56,22.89,147.1,4286,PORT_SCAN
10,3,16.66,106.32,3126,BRUTE_FORCE
2,2,1.16,9.39,712,NORMAL
1,3,3.91,9.14,2048,NORMAL
2,3,5.17,5.91,1911,NORMAL
1,1,1.56,27.78,1822,NORMAL
1,1,1.34,27.95,2439,NORMAL
0,30,24.83,179.81,6118,PORT_SCAN
8,1,16.87,50.07,4000,BRUTE_FORCE
1,12,23.75,146.12,7636,PORT_SCAN
2,1,4.68,6.72,684,NORMAL
2,40,53.66,103.27,9136,PORT_SCAN
1,19,58.18,103.4,5117,PORT_SCAN
9,4,9.52,54.57,3907,BRUTE_FORCE
8,1,13.75,60.87,2870,BRUTE_FORCE
23,4,11.0,93.61,1676,BRUTE_FORCE
3,17,59.81,237.63,2834,PORT_SCAN
13,4,12.37,48.12,4585,BRUTE_FORCE
1,28,50.43,173.97,9487,PORT_SCAN
3,43,32.81,234.13,3603,PORT_SCAN
1,4,4.74,11.24,1641,NORMAL
1,15,58.97,113.71,8244,PORT_SCAN
0,17,53.15,219.53,2750,PORT_SCAN
0,2,1.72,16.89,500,NORMAL
1,4,1.48,23.8,977,NORMAL
0,1,4.7,11.08,1771,NORMAL
24,3,19.8,50.02,2392,BRUTE_FORCE
1,3,5.13,19.29,744,NORMAL
10,4,22.54,109.04,3485,BRUTE_FORCE
16,3,21.59,69.59,2230,BRUTE_FORCE
1,3,1.21,27.0,916,NORMAL
0,3,3.23,6.19,1438,NORMAL
10,3,22.82,114.54,4638,BRUTE_FORCE
13,3,23.35,101.3,2402,BRUTE_FORCE
0,49,30.59,189.24,5463,PORT_SCAN
1,34,47.32,115.72,6652,PORT_SCAN
0,4,3.25,26.32,1406,NORMAL
18,1,8.16,89.69,3806,BRUTE_FORCE
11,4,19.23,85.48,2537,BRUTE_FORCE
0,14,34.52,135.07,4459,PORT_SCAN
0,4,1.27,29.46,2189,NORMAL
0,28,29.75,83.53,7515,PORT_SCAN
25,3,8.29,113.47,4375,BRUTE_FORCE
0,3,5.68,7.69,1898,NORMAL
12,4,8.32,44.61,2589,BRUTE_FORCE
15,3,13.14,119.17,3963,BRUTE_FORCE
0,3,2.24,9.85,1614,NORMAL
3,32,32.13,118.13,4145,PORT_SCAN
14,3,10.31,84.34,2733,BRUTE_FORCE
21,3,19.54,44.19,4084,BRUTE_FORCE
26,1,24.8,44.7,4534,BRUTE_FORCE
0,3,4.15,24.45,1191,NORMAL
2,3,4.81,9.3,2479,NORMAL
3,34,28.82,93.47,7622,PORT_SCAN
19,4,23.12,99.46,3083,BRUTE_FORCE
26,1,10.95,110.01,2322,BRUTE_FORCE
1,25,54.88,85.34,2916,PORT_SCAN
2,3,3.63,28.92,1566,NORMAL
1,23,35.57,111.96,7954,PORT_SCAN
2,3,1.27,26.13,757,NORMAL
30,2,25.0,105.66,2479,BRUTE_FORCE
22,1,14.48,62.92,4087,BRUTE_FORCE
2,52,27.74,130.3,9625,PORT_SCAN
10,2,14.12,78.95,3742,BRUTE_FORCE
1,2,3.37,18.6,720,NORMAL
0,10,32.44,87.49,9447,PORT_SCAN
2,1,5.97,20.69,1853,NORMAL
2,2,3.35,15.95,1539,NORMAL
0,4,5.59,29.81,2275,NORMAL
2,3,1.12,23.22,1312,NORMAL
1,30,54.4,247.66,4522,PORT_SCAN
1,43,45.75,241.22,5251,PORT_SCAN
0,4,5.18,29.08,1363,NORMAL
0,33,54.85,110.01,8028,PORT_SCAN
29,4,8.59,45.38,4688,BRUTE_FORCE
2,1,1.53,10.98,998,NORMAL
2,1,5.45,5.02,1580,NORMAL
2,1,2.27,7.94,1558,NORMAL
1,26,46.59,103.54,5571,PORT_SCAN
2,1,2.97,28.64,990,NORMAL
0,25,26.31,95.54,7567,PORT_SCAN
12,3,21.38,74.81,4523,BRUTE_FORCE
1,2,3.06,15.97,1562,NORMAL
1,13,31.12,151.41,6177,PORT_SCAN
10,2,12.35,74.17,2300,BRUTE_FORCE
0,1,1.48,11.08,1183,NORMAL
15,1,16.11,48.47,1964,BRUTE_FORCE
2,44,37.57,168.51,8983,PORT_SCAN
14,1,11.99,69.31,4552,BRUTE_FORCE
23,2,12.19,107.52,3233,BRUTE_FORCE
1,60,59.58,88.57,3758,PORT_SCAN
3,56,53.84,169.17,4450,PORT_SCAN
1,1,3.09,12.63,1340,NORMAL
0,2,5.06,6.86,898,NORMAL
8,1,17.31,45.41,1683,BRUTE_FORCE
1,1,2.09,18.19,803,NORMAL
2,4,1.86,12.62,1980,NORMAL
1,1,1.2,21.21,711,NORMAL
2,2,2.37,25.59,1534,NORMAL
2,2,5.5,25.04,754,NORMAL
17,4,12.09,57.64,3972,BRUTE_FORCE
0,4,2.7,13.44,839,NORMAL
1,58,48.64,171.94,7494,PORT_SCAN
2,17,22.85,237.09,8796,PORT_SCAN
14,2,20.28,67.4,3210,BRUTE_FORCE
23,2,11.51,97.34,2104,BRUTE_FORCE
3,22,51.29,157.53,6633,PORT_SCAN
8,3,12.44,51.52,1603,BRUTE_FORCE
0,15,36.21,144.12,6399,PORT_SCAN
2,14,57.29,239.12,6494,PORT_SCAN
3,23,27.31,143.56,4494,PORT_SCAN
1,4,1.76,29.69,1579,NORMAL
0,17,40.72,131.7,3826,PORT_SCAN
26,1,15.86,88.48,4706,BRUTE_FORCE
14,2,10.31,74.76,2389,BRUTE_FORCE
13,3,18.05,117.26,4640,BRUTE_FORCE
0,3,1.82,22.61,1606,NORMAL
0,54,53.29,122.2,3261,PORT_SCAN
23,3,11.76,95.58,2895,BRUTE_FORCE
3,58,42.9,219.45,7711,PORT_SCAN
1,40,56.71,151.27,6448,PORT_SCAN
2,37,21.82,193.7,9017,PORT_SCAN
1,4,5.25,27.61,715,NORMAL
11,4,14.24,62.01,3080,BRUTE_FORCE
0,2,4.84,9.03,2473,NORMAL
19,4,21.87,47.75,4724,BRUTE_FORCE
2,3,2.05,8.45,687,NORMAL
3,53,23.2,81.18,8296,PORT_SCAN
3,45,32.84,106.97,7626,PORT_SCAN
1,10,36.34,197.19,6349,PORT_SCAN
15,4,23.91,74.29,4738,BRUTE_FORCE
3,13,50.49,136.88,8960,PORT_SCAN
2,1,5.57,9.38,2306,NORMAL
3,14,40.56,142.64,7412,PORT_SCAN
22,3,15.19,116.59,4708,BRUTE_FORCE
20,4,8.61,93.75,4354,BRUTE_FORCE
3,22,30.4,224.06,7440,PORT_SCAN
30,1,17.2,43.9,3645,BRUTE_FORCE
0,40,41.17,195.96,7749,PORT_SCAN
1,33,45.09,229.63,4954,PORT_SCAN
1,4,5.49,20.24,1868,NORMAL
3,20,25.81,106.38,8873,PORT_SCAN
12,2,23.84,62.39,1596,BRUTE_FORCE
30,1,12.88,67.59,3518,BRUTE_FORCE
12,1,10.23,48.82,3290,BRUTE_FORCE
16,1,19.7,82.02,4743,BRUTE_FORCE
11,3,15.07,109.24,1559,BRUTE_FORCE
0,35,58.11,161.99,5659,PORT_SCAN
3,27,42.6,184.8,6304,PORT_SCAN
16,3,22.12,67.18,3588,BRUTE_FORCE
2,4,4.9,13.57,986,NORMAL
1,16,35.14,196.88,6440,PORT_SCAN
0,27,20.32,114.68,9954,PORT_SCAN
1,50,28.54,176.6,7424,PORT_SCAN
0,2,1.92,9.4,1262,NORMAL
0,46,36.81,179.5,4049,PORT_SCAN
8,4,20.02,54.97,3784,BRUTE_FORCE
15,2,21.78,87.03,2936,BRUTE_FORCE
0,3,1.54,7.9,1357,NORMAL
11,2,8.11,93.52,2438,BRUTE_FORCE
1,16,51.12,249.94,3296,PORT_SCAN
8,3,22.7,100.73,3154,BRUTE_FORCE
3,52,31.7,175.71,8424,PORT_SCAN
0,1,3.02,17.49,797,NORMAL
1,28,48.19,85.13,3188,PORT_SCAN
26,4,20.66,59.37,4625,BRUTE_FORCE
2,4,1.13,23.35,1429,NORMAL
14,4,24.18,68.57,4249,BRUTE_FORCE
1,2,5.54,7.65,1604,NORMAL
1,2,5.27,28.75,1207,NORMAL
2,1,4.77,6.14,1911,NORMAL
3,32,39.05,154.49,8207,PORT_SCAN
0,60,22.75,114.18,9262,PORT_SCAN
1,1,2.84,5.28,1169,NORMAL
12,3,22.63,114.74,2755,BRUTE_FORCE
23,1,10.4,71.15,3481,BRUTE_FORCE
2,2,4.96,24.65,2145,NORMAL
8,4,10.57,71.18,2547,BRUTE_FORCE
1,13,40.93,227.38,4560,PORT_SCAN
30,1,12.85,70.93,2167,BRUTE_FORCE
19,4,22.55,82.27,4868,BRUTE_FORCE
1,3,1.13,13.57,2336,NORMAL
2,25,35.12,188.23,3226,PORT_SCAN
14,4,22.89,78.54,4621,BRUTE_FORCE
2,21,57.94,193.8,4443,PORT_SCAN
3,16,47.25,103.37,7008,PORT_SCAN
3,48,40.8,243.55,4677,PORT_SCAN
2,12,32.45,246.92,6902,PORT_SCAN
2,28,36.29,129.38,4444,PORT_SCAN
2,3,1.02,7.59,2034,NORMAL
1,43,54.12,200.79,7810,PORT_SCAN
28,2,15.31,111.05,3194,BRUTE_FORCE
2,1,1.2,19.67,1739,NORMAL
1,4,4.3,13.36,556,NORMAL
18,4,19.2,79.09,2130,BRUTE_FORCE
20,2,15.8,45.28,4838,BRUTE_FORCE
2,4,1.77,6.58,2345,NORMAL
10,3,19.33,70.16,1571,BRUTE_FORCE
0,2,1.23,10.96,580,NORMAL
21,2,19.18,76.63,1927,BRUTE_FORCE
1,4,2.62,8.51,1125,NORMAL
1,39,48.88,91.87,8632,PORT_SCAN
0,4,3.3,23.95,864,NORMAL
1,4,3.8,12.13,1866,NORMAL
0,2,5.31,22.38,510,NORMAL
3,54,25.08,104.32,4719,PORT_SCAN
0,1,1.83,28.06,1558,NORMAL
0,3,2.86,22.45,1926,NORMAL
30,1,17.7,111.14,3608,BRUTE_FORCE
0,4,5.36,6.83,2402,NORMAL
3,50,38.92,141.73,3488,PORT_SCAN
2,19,30.94,243.37,5286,PORT_SCAN
18,3,19.52,47.67,3410,BRUTE_FORCE
30,3,22.72,46.31,2317,BRUTE_FORCE
0,19,31.53,99.4,8996,PORT_SCAN
14,4,10.65,58.54,4474,BRUTE_FORCE
28,4,24.16,77.79,4891,BRUTE_FORCE
10,3,17.42,79.43,1543,BRUTE_FORCE
26,3,11.2,108.85,4392,BRUTE_FORCE
2,24,48.03,123.72,3792,PORT_SCAN
1,3,4.5,22.79,1109,NORMAL
3,37,51.12,99.36,2720,PORT_SCAN
23,2,11.87,53.96,4031,BRUTE_FORCE
25,2,22.5,118.78,2759,BRUTE_FORCE
0,20,43.74,180.91,5969,PORT_SCAN
26,3,20.5,91.43,4008,BRUTE_FORCE
2,1,5.62,19.07,706,NORMAL
0,57,52.94,87.35,5478,PORT_SCAN
0,52,57.36,190.28,5904,PORT_SCAN
0,53,27.67,95.85,5989,PORT_SCAN
3,24,47.97,112.32,6777,PORT_SCAN
2,1,5.56,7.13,2257,NORMAL
1,58,22.01,245.03,8868,PORT_SCAN
2,48,46.99,212.89,2957,PORT_SCAN
3,25,40.15,199.43,6077,PORT_SCAN
0,3,2.14,25.42,2125,NORMAL
3,46,40.43,221.77,8205,PORT_SCAN
1,12,29.91,154.42,6099,PORT_SCAN
2,3,5.78,6.8,1224,NORMAL
1,10,36.53,139.21,6353,PORT_SCAN
19,2,12.42,67.75,1604,BRUTE_FORCE
3,10,31.87,154.03,4910,PORT_SCAN
24,2,12.52,72.01,4353,BRUTE_FORCE
0,43,27.12,206.11,4500,PORT_SCAN
0,4,1.19,5.35,755,NORMAL
14,1,21.85,102.11,1526,BRUTE_FORCE
0,55,58.3,236.9,7657,PORT_SCAN
0,2,1.68,16.34,1890,NORMAL
1,3,5.1,26.78,956,NORMAL
1,2,4.79,16.73,1760,NORMAL
2,11,59.78,122.27,8959,PORT_SCAN
2,59,28.16,216.73,6298,PORT_SCAN
14,1,8.07,90.54,2837,BRUTE_FORCE
1,4,3.43,29.78,1364,NORMAL
1,34,59.27,148.73,9168,PORT_SCAN
3,28,49.22,213.01,7495,PORT_SCAN
2,4,3.08,21.69,625,NORMAL
0,3,4.9,7.92,1915,NORMAL
0,47,30.86,206.12,6154,PORT_SCAN
1,40,41.73,113.37,4836,PORT_SCAN
1,1,3.37,19.01,691,NORMAL
22,4,17.62,77.55,3623,BRUTE_FORCE
1,1,2.82,14.27,1711,NORMAL
1,38,55.59,181.6,8755,PORT_SCAN
8,4,8.92,81.95,2807,BRUTE_FORCE
0,2,4.45,19.21,918,NORMAL
8,1,13.41,101.71,2980,BRUTE_FORCE
3,51,23.28,177.35,9006,PORT_SCAN
0,17,35.32,159.11,2834,PORT_SCAN
2,52,32.87,217.92,7662,PORT_SCAN
17,2,12.35,102.87,4225,BRUTE_FORCE
1,1,1.56,5.95,1294,NORMAL
10,4,22.57,75.24,4937,BRUTE_FORCE
1,15,33.29,188.99,5469,PORT_SCAN
1,19,59.14,151.22,4292,PORT_SCAN
20,3,23.12,102.27,2700,BRUTE_FORCE
3,12,44.99,226.59,9734,PORT_SCAN
10,3,11.34,116.67,3889,BRUTE_FORCE
16,1,10.75,86.38,3319,BRUTE_FORCE
2,1,1.18,28.02,1490,NORMAL
3,41,59.73,190.33,2993,PORT_SCAN
2,4,1.68,28.62,1938,NORMAL
2,1,5.03,13.44,733,NORMAL
15,3,8.28,62.04,4217,BRUTE_FORCE
1,4,5.99,8.31,1334,NORMAL
1,3,2.0,7.21,1149,NORMAL
20,3,14.85,92.86,3840,BRUTE_FORCE
2,1,1.47,21.48,2347,NORMAL
3,41,39.55,123.03,8878,PORT_SCAN
16,4,23.34,99.24,4562,BRUTE_FORCE
18,2,15.2,53.73,2056,BRUTE_FORCE
0,3,4.2,14.07,1183,NORMAL
2,10,22.92,116.13,5608,PORT_SCAN
14,4,14.36,114.66,1543,BRUTE_FORCE
0,1,1.6,23.04,1414,NORMAL
2,10,50.36,143.97,8546,PORT_SCAN
11,4,13.07,98.95,3356,BRUTE_FORCE
24,3,16.37,93.57,4355,BRUTE_FORCE
1,1,4.72,8.35,2245,NORMAL
26,4,18.0,60.23,2140,BRUTE_FORCE
2,3,4.55,23.61,1395,NORMAL
2,4,2.03,6.74,1202,NORMAL
0,51,29.18,90.12,5681,PORT_SCAN
30,4,18.78,46.82,4397,BRUTE_FORCE
2,3,3.25,17.42,2148,NORMAL
2,56,56.82,106.3,3122,PORT_SCAN
1,28,37.58,230.35,8837,PORT_SCAN
19,4,17.69,92.98,1650,BRUTE_FORCE
19,4,12.67,118.4,1734,BRUTE_FORCE
1,3,4.94,18.26,1915,NORMAL
26,4,11.56,46.51,3427,BRUTE_FORCE
2,3,1.88,8.31,917,NORMAL
12,4,13.93,105.18,3519,BRUTE_FORCE
2,3,1.95,27.19,2074,NORMAL
0,50,59.22,150.01,6935,PORT_SCAN
30,3,13.24,87.13,4586,BRUTE_FORCE
1,43,55.05,213.43,8370,PORT_SCAN
2,3,4.47,29.15,1653,NORMAL
23,3,23.78,47.82,3174,BRUTE_FORCE
0,2,1.15,28.22,1992,NORMAL
1,4,3.72,28.5,1262,NORMAL
15,3,23.78,91.78,4124,BRUTE_FORCE
1,1,4.91,6.55,2143,NORMAL
3,12,41.58,209.63,8418,PORT_SCAN
0,1,4.19,21.89,1445,NORMAL
0,46,33.11,88.8,2615,PORT_SCAN
1,4,1.58,12.09,1729,NORMAL
0,1,4.48,11.33,1456,NORMAL
0,52,25.84,117.73,7912,PORT_SCAN
28,2,11.49,45.84,2878,BRUTE_FORCE
3,14,55.08,227.23,8836,PORT_SCAN
3,50,44.59,87.12,6525,PORT_SCAN
2,4,4.68,11.17,1170,NORMAL
27,3,10.65,48.54,1821,BRUTE_FORCE
3,46,33.23,192.33,5247,PORT_SCAN
1,4,4.73,11.19,2242,NORMAL
0,4,3.01,26.09,937,NORMAL
0,50,43.08,146.64,8743,PORT_SCAN
2,2,1.82,17.47,2221,NORMAL
20,3,10.07,70.75,4113,BRUTE_FORCE
2,2,3.06,8.99,2405,NORMAL
20,1,15.87,101.04,3621,BRUTE_FORCE
15,3,24.93,41.39,2706,BRUTE_FORCE
23,2,11.85,51.01,1816,BRUTE_FORCE
0,35,27.74,106.99,7908,PORT_SCAN
2,3,3.01,24.52,1273,NORMAL
29,2,14.21,114.0,4721,BRUTE_FORCE
3,45,44.52,230.8,8601,PORT_SCAN
2,41,44.74,208.88,4642,PORT_SCAN
0,40,59.02,227.95,5702,PORT_SCAN
22,3,13.37,88.5,4504,BRUTE_FORCE
2,49,36.69,150.62,8181,PORT_SCAN
0,58,23.36,218.65,5464,PORT_SCAN
0,54,29.64,93.38,9335,PORT_SCAN
20,2,17.43,67.48,3342,BRUTE_FORCE
13,4,13.79,112.46,2002,BRUTE_FORCE
0,23,41.74,82.44,6960,PORT_SCAN
22,3,18.58,103.75,3900,BRUTE_FORCE
2,39,52.15,173.78,7513,PORT_SCAN
1,3,1.69,24.34,2042,NORMAL
16,3,19.91,83.18,1948,BRUTE_FORCE
10,1,16.59,90.98,3115,BRUTE_FORCE
1,3,5.02,16.71,654,NORMAL
0,29,36.83,97.17,6762,PORT_SCAN
17,3,19.34,66.09,4355,BRUTE_FORCE
8,4,24.31,95.64,3672,BRUTE_FORCE
1,2,5.06,15.2,2187,NORMAL
12,2,12.35,46.0,2504,BRUTE_FORCE
14,3,24.76,99.17,4000,BRUTE_FORCE
0,11,55.26,199.66,7687,PORT_SCAN
2,2,3.14,5.94,1471,NORMAL
3,37,23.48,139.5,2784,PORT_SCAN
1,2,1.61,26.49,1174,NORMAL
12,4,10.62,54.47,4337,BRUTE_FORCE
24,3,23.0,90.22,2526,BRUTE_FORCE
3,48,37.82,229.13,5007,PORT_SCAN
1,22,28.39,201.45,8124,PORT_SCAN
9,4,17.71,46.71,4908,BRUTE_FORCE
0,26,38.93,207.76,2716,PORT_SCAN
0,10,55.87,129.23,2906,PORT_SCAN
9,1,23.6,90.99,4958,BRUTE_FORCE
2,2,5.7,22.12,2343,NORMAL
0,28,58.02,214.72,2788,PORT_SCAN
0,48,55.31,120.44,7323,PORT_SCAN
1,4,5.83,10.38,1222,NORMAL
13,4,17.62,101.8,3528,BRUTE_FORCE
10,1,17.21,103.78,4141,BRUTE_FORCE
30,3,9.8,73.62,2502,BRUTE_FORCE
1,3,5.98,27.33,886,NORMAL
14,2,21.87,114.74,3319,BRUTE_FORCE
1,1,1.02,26.76,1322,NORMAL
2,20,22.61,87.77,4882,PORT_SCAN
0,35,52.53,186.78,8870,PORT_SCAN
27,2,21.19,70.43,3313,BRUTE_FORCE
22,2,18.09,88.97,1513,BRUTE_FORCE
1,4,4.59,10.97,821,NORMAL
0,23,56.77,168.29,3852,PORT_SCAN
14,4,10.22,44.71,4330,BRUTE_FORCE
0,3,3.88,21.31,817,NORMAL
1,43,45.79,149.99,5308,PORT_SCAN
22,2,22.25,110.87,2734,BRUTE_FORCE
1,4,3.25,20.41,1126,NORMAL
13,2,22.09,52.61,4247,BRUTE_FORCE
0,2,1.23,22.34,1997,NORMAL
19,2,19.0,43.54,4142,BRUTE_FORCE
2,36,38.6,158.48,9022,PORT_SCAN
1,11,49.59,125.24,6450,PORT_SCAN
0,3,3.51,17.96,1541,NORMAL
27,3,22.36,60.94,3555,BRUTE_FORCE
2,21,37.62,163.59,4143,PORT_SCAN
22,2,17.98,82.03,4565,BRUTE_FORCE
3,38,59.58,84.35,8086,PORT_SCAN
0,3,5.78,6.41,2082,NORMAL
10,3,18.33,42.11,4747,BRUTE_FORCE
30,2,10.93,47.97,3685,BRUTE_FORCE
27,3,19.81,54.26,2803,BRUTE_FORCE
1,4,5.35,16.51,1580,NORMAL
2,4,5.9,26.22,2009,NORMAL
0,2,3.49,22.92,1542,NORMAL
2,4,5.95,15.35,2450,NORMAL
16,3,16.49,114.14,3132,BRUTE_FORCE
1,31,48.91,140.19,8881,PORT_SCAN
1,30,45.69,156.5,8071,PORT_SCAN
10,1,14.72,104.88,3288,BRUTE_FORCE
12,3,18.77,45.1,3577,BRUTE_FORCE
1,57,29.76,109.66,3811,PORT_SCAN
0,36,37.04,125.79,7230,PORT_SCAN
2,1,1.93,9.66,2068,NORMAL
0,3,4.64,24.1,1249,NORMAL
26,4,10.55,54.59,4545,BRUTE_FORCE
9,1,24.66,92.01,3930,BRUTE_FORCE
0,4,1.59,25.02,2059,NORMAL
11,1,20.79,54.75,2246,BRUTE_FORCE
2,2,5.36,28.74,1814,NORMAL
1,2,3.85,18.45,2359,NORMAL
9,1,12.78,87.8,4952,BRUTE_FORCE
2,2,3.02,12.95,824,NORMAL
3,42,34.74,144.7,9546,PORT_SCAN
0,1,2.9,12.32,2351,NORMAL
1,3,4.1,17.31,2304,NORMAL
10,3,10.55,64.35,4835,BRUTE_FORCE
1,4,5.28,19.42,2442,NORMAL
0,4,3.34,29.82,987,NORMAL
8,2,22.35,110.87,1947,BRUTE_FORCE
23,3,23.96,47.95,2638,BRUTE_FORCE
12,1,13.5,67.54,3946,BRUTE_FORCE
0,1,1.92,12.36,1224,NORMAL
9,4,10.99,95.09,4172,BRUTE_FORCE
26,4,24.04,54.43,2655,BRUTE_FORCE
14,3,19.5,104.67,1691,BRUTE_FORCE
0,13,33.56,243.26,5255,PORT_SCAN
1,4,2.52,12.21,2108,NORMAL
2,16,52.09,107.17,9713,PORT_SCAN
1,3,1.78,8.62,2136,NORMAL
2,4,3.27,28.88,1716,NORMAL
3,58,58.93,236.8,3007,PORT_SCAN
2,4,4.12,21.33,1421,NORMAL
0,4,3.78,18.8,2254,NORMAL
1,42,26.41,147.39,5970,PORT_SCAN
23,2,23.44,72.12,4977,BRUTE_FORCE
23,4,13.78,65.6,2068,BRUTE_FORCE
1,1,2.09,14.1,2427,NORMAL
8,1,21.38,59.49,2015,BRUTE_FORCE
0,41,49.81,83.02,5804,PORT_SCAN
0,39,31.37,223.08,5799,PORT_SCAN
17,2,24.73,94.75,2730,BRUTE_FORCE
1,31,33.69,129.36,5863,PORT_SCAN
0,4,3.64,14.04,2378,NORMAL
12,1,11.91,96.02,1963,BRUTE_FORCE
2,3,5.2,9.95,1813,NORMAL
0,47,24.27,212.37,3417,PORT_SCAN
2,30,54.07,221.22,3209,PORT_SCAN
2,37,22.51,187.85,6355,PORT_SCAN
10,2,16.03,99.33,4239,BRUTE_FORCE
3,52,38.16,108.22,3774,PORT_SCAN
1,1,5.25,29.38,966,NORMAL
1,4,3.95,24.46,1212,NORMAL
0,52,29.21,217.9,8400,PORT_SCAN
0,3,3.8,21.76,2016,NORMAL
15,4,22.79,86.38,3783,BRUTE_FORCE
1,3,4.75,10.73,2000,NORMAL
14,2,11.23,91.0,4668,BRUTE_FORCE
25,4,21.39,68.88,2598,BRUTE_FORCE
9,4,22.65,118.32,3283,BRUTE_FORCE
16,3,11.82,117.83,2719,BRUTE_FORCE
0,10,53.36,188.64,9694,PORT_SCAN
2,1,3.29,10.09,1830,NORMAL
2,3,4.38,11.01,788,NORMAL
1,60,29.81,241.94,9966,PORT_SCAN
9,2,12.3,70.78,4117,BRUTE_FORCE
8,1,11.56,109.42,3218,BRUTE_FORCE
2,3,2.78,12.56,1526,NORMAL
24,1,20.01,114.13,3293,BRUTE_FORCE
0,35,30.54,180.48,5594,PORT_SCAN
2,2,1.53,15.27,2222,NORMAL
2,3,5.81,21.09,1621,NORMAL
1,1,1.44,14.73,1625,NORMAL
19,4,22.63,102.07,3372,BRUTE_FORCE
0,57,56.31,190.91,5010,PORT_SCAN
18,1,22.85,88.82,4407,BRUTE_FORCE
27,2,15.2,109.14,4936,BRUTE_FORCE
26,2,17.18,77.76,3648,BRUTE_FORCE
1,1,4.04,21.45,1920,NORMAL
1,2,1.47,29.41,1168,NORMAL
3,53,39.97,187.67,4482,PORT_SCAN
12,2,24.73,106.51,2689,BRUTE_FORCE
22,1,15.22,89.86,1759,BRUTE_FORCE
3,37,42.15,231.49,6499,PORT_SCAN
0,25,53.39,160.52,4849,PORT_SCAN
3,21,42.1,112.08,8729,PORT_SCAN
25,2,16.2,90.63,3931,BRUTE_FORCE
0,20,35.45,150.85,4282,PORT_SCAN
0,3,5.75,10.56,1874,NORMAL
0,40,59.34,249.43,2527,PORT_SCAN
0,4,4.62,25.65,2389,NORMAL
0,15,41.73,108.96,6707,PORT_SCAN
2,22,44.14,236.6,6332,PORT_SCAN
1,3,2.29,19.31,974,NORMAL
2,3,1.7,12.38,1094,NORMAL
26,4,22.64,48.92,3313,BRUTE_FORCE
2,1,4.87,27.9,1385,NORMAL
3,52,25.44,226.55,8468,PORT_SCAN
0,20,22.64,108.3,8590,PORT_SCAN
2,3,2.87,20.82,631,NORMAL
27,1,23.25,101.99,4159,BRUTE_FORCE
16,3,23.73,60.47,3750,BRUTE_FORCE
0,4,5.83,12.84,1779,NORMAL
3,50,28.95,91.07,6294,PORT_SCAN
18,2,24.78,106.13,3022,BRUTE_FORCE
1,58,29.9,208.31,9652,PORT_SCAN
2,15,50.88,201.16,3939,PORT_SCAN
0,58,37.16,184.99,8474,PORT_SCAN
1,2,5.4,7.11,1600,NORMAL
3,37,45.39,115.56,9689,PORT_SCAN
28,3,21.07,93.07,3534,BRUTE_FORCE
0,14,28.48,81.87,9952,PORT_SCAN
0,2,4.87,29.87,604,NORMAL
0,22,58.36,139.53,3530,PORT_SCAN
1,1,4.64,29.47,2203,NORMAL
11,4,11.97,87.86,2966,BRUTE_FORCE
18,4,11.11,98.96,3611,BRUTE_FORCE
10,1,10.37,65.08,3114,BRUTE_FORCE
2,39,35.95,204.03,5060,PORT_SCAN
1,1,5.5,13.05,803,NORMAL
20,2,19.54,63.29,1519,BRUTE_FORCE
2,2,2.3,21.17,2285,NORMAL
0,1,4.51,7.07,2231,NORMAL
2,4,2.74,13.76,932,NORMAL
1,1,2.94,6.24,1928,NORMAL
2,2,1.8,11.25,2138,NORMAL
0,4,2.41,15.93,1729,NORMAL
1,2,4.85,19.36,1226,NORMAL
2,60,30.1,211.12,7607,PORT_SCAN
3,53,51.58,243.16,4257,PORT_SCAN
9,3,20.16,87.59,4892,BRUTE_FORCE
0,4,4.5,14.31,2249,NORMAL
16,2,20.57,46.62,3517,BRUTE_FORCE
2,57,36.15,90.7,9748,PORT_SCAN
2,11,44.4,208.52,8832,PORT_SCAN
2,57,59.78,209.82,3739,PORT_SCAN
18,3,14.02,40.41,4459,BRUTE_FORCE
0,1,1.09,15.88,1214,NORMAL
1,4,2.56,28.29,937,NORMAL
3,15,27.58,212.38,7860,PORT_SCAN
2,2,3.05,9.64,1457,NORMAL
3,38,44.26,143.4,8262,PORT_SCAN
0,2,2.89,29.63,1043,NORMAL
22,2,22.36,77.1,3755,BRUTE_FORCE
0,3,5.7,14.45,2112,NORMAL
0,4,2.82,5.22,1629,NORMAL
0,29,59.54,206.45,3250,PORT_SCAN
3,53,22.02,145.21,3205,PORT_SCAN
22,4,19.33,49.95,2533,BRUTE_FORCE
0,15,58.98,235.84,5591,PORT_SCAN
1,52,22.87,232.05,4649,PORT_SCAN
0,4,2.31,14.96,1389,NORMAL
1,54,21.56,249.44,9498,PORT_SCAN
1,3,1.01,9.84,722,NORMAL
24,4,22.12,83.83,2151,BRUTE_FORCE
1,4,5.73,16.06,948,NORMAL
25,1,18.66,56.86,4078,BRUTE_FORCE
1,4,5.7,11.5,1873,NORMAL
16,3,23.1,71.28,3209,BRUTE_FORCE
0,35,38.89,126.05,4120,PORT_SCAN
0,50,25.88,121.18,5238,PORT_SCAN
20,2,15.06,54.37,4030,BRUTE_FORCE
2,29,31.37,168.37,7553,PORT_SCAN
13,2,24.12,116.78,2588,BRUTE_FORCE
11,4,8.43,109.4,4998,BRUTE_FORCE
2,51,25.59,154.08,5199,PORT_SCAN
2,4,3.55,17.03,1758,NORMAL
18,3,15.57,115.17,3583,BRUTE_FORCE
3,57,29.4,174.75,3223,PORT_SCAN
0,1,2.48,22.0,646,NORMAL
3,31,56.01,186.4,9745,PORT_SCAN
1,1,5.37,16.01,1577,NORMAL
25,3,19.77,73.13,3987,BRUTE_FORCE
8,2,8.02,75.59,1872,BRUTE_FORCE
16,4,12.64,92.98,2817,BRUTE_FORCE
30,2,10.88,116.58,4295,BRUTE_FORCE
10,2,16.2,89.49,4983,BRUTE_FORCE
23,4,8.18,108.05,4792,BRUTE_FORCE
20,3,11.68,79.74,2979,BRUTE_FORCE
1,4,2.88,27.02,2162,NORMAL
1,3,3.99,26.18,1296,NORMAL
12,4,23.29,104.3,2630,BRUTE_FORCE
2,26,27.58,122.7,4266,PORT_SCAN
1,2,4.58,24.73,651,NORMAL
0,2,3.59,8.51,1462,NORMAL
0,59,25.97,178.12,8883,PORT_SCAN
25,2,24.79,50.0,4066,BRUTE_FORCE
2,24,31.85,125.65,3475,PORT_SCAN
23,3,22.49,95.03,2197,BRUTE_FORCE
1,1,5.37,7.88,1922,NORMAL
1,3,4.11,5.71,552,NORMAL
3,26,23.64,246.56,6938,PORT_SCAN
0,59,27.43,155.19,9228,PORT_SCAN
1,42,20.71,226.35,6572,PORT_SCAN
0,3,1.91,27.78,1052,NORMAL
3,41,50.73,182.97,8006,PORT_SCAN
3,24,23.39,117.88,6940,PORT_SCAN
3,22,51.76,87.07,2980,PORT_SCAN
1,1,4.21,14.69,1259,NORMAL
3,12,26.22,232.65,6849,PORT_SCAN
0,2,2.61,5.42,607,NORMAL
0,2,2.52,16.6,2276,NORMAL
27,4,24.08,49.2,2977,BRUTE_FORCE
21,2,14.6,60.4,2852,BRUTE_FORCE
0,53,22.23,88.87,9462,PORT_SCAN
0,4,3.02,10.87,1440,NORMAL
1,3,2.25,26.4,755,NORMAL
0,56,51.32,105.75,6349,PORT_SCAN
0,3,1.88,14.36,576,NORMAL
3,23,37.85,142.78,6811,PORT_SCAN
0,3,1.72,11.39,683,NORMAL
0,2,3.12,26.32,1212,NORMAL
1,2,2.66,10.74,1125,NORMAL
25,4,15.79,85.38,4733,BRUTE_FORCE
27,3,13.69,72.65,4170,BRUTE_FORCE
0,1,1.51,12.42,1547,NORMAL
1,2,1.59,8.29,915,NORMAL
2,4,5.21,22.45,1224,NORMAL
14,1,24.99,68.7,2568,BRUTE_FORCE
2,1,2.6,24.89,1218,NORMAL
1,4,3.85,5.77,755,NORMAL
10,2,17.61,119.83,4081,BRUTE_FORCE
18,3,13.75,73.68,2068,BRUTE_FORCE
1,52,33.76,197.62,6789,PORT_SCAN
0,3,4.51,17.52,1246,NORMAL
15,2,12.52,81.62,3773,BRUTE_FORCE
1,1,1.04,5.14,715,NORMAL
1,58,57.25,133.76,8753,PORT_SCAN
2,2,1.67,12.45,1449,NORMAL
2,2,2.81,8.15,2207,NORMAL
1,35,32.3,135.29,6216,PORT_SCAN
1,53,55.91,88.28,6313,PORT_SCAN
1,3,4.49,17.5,1923,NORMAL
1,2,5.87,26.31,1797,NORMAL
3,36,32.4,227.4,6570,PORT_SCAN
1,26,41.11,183.12,4235,PORT_SCAN
22,4,23.29,84.3,4488,BRUTE_FORCE
2,1,4.36,29.71,2147,NORMAL
16,2,11.36,107.68,4438,BRUTE_FORCE
1,4,1.11,12.37,843,NORMAL
2,2,5.89,21.75,1192,NORMAL
2,10,21.58,85.85,9713,PORT_SCAN
16,3,23.7,45.46,4937,BRUTE_FORCE
1,4,5.28,8.06,1467,NORMAL
1,16,21.27,189.1,5683,PORT_SCAN
2,38,22.46,219.22,5293,PORT_SCAN
21,1,24.89,70.98,2177,BRUTE_FORCE
18,1,21.05,102.29,3285,BRUTE_FORCE
1,4,5.96,18.82,1255,NORMAL
2,23,53.66,89.94,4370,PORT_SCAN
2,53,35.48,87.8,3504,PORT_SCAN
1,2,1.62,18.94,2038,NORMAL
1,3,5.94,7.36,914,NORMAL
20,4,17.98,67.83,4963,BRUTE_FORCE
1,1,4.37,27.47,1413,NORMAL
3,48,25.7,213.71,5540,PORT_SCAN
1,41,58.59,101.46,7334,PORT_SCAN
1,28,57.67,177.1,8497,PORT_SCAN
29,3,19.8,119.0,3415,BRUTE_FORCE
2,23,23.71,173.8,6770,PORT_SCAN
11,4,21.99,110.72,1854,BRUTE_FORCE
0,2,2.89,13.65,1952,NORMAL
10,4,19.66,114.49,2884,BRUTE_FORCE
1,23,39.4,241.93,6473,PORT_SCAN
22,4,13.21,46.01,3479,BRUTE_FORCE
0,4,1.96,12.8,583,NORMAL
0,31,57.5,100.1,4430,PORT_SCAN
2,3,1.57,26.17,649,NORMAL
1,4,4.78,21.76,539,NORMAL
1,57,39.14,188.79,9265,PORT_SCAN
2,3,5.57,18.16,2294,NORMAL
3,26,34.34,196.11,5386,PORT_SCAN
2,3,4.6,5.6,2487,NORMAL
1,46,55.61,223.41,4276,PORT_SCAN
1,1,3.61,14.11,802,NORMAL
15,1,10.32,50.76,3143,BRUTE_FORCE
2,3,1.03,9.21,1507,NORMAL
3,28,53.66,229.39,3821,PORT_SCAN
0,50,36.24,185.71,7738,PORT_SCAN
1,46,45.86,141.37,3017,PORT_SCAN
2,4,1.29,5.15,1442,NORMAL
22,2,14.46,70.08,4297,BRUTE_FORCE
0,58,49.14,148.94,6479,PORT_SCAN
1,33,24.6,224.96,7387,PORT_SCAN
2,12,31.59,188.64,9487,PORT_SCAN
28,3,15.45,81.41,1995,BRUTE_FORCE
0,51,50.51,131.86,7934,PORT_SCAN
0,4,1.86,13.17,1284,NORMAL
3,22,37.95,168.62,7830,PORT_SCAN
27,2,10.83,91.04,1634,BRUTE_FORCE
2,16,37.51,176.58,7774,PORT_SCAN
15,1,8.52,48.48,4075,BRUTE_FORCE
18,2,11.88,53.64,4329,BRUTE_FORCE
0,4,1.84,14.25,837,NORMAL
30,1,15.41,117.8,4237,BRUTE_FORCE
2,2,2.1,10.36,1259,NORMAL
0,20,32.76,177.7,5645,PORT_SCAN
0,4,5.38,8.58,1168,NORMAL
1,2,5.81,21.65,1376,NORMAL
28,4,13.03,64.1,4669,BRUTE_FORCE
0,3,4.58,5.94,886,NORMAL
2,1,1.53,29.83,559,NORMAL
2,38,56.43,187.24,8567,PORT_SCAN
1,1,3.03,20.41,2365,NORMAL
0,2,3.04,24.04,1143,NORMAL
2,29,23.25,107.62,6441,PORT_SCAN
2,2,2.87,20.17,637,NORMAL
27,1,10.89,47.43,2673,BRUTE_FORCE
24,3,16.74,80.7,3493,BRUTE_FORCE
20,3,12.12,57.54,2730,BRUTE_FORCE
2,4,5.27,28.46,1806,NORMAL
22,3,20.7,57.12,4891,BRUTE_FORCE
13,2,16.91,69.03,2803,BRUTE_FORCE
1,50,58.79,173.68,2519,PORT_SCAN
26,3,22.61,116.46,2272,BRUTE_FORCE
1,4,5.82,28.06,2448,NORMAL
24,4,14.96,79.34,4408,BRUTE_FORCE
1,3,1.49,11.53,1657,NORMAL
23,3,8.84,70.43,3519,BRUTE_FORCE
22,1,8.56,84.53,4692,BRUTE_FORCE
2,2,3.09,15.21,798,NORMAL
9,4,11.86,46.92,3609,BRUTE_FORCE
2,3,3.05,18.65,1251,NORMAL
2,59,31.21,211.44,6338,PORT_SCAN
2,14,51.28,152.51,2708,PORT_SCAN
1,1,5.04,24.4,1324,NORMAL
25,2,23.05,90.81,3147,BRUTE_FORCE
0,3,2.8,21.92,1372,NORMAL
0,18,42.51,175.52,4658,PORT_SCAN
0,16,26.41,241.17,4889,PORT_SCAN
0,2,2.8,21.48,1562,NORMAL
2,1,5.06,14.45,1320,NORMAL
1,37,57.27,224.83,7307,PORT_SCAN
10,2,10.64,80.47,2142,BRUTE_FORCE
1,54,49.18,207.27,7995,PORT_SCAN
2,4,5.86,23.82,1678,NORMAL
10,2,11.52,66.74,2269,BRUTE_FORCE
20,4,8.72,62.65,1599,BRUTE_FORCE
0,4,2.78,28.68,1191,NORMAL
2,2,4.32,19.63,1490,NORMAL
17,3,16.38,45.06,3280,BRUTE_FORCE
0,40,33.39,156.19,7520,PORT_SCAN
0,57,58.59,228.95,7433,PORT_SCAN
2,3,5.01,23.18,661,NORMAL
1,16,21.05,182.33,9419,PORT_SCAN
